Agency,City,Vehicles Involved,Trailers Involved,Number Injured,Number Dead,Number Deer,House Number,Roadway Interchange,Roadway Ramp,Roadway Id,Intersecting Road,Interchange,Feet From,Direction,Latitude,Longitude,Roadway Class,Hit and Run?,Locality,School Zone?,Rumble Strips?,Construction?,Construction Type,Light Condition,Weather Conditions,Surface Condition,Type of Median,Roadway Junction Type,Road Character,Roadway Surface,Primary Factor,Manner of Collision,Unique Location Id,Traffic Control,DateTime,Address Number,Cyclist Involved,Pedestrian Involved
MONROE SD,BLOOMINGTON,1,0.0,0.0,0.0,0,,,,I-69 S,,,3000.0,N,-4.153339774640952e-05,-3.216100917309679e-05,INTERSTATE,N,URBAN,N,N,N,,DARK (NOT LIGHTED),CLOUDY,WET,,NO JUNCTION INVOLVED,STRAIGHT/LEVEL,ASPHALT,RAN OFF RD RIGHT,RAN OFF RD,COLLEGEAVEI65S,LN CONTROL,2020-01-25 03:45:00,,,
MONROE SD,BLOOMINGTON,2,0.0,0.0,0.0,0,,,,ST RD 37,S VICTOR PK,,,,39.10566,-86.55126,ST RD,N,RURAL,N,N,N,,DAYLIGHT,RAIN,WET,,FOUR-WAY INTERSECTION,STRAIGHT/LEVEL,ASPHALT,DISREGARD SIGNAL/REG SIGN,REAR END,S ST RD 37VICTORPK,TRAFFIC CONTROL SIGNAL,2020-01-25 07:54:00,,,
BLOOMINGTON PD,BLOOMINGTON,2,0.0,0.0,0.0,0,500.0,,,S MULLER PKWY,,,,,39.162810644011024,-86.56677610014503,LOCAL/CITY RD,Y,URBAN,N,N,N,,DAYLIGHT,SNOW,WET,,Y-INTERSECTION,STRAIGHT/LEVEL,ASPHALT,IMPROPER TURNING,LEFT TURN,SMULLERPKWY,STOP SIGN,2020-01-25 08:55:00,,,
MONROE SD,BLOOMINGTON,2,0.0,0.0,0.0,0,,,,S CORY LN,,,500.0,S,39.163157732528816,-86.56005149474153,COUNTY RD,N,URBAN,N,N,N,,DAYLIGHT,CLOUDY,WET,,NO JUNCTION INVOLVED,STRAIGHT/LEVEL,ASPHALT,OTHER (DRIVER) - EXPLAIN IN NARRATIVE,BACKING CRASH,3RDST613CORYLN,NO PASSING ZONE,2020-01-25 09:19:00,,,
BLOOMINGTON PD,BLOOMINGTON,2,0.0,1.0,0.0,0,,,,N COLLEGE AVE,W 6TH ST,,,,39.16757,-86.53485,LOCAL/CITY RD,N,URBAN,N,N,N,,DAYLIGHT,CLEAR,DRY,,NO JUNCTION INVOLVED,STRAIGHT/LEVEL,ASPHALT,DISREGARD SIGNAL/REG SIGN,RIGHT ANGLE,6THSTNCOLLEGEAVE,TRAFFIC CONTROL SIGNAL,2020-01-25 09:41:00,,,
MONROE SD,BLOOMINGTON,1,0.0,0.0,0.0,0,,,,E ROBINSON RD,,,1000.0,E,39.24923521530572,-86.46390756172418,COUNTY RD,N,RURAL,N,N,N,,DAYLIGHT,SNOW,WET,,NO JUNCTION INVOLVED,CURVE/GRADE,ASPHALT,RAN OFF RD RIGHT,RAN OFF RD,EASTROBINSONRDNORTHHUDOFFRD,NONE,2020-01-25 09:56:00,,,
INDIANA UNIV BLOOMINGTON PD,BLOOMINGTON,2,0.0,0.0,0.0,0,,,,ST RD 45/46,E 10TH ST,,,,39.17157196493711,-86.50216774665472,ST RD,N,URBAN,N,N,N,,DAYLIGHT,CLOUDY,WET,,FOUR-WAY INTERSECTION,STRAIGHT/LEVEL,ASPHALT,SPEED TOO FAST FOR WEATHER CONDITIONS,REAR END,ST RD 45ST RD 46,TRAFFIC CONTROL SIGNAL,2020-01-25 12:10:00,,,
BLOOMINGTON PD,BLOOMINGTON,2,0.0,0.0,0.0,0,,,,ST RD 46,S SMITH RD,,,,39.1642,-86.48122,LOCAL/CITY RD,N,URBAN,N,N,N,,DAYLIGHT,RAIN,WET,,FOUR-WAY INTERSECTION,STRAIGHT/LEVEL,ASPHALT,SPEED TOO FAST FOR WEATHER CONDITIONS,RIGHT TURN,3RDSTSMITHRD,TRAFFIC CONTROL SIGNAL,2020-01-25 13:01:00,,,
BLOOMINGTON PD,BLOOMINGTON,2,0.0,2.0,0.0,0,,,,ST RD 46,S PARK RIDGE RD,,,,39.16422,-86.47629,LOCAL/CITY RD,N,URBAN,N,N,N,,DAYLIGHT,CLOUDY,WET,,FOUR-WAY INTERSECTION,STRAIGHT/LEVEL,ASPHALT,FOLLOWING TOO CLOSELY,REAR END,E 3RDSTNPARKRIDGERD,STOP SIGN,2020-01-25 14:55:00,,,
BLOOMINGTON PD,BLOOMINGTON,2,0.0,0.0,0.0,0,,,,N KINSER PK,W BROOKDALE DR,,,,39.18311,-86.53774,LOCAL/CITY RD,N,URBAN,N,N,N,,DAYLIGHT,SNOW,WET,,T-INTERSECTION,STRAIGHT/GRADE,ASPHALT,FOLLOWING TOO CLOSELY,REAR END,BROOKDALEDRNKINSERRD,NONE,2020-01-25 15:13:00,,,
INDIANA UNIV BLOOMINGTON PD,BLOOMINGTON,2,0.0,0.0,0.0,0,,,,E 9TH ST,ALLEY,,,,39.17044015181965,-86.52853952128729,LOCAL/CITY RD,N,URBAN,N,N,N,,DAYLIGHT,CLOUDY,WET,,NO JUNCTION INVOLVED,STRAIGHT/GRADE,ASPHALT,FAILURE TO YIELD RIGHT OF WAY,RIGHT TURN,NINTHSTWALNUTST,NONE,2020-01-25 15:50:00,,,
MONROE SD,BLOOMINGTON,1,0.0,0.0,0.0,0,,,,S FAIRFAX RD,E BERNICE DR,,,,39.06837,-86.50314,COUNTY RD,N,RURAL,N,N,N,,DAYLIGHT,CLEAR,WET,,T-INTERSECTION,STRAIGHT/LEVEL,ASPHALT,RAN OFF RD RIGHT,RAN OFF RD,BERNICEDRFAIRFAXRD,NONE,2020-01-25 15:50:00,,,
BLOOMINGTON PD,BLOOMINGTON,2,0.0,0.0,0.0,0,,,,S SMITH RD,ST RD 46,,,,39.17042025780194,-86.52855171192645,LOCAL/CITY RD,Y,URBAN,N,N,N,,DARK (NOT LIGHTED),CLOUDY,WET,,FOUR-WAY INTERSECTION,STRAIGHT/GRADE,ASPHALT,FOLLOWING TOO CLOSELY,REAR END,E 3RDSTRMSSMITHRD,TRAFFIC CONTROL SIGNAL,2020-01-25 18:03:00,,,
BLOOMINGTON PD,BLOOMINGTON,2,0.0,0.0,0.0,0,,,,N COLLEGE AVE,W KIRKWOOD AVE,,,,39.06837,-86.50314,LOCAL/CITY RD,N,URBAN,N,N,N,,DAYLIGHT,CLEAR,DRY,,T-INTERSECTION,STRAIGHT/GRADE,ASPHALT,DISREGARD SIGNAL/REG SIGN,RIGHT ANGLE,COLLEGEAVEKIRKWOODAVE,TRAFFIC CONTROL SIGNAL,2020-01-26 09:40:00,,,
BLOOMINGTON PD,BLOOMINGTON,3,0.0,1.0,0.0,0,301.0,,,E BRAESIDE DR,,,,,39.16416267072911,-86.48126449259918,LOCAL/CITY RD,N,URBAN,N,N,N,,DAYLIGHT,CLEAR,DRY,,NO JUNCTION INVOLVED,STRAIGHT/LEVEL,ASPHALT,FAILURE TO YIELD RIGHT OF WAY,BACKING CRASH,NPETEELLISDR,NONE,2020-01-26 14:10:00,,,
BLOOMINGTON PD,BLOOMINGTON,2,0.0,0.0,0.0,0,,,,S LEONARD SPRINGS RD,W TAPP RD,,,,39.16658761787392,-86.53488641751085,LOCAL/CITY RD,N,URBAN,N,N,N,,DAYLIGHT,CLEAR,DRY,,T-INTERSECTION,STRAIGHT/GRADE,ASPHALT,FAILURE TO YIELD RIGHT OF WAY,RIGHT ANGLE,SLEONARDSPRINGSRDWTAPPRD,STOP SIGN,2020-01-26 14:27:00,,,
BLOOMINGTON PD,BLOOMINGTON,2,0.0,0.0,0.0,0,,,,N WALNUT ST,E 9TH ST,,,,39.169448,-86.495896,LOCAL/CITY RD,N,URBAN,N,N,N,,DAYLIGHT,CLEAR,DRY,,FOUR-WAY INTERSECTION,STRAIGHT/LEVEL,ASPHALT,UNSAFE LN MOVEMENT,SAME DIRECTION SIDESWIPE,E9THSTNWALNUTST,NONE,2020-01-26 16:36:00,,,
BLOOMINGTON PD,BLOOMINGTON,2,0.0,0.0,0.0,0,,,,N COLLEGE AVE,W 10TH ST,,,,39.13682,-86.58261,LOCAL/CITY RD,N,URBAN,N,N,N,,DAYLIGHT,CLEAR,DRY,,FOUR-WAY INTERSECTION,STRAIGHT/GRADE,ASPHALT,IMPROPER TURNING,LEFT TURN,NCOLLEGEAVEW10THST,TRAFFIC CONTROL SIGNAL,2020-01-26 16:50:00,,,
MONROE SD,BLOOMINGTON,1,0.0,0.0,0.0,0,,,,S WALNUT ST,,,600.0,N,39.170422401623426,-86.53359939989498,COUNTY RD,N,RURAL,N,N,N,,DARK (NOT LIGHTED),CLEAR,DRY,,NO JUNCTION INVOLVED,STRAIGHT/GRADE,ASPHALT,RAN OFF RD RIGHT,RAN OFF RD,SOLDSTATERD37HWYSROGERSST,NONE,2020-01-26 22:23:00,,,
MONROE SD,BLOOMINGTON,2,0.0,0.0,0.0,0,,,,N ST RD 37,W BAYLES RD,,,,39.17164243489434,-86.53484055035517,LOCAL/CITY RD,N,RURAL,N,N,N,,DAYLIGHT,CLEAR,DRY,,NO JUNCTION INVOLVED,STRAIGHT/LEVEL,ASPHALT,FAILURE TO YIELD RIGHT OF WAY,RIGHT ANGLE,NBUSINESS37RDWBAYLESRD,STOP SIGN,2020-01-27 08:43:00,,,
INDIANA UNIV BLOOMINGTON PD,BLOOMINGTON,2,0.0,0.0,0.0,0,,,,E 17TH ST,ST RD 45/46,,100.0,W,39.162637725205016,-86.53791340979684,LOCAL/CITY RD,N,URBAN,N,N,N,,DAYLIGHT,CLOUDY,DRY,,NO JUNCTION INVOLVED,STRAIGHT/LEVEL,ASPHALT,UNSAFE BACKING,BACKING CRASH,17THSTST RD 46BYP,NONE,2020-01-27 09:46:00,,,
BLOOMINGTON PD,BLOOMINGTON,2,0.0,0.0,0.0,0,,,,N INDIANA AVE,E 13TH ST,,,,39.21542429495829,-86.53702543456971,LOCAL/CITY RD,N,URBAN,N,N,N,,DAYLIGHT,CLOUDY,DRY,,FOUR-WAY INTERSECTION,STRAIGHT/LEVEL,ASPHALT,FAILURE TO YIELD RIGHT OF WAY,OPPOSITE DIRECTION SIDESWIPE,13THSTINDIANAAVE,NONE,2020-01-27 16:00:00,,,
INDIANA UNIV BLOOMINGTON PD,BLOOMINGTON,2,0.0,0.0,0.0,0,,,,S WOODLAWN AVE,E 3RD ST,,,,39.17968209063259,-86.50728745533746,LOCAL/CITY RD,N,URBAN,N,N,N,,DARK (LIGHTED),CLOUDY,DRY,,T-INTERSECTION,STRAIGHT/LEVEL,ASPHALT,IMPROPER PASSING,REAR END,3RDSTWOODLAWNAVE,TRAFFIC CONTROL SIGNAL,2020-01-27 18:50:00,,,
BLOOMINGTON PD,BLOOMINGTON,1,0.0,0.0,0.0,1,,,,ST RD 45/46,N MONROE ST,,200.0,W,39.17523,-86.527,LOCAL/CITY RD,N,URBAN,N,N,N,,DARK (LIGHTED),CLEAR,DRY,,NO JUNCTION INVOLVED,STRAIGHT/LEVEL,ASPHALT,ANIMAL/OBJECT IN RDWAY,COLLISION WITH DEER,ESTRD46RDNMONROEST,NONE,2020-01-27 19:55:00,,,
BLOOMINGTON PD,BLOOMINGTON,2,0.0,1.0,0.0,0,,,,E COVENANTER DR,S AUTO MALL RD,,,,39.16425,-86.52261,LOCAL/CITY RD,N,URBAN,N,N,N,,DARK (LIGHTED),CLEAR,DRY,,FOUR-WAY INTERSECTION,STRAIGHT/LEVEL,ASPHALT,DISREGARD SIGNAL/REG SIGN,RIGHT ANGLE,ECOVENANTERDRSAUTOMALLRD,STOP SIGN,2020-01-27 20:52:00,,,
BLOOMINGTON PD,BLOOMINGTON,2,0.0,0.0,0.0,0,,,,W 3RD ST,I-69 N,,,,39.18678648541934,-86.54668281277262,LOCAL/CITY RD,N,URBAN,Y,N,N,,DAYLIGHT,CLOUDY,DRY,,RAMP,STRAIGHT/GRADE,ASPHALT,OTHER (DRIVER) - EXPLAIN IN NARRATIVE,REAR END,3RDSTI-69RAMP,LN CONTROL,2020-01-28 07:24:00,,,
BLOOMINGTON PD,BLOOMINGTON,2,1.0,0.0,0.0,0,,,,N CRESCENT RD,W 17TH ST,,1000.0,S,39.15503,-86.49611,LOCAL/CITY RD,N,URBAN,N,N,N,,DAWN/DUSK,CLOUDY,DRY,,NO JUNCTION INVOLVED,STRAIGHT/LEVEL,ASPHALT,FAILURE TO YIELD RIGHT OF WAY,OPPOSITE DIRECTION SIDESWIPE,17THSTCRESENTRD,LN CONTROL,2020-01-28 07:33:00,,,
BLOOMINGTON PD,BLOOMINGTON,2,0.0,0.0,0.0,0,,,,S PATTERSON DR,W 3RD ST (S),,,,39.16453,-86.57303,LOCAL/CITY RD,N,URBAN,Y,N,N,,DAYLIGHT,CLOUDY,DRY,,FOUR-WAY INTERSECTION,STRAIGHT/LEVEL,ASPHALT,FAILURE TO YIELD RIGHT OF WAY,RIGHT ANGLE,3RDSTPATTERSONDR,STOP SIGN,2020-01-28 10:58:00,,,
BLOOMINGTON PD,BLOOMINGTON,2,0.0,0.0,0.0,0,,,,S PETE LLIS DR,E LONGVIEW AVE,,,,39.17915,-86.55661,LOCAL/CITY RD,N,URBAN,N,N,N,,DAYLIGHT,CLOUDY,DRY,,FOUR-WAY INTERSECTION,STRAIGHT/LEVEL,ASPHALT,FAILURE TO YIELD RIGHT OF WAY,RIGHT ANGLE,ELONGVIEWAVESPETEELLISDR,STOP SIGN,2020-01-28 13:41:00,,,
BLOOMINGTON PD,BLOOMINGTON,1,0.0,0.0,0.0,0,301.0,,,W PATTERSON ST,S MORTON ST,,,,39.1644,-86.55196,UNKNOWN,N,URBAN,N,N,N,,DARK (LIGHTED),CLEAR,DRY,,NO JUNCTION INVOLVED,STRAIGHT/GRADE,ASPHALT,PEDESTRIAN ACTION,OTHER - EXPLAIN IN NARRATIVE,WPATTERSONDR,NONE,2020-01-28 22:30:00,,,True
BLOOMINGTON PD,BLOOMINGTON,2,0.0,0.0,0.0,0,,,,W 3RD ST,S WESTPLEX AVE,,50.0,E,39.16691,-86.49491,LOCAL/CITY RD,N,URBAN,N,N,N,,DAWN/DUSK,CLOUDY,DRY,,NO JUNCTION INVOLVED,STRAIGHT/LEVEL,ASPHALT,OTHER (DRIVER) - EXPLAIN IN NARRATIVE,REAR END,3RDSTWESTPLEXAVE,LN CONTROL,2020-01-29 07:34:00,,,
ISP BLOOMINGTON 33,BLOOMINGTON,1,,0.0,0.0,0,,Y,123C,I-69 N,N ST RD 37,,0.0,S,39.15927,-86.5363,INTERSTATE,,RURAL,N,N,N,,DAYLIGHT,CLOUDY,WET,,RAMP,,ASPHALT,SPEED TOO FAST FOR WEATHER CONDITIONS,,I-69 NBOTTOMRD,,2020-01-29 11:05:00,,,
INDIANA UNIV BLOOMINGTON PD,BLOOMINGTON,2,0.0,0.0,0.0,0,,,,E 13TH ST,N WOODLAWN AVE,,,,39.164381540696894,-86.55390284273709,LOCAL/CITY RD,N,URBAN,N,N,N,,DAYLIGHT,CLEAR,DRY,,NO JUNCTION INVOLVED,STRAIGHT/LEVEL,ASPHALT,FAILURE TO YIELD RIGHT OF WAY,RIGHT ANGLE,THIRTEENTHSTWOODLAWNAVE,STOP SIGN,2020-01-29 11:30:00,,,
MONROE SD,ELLETTSVILLE,1,0.0,2.0,0.0,0,,,,W REEVES RD,,,1000.0,W,39.238378266950825,-86.53814221276058,LOCAL/CITY RD,N,RURAL,N,N,N,,DAYLIGHT,CLEAR,DRY,,NO JUNCTION INVOLVED,STRAIGHT/HILLCREST,ASPHALT,RAN OFF RD RIGHT,RAN OFF RD,NSTARNESRDWREEVESRD,NONE,2020-01-29 14:10:00,,,
INDIANA UNIV BLOOMINGTON PD,BLOOMINGTON,2,0.0,0.0,0.0,0,,,,S SWAIN AVE,E 3RD ST,,,,39.17513981953647,-86.52356754143051,LOCAL/CITY RD,N,URBAN,N,N,N,,DAYLIGHT,CLOUDY,DRY,,T-INTERSECTION,STRAIGHT/GRADE,ASPHALT,UNSAFE LN MOVEMENT,LEFT TURN,SWAINAVE 3RDST,LN CONTROL,2020-01-29 14:55:00,,,
BLOOMINGTON PD,BLOOMINGTON,2,0.0,0.0,0.0,0,,,,S HENDERSON ST,E HILLSIDE DR,,,,39.23153520561283,-86.65881502218164,LOCAL/CITY RD,N,URBAN,N,N,N,,DARK (LIGHTED),CLEAR,DRY,,FOUR-WAY INTERSECTION,STRAIGHT/HILLCREST,ASPHALT,IMPROPER TURNING,SAME DIRECTION SIDESWIPE,EHILLSIDEDRSHENDERSONST,TRAFFIC CONTROL SIGNAL,2020-01-29 18:25:00,,,
ELLETTSVILLE PD,ELLETTSVILLE,2,0.0,0.0,0.0,0,,,,N SMITH PK,ENTRANCE TO SMITH PK CROSSING,,100.0,S,39.16425,-86.51526,LOCAL/CITY RD,N,URBAN,N,N,N,,DAYLIGHT,CLEAR,DRY,,NO JUNCTION INVOLVED,STRAIGHT/LEVEL,ASPHALT,FAILURE TO YIELD RIGHT OF WAY,RIGHT ANGLE,SMITHPKST RD 46,NONE,2020-01-30 11:38:00,,,
BLOOMINGTON PD,BLOOMINGTON,3,0.0,0.0,0.0,0,,,,ST RD 46,S COLLEGE MALL RD,,300.0,E,39.15056,-86.52692,LOCAL/CITY RD,N,URBAN,N,N,N,,DAYLIGHT,CLEAR,DRY,,NO JUNCTION INVOLVED,STRAIGHT/LEVEL,ASPHALT,FOLLOWING TOO CLOSELY,REAR END,3RDSTCOLLEGEMALLRD,NONE,2020-01-30 12:16:00,,,
BLOOMINGTON PD,BLOOMINGTON,2,0.0,1.0,0.0,0,2700.0,,,N WALNUT ST,ENTRANCE TO SPEEDWAY GAS STATION,,1000.0,S,39.16625,-86.48128,LOCAL/CITY RD,N,URBAN,N,N,N,,DAYLIGHT,CLEAR,DRY,,NO JUNCTION INVOLVED,CURVE/LEVEL,ASPHALT,FAILURE TO YIELD RIGHT OF WAY,LEFT TURN,BLUERIDGEDRWALNUTST,NONE,2020-01-30 13:06:00,,,
INDIANA UNIV BLOOMINGTON PD,BLOOMINGTON,1,0.0,0.0,0.0,1,,,,ST RD 45/46,E 17TH ST,,,,39.164182333300325,-86.49830562081907,ST RD,N,URBAN,N,N,N,,DAYLIGHT,CLEAR,DRY,,NO JUNCTION INVOLVED,STRAIGHT/LEVEL,ASPHALT,ANIMAL/OBJECT IN RDWAY,COLLISION WITH DEER,EAST17THSTST RD 46,NONE,2020-01-30 17:45:00,,,
INDIANA UNIV BLOOMINGTON PD,BLOOMINGTON,2,0.0,0.0,0.0,0,,,,N WALNUT GROVE ST,E 17TH ST,,,,39.19400494861871,-86.53305346625984,LOCAL/CITY RD,N,URBAN,N,N,N,,DARK (LIGHTED),CLEAR,DRY,,NO JUNCTION INVOLVED,STRAIGHT/LEVEL,ASPHALT,FOLLOWING TOO CLOSELY,REAR END,EAST17THSTWALNUTGROVEST,NONE,2020-01-30 18:00:00,,,
MONROE SD,BLOOMINGTON,1,0.0,0.0,0.0,0,,,,W BURMA RD,E CHAMBERS PK,,,,39.17971,-86.50727,COUNTY RD,N,RURAL,N,N,N,,DARK (NOT LIGHTED),CLEAR,DRY,,NO JUNCTION INVOLVED,CURVE/GRADE,ASPHALT,UNSAFE SPEED,RAN OFF RD,BURMARDSIMPSONCHAPELRD,NONE,2020-01-30 19:43:00,,,
ELLETTSVILLE PD,ELLETTSVILLE,1,0.0,0.0,0.0,0,,,,W REEVES RD,,,1700.0,W,39.179005432635606,-86.52113265861622,LOCAL/CITY RD,Y,RURAL,N,N,N,,DARK (NOT LIGHTED),CLEAR,DRY,,NO JUNCTION INVOLVED,STRAIGHT/LEVEL,ASPHALT,RAN OFF RD RIGHT,RAN OFF RD,NLOUDENRDWREEVESRAMP,LN CONTROL,2020-01-31 00:12:00,,,
MONROE SD,ELLETTSVILLE,1,0.0,0.0,0.0,1,,,,N HARTSTRAIT RD,,,1500.0,N,39.30403026237085,-86.51691064272902,LOCAL/CITY RD,N,RURAL,N,N,N,,DARK (NOT LIGHTED),SNOW,SNOW/SLUSH,,NO JUNCTION INVOLVED,STRAIGHT/GRADE,ASPHALT,ANIMAL/OBJECT IN RDWAY,COLLISION WITH DEER,NHARTSTRAITRDWRATLIFFRD,NONE,2020-01-31 06:41:00,,,
BLOOMINGTON PD,BLOOMINGTON,1,0.0,1.0,0.0,0,,,,N MAPLE GROVE RD,,,2851.0,N,39.231335730171025,-86.64010926367125,LOCAL/CITY RD,N,RURAL,N,N,N,,DAWN/DUSK,SNOW,WET,,NO JUNCTION INVOLVED,CURVE/GRADE,ASPHALT,RAN OFF RD RIGHT,RAN OFF RD,GLENELLENRDNMAPLEGROVERD,NONE,2020-01-31 07:59:00,,,
BLOOMINGTON PD,BLOOMINGTON,1,0.0,1.0,0.0,0,2400.0,,,S HENDERSON ST,E GRAHAM DR,,,,39.3679069,-86.61138,LOCAL/CITY RD,Y,URBAN,N,N,N,,DARK (NOT LIGHTED),SNOW,WET,,NO JUNCTION INVOLVED,STRAIGHT/LEVEL,ASPHALT,PEDESTRIAN ACTION,SAME DIRECTION SIDESWIPE,2400BLOCKOFSHENDERSONSTGRAHAMDR,LN CONTROL,2020-01-31 08:13:00,,,True
BLOOMINGTON PD,BLOOMINGTON,3,0.0,0.0,0.0,0,,,,E HILLSIDE DR,S NANCY ST,,150.0,W,39.224496,-86.570272,LOCAL/CITY RD,N,URBAN,N,N,N,,DAYLIGHT,SNOW,WET,,NO JUNCTION INVOLVED,STRAIGHT/HILLCREST,ASPHALT,SPEED TOO FAST FOR WEATHER CONDITIONS,REAR END,HILLSIDEDRNANCYST,NONE,2020-01-31 09:45:00,,,
MONROE SD,BLOOMINGTON,1,0.0,1.0,0.0,0,,,,N LAKEVIEW DR,,,150.0,N,39.13940009516385,-86.52695871866473,LOCAL/CITY RD,N,RURAL,N,N,N,,DAYLIGHT,RAIN,WET,,NO JUNCTION INVOLVED,CURVE/LEVEL,ASPHALT,RAN OFF RD RIGHT,RAN OFF RD,ESOUTHSHOREDRNLAKEVIEWDR,NONE,2020-01-31 11:37:00,,,
MONROE SD,BLOOMINGTON,1,0.0,0.0,0.0,0,,,,N HARTSTRAIT RD,W HARBISON RD,,,,39.15051,-86.51106,LOCAL/CITY RD,N,URBAN,N,N,N,,DAYLIGHT,CLOUDY,WET,,T-INTERSECTION,CURVE/LEVEL,ASPHALT,RAN OFF RD RIGHT,RAN OFF RD,HARBISONRDNHARTSTRAITRD,NONE,2020-01-31 13:27:00,,,
BLOOMINGTON PD,BLOOMINGTON,2,0.0,0.0,0.0,0,,,,N BLAIR AVE,W 12TH ST,,,,0.0,0.0,LOCAL/CITY RD,N,URBAN,Y,N,N,,DAYLIGHT,CLEAR,DRY,,T-INTERSECTION,STRAIGHT/LEVEL,ASPHALT,DISREGARD SIGNAL/REG SIGN,COLLISION WITH ANIMAL OTHER,NBLAIRAVEW12THCT,STOP SIGN,2020-01-31 17:05:00,,,
MONROE SD,BLOOMINGTON,2,0.0,0.0,0.0,0,,,,ST RD 46,N CURRY PK,,,,39.22089,-86.6121,ST RD,N,RURAL,N,Y,N,,DARK (NOT LIGHTED),CLOUDY,WET,,FOUR-WAY INTERSECTION,STRAIGHT/GRADE,ASPHALT,DRIVER ASLEEP OR FATIGUED,REAR END,NCURRYPKST RD 46 W,TRAFFIC CONTROL SIGNAL,2020-01-31 18:50:00,,,
MONROE SD,BLOOMINGTON,1,0.0,0.0,0.0,0,3417.0,,,S CONSTANCE AVE,,,,,39.174134062203485,-86.54385317725033,LOCAL/CITY RD,Y,URBAN,N,N,N,,DARK (NOT LIGHTED),CLOUDY,WET,,NO JUNCTION INVOLVED,NON-RDWAY CRASH,ASPHALT,OTHER (DRIVER) - EXPLAIN IN NARRATIVE,OTHER - EXPLAIN IN NARRATIVE,SCONSTANCEAVE,NONE,2020-01-31 19:47:00,,,
MONROE SD,BLOOMINGTON,2,0.0,0.0,0.0,0,,,,N ST RD 37,W BAYLES RD,,1000.0,N,39.19365219155773,-86.57142079221072,LOCAL/CITY RD,Y,RURAL,N,N,N,,DARK (NOT LIGHTED),CLEAR,DRY,,NO JUNCTION INVOLVED,STRAIGHT/LEVEL,ASPHALT,OTHER (DRIVER) - EXPLAIN IN NARRATIVE,REAR END,BAYLESRDBUSINESS37RD,NONE,2020-01-31 23:17:00,,,
BLOOMINGTON PD,BLOOMINGTON,1,0.0,0.0,0.0,1,,,,N WALNUT ST,,,450.0,N,39.13199328967466,-86.49515091495172,LOCAL/CITY RD,N,URBAN,N,Y,N,,DARK (NOT LIGHTED),CLEAR,DRY,,NO JUNCTION INVOLVED,STRAIGHT/LEVEL,ASPHALT,ANIMAL/OBJECT IN RDWAY,COLLISION WITH DEER,BLUERIDGERDNWALNUTST,NONE,2020-02-01 05:54:00,,,
INDIANA UNIV BLOOMINGTON PD,BLOOMINGTON,2,0.0,0.0,0.0,0,,,,N EAGLESON AVE,E 17TH ST,,50.0,S,39.215416332404374,-86.53702813280991,LOCAL/CITY RD,N,URBAN,N,N,N,,DAYLIGHT,CLOUDY,DRY,,NO JUNCTION INVOLVED,STRAIGHT/LEVEL,ASPHALT,FOLLOWING TOO CLOSELY,REAR END,17THSTEAGLESON AVEAVE,NONE,2020-02-01 13:29:00,,,
BLOOMINGTON PD,BLOOMINGTON,2,0.0,1.0,0.0,0,,,,N MONROE ST,W 12TH ST,,,,39.196828700231165,-86.53444794150766,LOCAL/CITY RD,N,URBAN,N,N,N,,DAYLIGHT,CLOUDY,DRY,,FOUR-WAY INTERSECTION,STRAIGHT/LEVEL,ASPHALT,FAILURE TO YIELD RIGHT OF WAY,OTHER - EXPLAIN IN NARRATIVE,12THSTMONROEST,STOP SIGN,2020-02-01 14:05:00,,,
BLOOMINGTON PD,BLOOMINGTON,1,0.0,0.0,0.0,0,,,,E ATWATER AVE,S FESS AVE,,,,39.178802908113816,-86.512470658038,LOCAL/CITY RD,N,URBAN,N,N,N,,DAYLIGHT,CLOUDY,DRY,,NO JUNCTION INVOLVED,STRAIGHT/LEVEL,ASPHALT,RAN OFF RD RIGHT,RAN OFF RD,EATWATERAVESFESSAVE,LN CONTROL,2020-02-01 14:44:00,,,
BLOOMINGTON PD,BLOOMINGTON,2,0.0,0.0,0.0,0,,,,W 3RD ST (N),S PATTERSON ST,,,,39.17415,-86.54714,LOCAL/CITY RD,Y,URBAN,N,N,N,,DARK (LIGHTED),CLEAR,DRY,,FOUR-WAY INTERSECTION,STRAIGHT/GRADE,ASPHALT,UNSAFE LN MOVEMENT,REAR END,PATTERSONSTW 3RDST,TRAFFIC CONTROL SIGNAL,2020-02-01 20:20:00,,,
BLOOMINGTON PD,BLOOMINGTON,1,0.0,0.0,0.0,0,,,,N WASHINGTON ST,ALLEY,,,,39.16311045358062,-86.52591328204605,LOCAL/CITY RD,N,URBAN,N,N,N,,DARK (LIGHTED),CLEAR,DRY,,FOUR-WAY INTERSECTION,STRAIGHT/LEVEL,ASPHALT,IMPROPER TURNING,OTHER - EXPLAIN IN NARRATIVE,KIRKWOODAVEWASHINGTONST,NONE,2020-02-02 00:08:00,,,
INDIANA UNIV BLOOMINGTON PD,BLOOMINGTON,2,0.0,0.0,0.0,0,,,,E 3RD ST,S ROSE AVE,,,,39.16438439585199,-86.55200560179549,LOCAL/CITY RD,N,URBAN,N,N,N,,DARK (LIGHTED),CLEAR,DRY,,FOUR-WAY INTERSECTION,STRAIGHT/LEVEL,ASPHALT,DRIVER DISTRACTED - EXPLAIN IN NARRATIVE,REAR END,ROSEAVE 3RDST,NONE,2020-02-02 00:27:00,,,
BLOOMINGTON PD,BLOOMINGTON,2,0.0,0.0,0.0,0,,,,W 3RD ST,S KIMBLE DR,,75.0,E,39.15556160782793,-86.5324947311785,LOCAL/CITY RD,N,URBAN,N,N,N,,DAYLIGHT,CLEAR,DRY,,NO JUNCTION INVOLVED,STRAIGHT/LEVEL,ASPHALT,FOLLOWING TOO CLOSELY,REAR END,SKIMBLEDRW 3RDST,LN CONTROL,2020-02-02 09:09:00,,,