Agency,City,Vehicles Involved,Trailers Involved,Number Injured,Number Dead,Number Deer,House Number,Roadway Interchange,Roadway Ramp,Roadway Id,Intersecting Road,Interchange,Feet From,Direction,Latitude,Longitude,Roadway Class,Hit and Run?,Locality,School Zone?,Rumble Strips?,Construction?,Construction Type,Light Condition,Weather Conditions,Surface Condition,Type of Median,Roadway Junction Type,Road Character,Roadway Surface,Primary Factor,Manner of Collision,Unique Location Id,Traffic Control,DateTime,Address Number,Cyclist Involved,Pedestrian Involved
MONROE SD,BLOOMINGTON,1,0.0,0.0,0.0,0,,,,S LEONARD SPRINGS RD,,,,,39.164249705100424,-86.51096610132346,ST RD,N,RURAL,N,N,N,,DAYLIGHT,CLEAR,DRY,,T-INTERSECTION,CURVE/HILLCREST,ASPHALT,IMPROPER TURNING,RAN OFF RD,SCAVERDST RD 48W,NONE,2020-02-02 09:18:00,,,
MONROE SD,BLOOMINGTON,1,0.0,0.0,0.0,0,,,,S DERBY DR,S CARBERRY CT,,60.0,S,39.16453,-86.56798,COUNTY RD,N,URBAN,N,N,N,,DARK (NOT LIGHTED),CLEAR,DRY,,T-INTERSECTION,CURVE/LEVEL,ASPHALT,RAN OFF RD RIGHT,RAN OFF RD,CALLOWAYSTDERBYDR,NONE,2020-02-02 10:55:00,,,
BLOOMINGTON PD,BLOOMINGTON,2,0.0,0.0,0.0,0,,,,W 3RD ST,S FRANKLIN RD,,,,0.0,0.0,LOCAL/CITY RD,N,URBAN,N,N,N,,DAYLIGHT,CLEAR,DRY,,FOUR-WAY INTERSECTION,STRAIGHT/GRADE,ASPHALT,BRAKE FAILURE OR DEFECTIVE,REAR END,FRANKLINRD3RDST,TRAFFIC CONTROL SIGNAL,2020-02-02 11:25:00,,,
BLOOMINGTON PD,BLOOMINGTON,1,0.0,1.0,0.0,0,,,,S ADAMS ST,S PATTERSON DR,,250.0,E,39.11529,-86.52054,LOCAL/CITY RD,N,URBAN,N,N,N,,DAYLIGHT,CLEAR,DRY,,T-INTERSECTION,CURVE/GRADE,ASPHALT,IMPROPER TURNING,LEFT TURN,SADAMSSTSPATTERSONDR,NONE,2020-02-02 14:50:00,,True,
INDIANA UNIV BLOOMINGTON PD,BLOOMINGTON,2,0.0,0.0,0.0,0,,,,E LAW LN,N FEE LN,,,,39.16456,-86.57018,LOCAL/CITY RD,Y,URBAN,N,N,N,,DAWN/DUSK,CLEAR,DRY,,TRAFFIC CIRCLE/ROUNDABOUT,STRAIGHT/LEVEL,ASPHALT,IMPROPER PASSING,SAME DIRECTION SIDESWIPE,FEELNLAWLN,STOP SIGN,2020-02-03 18:52:00,,,
BLOOMINGTON PD,BLOOMINGTON,1,0.0,0.0,0.0,0,,,,W BLOOMFIELD RD,S BASSWOOD DR,,,,39.16267682596073,-86.55051193017916,LOCAL/CITY RD,Y,URBAN,N,N,N,,DARK (LIGHTED),CLEAR,DRY,,FOUR-WAY INTERSECTION,STRAIGHT/GRADE,ASPHALT,OVERCORRECTING/OVERSTEERING,RAN OFF RD,BLOOMFIELDRDSBASSWOODDR,TRAFFIC CONTROL SIGNAL,2020-02-04 01:20:00,,,
MONROE SD,BLOOMINGTON,1,0.0,0.0,0.0,0,1999.0,,,N PACKING HOUSE RD,,,,,39.1739278318012,-86.51891009994466,UNKNOWN,Y,URBAN,N,N,N,,UNKNOWN,CLOUDY,WET,,NO JUNCTION INVOLVED,STRAIGHT/GRADE,OTHER - EXPLAIN IN NARRATIVE,OTHER (DRIVER) - EXPLAIN IN NARRATIVE,OTHER - EXPLAIN IN NARRATIVE,NPACKINGHOUSERD,NONE,2020-02-04 08:00:00,,,
INDIANA UNIV BLOOMINGTON PD,BLOOMINGTON,2,0.0,0.0,0.0,0,,,,S HAWTHORNE DR,E ATWATER AVE,,,,39.14977,-86.56889,LOCAL/CITY RD,N,URBAN,N,N,N,,DAYLIGHT,CLEAR,DRY,,FOUR-WAY INTERSECTION,STRAIGHT/LEVEL,ASPHALT,FAILURE TO YIELD RIGHT OF WAY,RIGHT ANGLE,ATWATERAVEHAWTHORNELN,NONE,2020-02-04 09:23:00,,,
MONROE SD,BLOOMINGTON,2,0.0,0.0,0.0,0,,,,ST RD 45,S STANFORD,,,,39.18427166,-86.56143712,ST RD,N,RURAL,N,N,N,,DAYLIGHT,RAIN,WET,,FIVE POINT OR MORE,STRAIGHT/GRADE,ASPHALT,FAILURE TO YIELD RIGHT OF WAY,HEAD ON BETWEEN TWO MOTOR VEHICLES,SSTANFORDRDST RD 45 W,STOP SIGN,2020-02-04 11:36:00,,,
BLOOMINGTON PD,BLOOMINGTON,2,0.0,0.0,0.0,0,,,,S WALNUT ST,E 3RD ST,,,,39.16306606771737,-86.52024731103438,LOCAL/CITY RD,N,URBAN,N,Y,N,,DAYLIGHT,CLOUDY,WET,,FOUR-WAY INTERSECTION,STRAIGHT/LEVEL,ASPHALT,DISREGARD SIGNAL/REG SIGN,RIGHT ANGLE,3RDSTWALNUTST,TRAFFIC CONTROL SIGNAL,2020-02-04 13:18:00,,,
INDIANA UNIV BLOOMINGTON PD,BLOOMINGTON,2,0.0,0.0,0.0,0,,,,E 3RD ST,S INDIANA AVE,,,,39.08979,-86.66642,LOCAL/CITY RD,N,URBAN,N,N,N,,DAYLIGHT,RAIN,WET,,FOUR-WAY INTERSECTION,STRAIGHT/LEVEL,ASPHALT,FOLLOWING TOO CLOSELY,REAR END,HENDERSONST3RDST,TRAFFIC CONTROL SIGNAL,2020-02-04 14:50:00,,,
MONROE SD,BLOOMINGTON,1,0.0,0.0,0.0,0,,,,W REEVES RD,,,1250.0,W,39.16458928750999,-86.53363160173149,COUNTY RD,N,RURAL,N,N,N,,DAYLIGHT,RAIN,WET,,NO JUNCTION INVOLVED,CURVE/GRADE,ASPHALT,SPEED TOO FAST FOR WEATHER CONDITIONS,RAN OFF RD,GILMORERDREEVESRD,NONE,2020-02-04 15:00:00,,,
BLOOMINGTON PD,BLOOMINGTON,2,0.0,0.0,0.0,0,,,,ST RD 48,S HICKORY DR,,,,39.1643,-86.52691,LOCAL/CITY RD,N,URBAN,N,N,N,,DAYLIGHT,RAIN,WET,,T-INTERSECTION,STRAIGHT/LEVEL,CONCRETE,FAILURE TO YIELD RIGHT OF WAY,LEFT TURN,SHICKORYDRW 3RDST,STOP SIGN,2020-02-04 16:43:00,,,
BLOOMINGTON PD,BLOOMINGTON,2,0.0,0.0,0.0,0,,,,W KIRKWOOD AVE,N ROGERS ST,,100.0,W,39.234016866456635,-86.67444249107844,LOCAL/CITY RD,N,URBAN,N,N,N,,DAWN/DUSK,RAIN,WET,,NO JUNCTION INVOLVED,STRAIGHT/LEVEL,ASPHALT,FAILURE TO YIELD RIGHT OF WAY,LEFT TURN,NROGERSSTWKIRKWOODAVE,NONE,2020-02-04 17:22:00,,,
INDIANA UNIV BLOOMINGTON PD,BLOOMINGTON,3,0.0,1.0,0.0,0,,,,E 3RD ST,S HIGHLAND AVE,,,,39.16468,-86.58587,LOCAL/CITY RD,Y,URBAN,N,N,N,,DAWN/DUSK,CLEAR,WET,,T-INTERSECTION,STRAIGHT/LEVEL,ASPHALT,,REAR END,HIGHLANDAVE 3RDST,NONE,2020-02-04 18:15:00,,,
BLOOMINGTON PD,BLOOMINGTON,2,0.0,0.0,0.0,0,,,,S COLLEGE MALL RD,E COVENANTER DR,,,,39.1665803615131,-86.53873030169625,LOCAL/CITY RD,N,URBAN,N,N,N,,DARK (LIGHTED),RAIN,WET,,NO JUNCTION INVOLVED,STRAIGHT/LEVEL,ASPHALT,FAILURE TO YIELD RIGHT OF WAY,LEFT TURN,ECOVENANTERDRSCOLLEGEMALLRD,TRAFFIC CONTROL SIGNAL,2020-02-04 18:56:00,,,
BLOOMINGTON PD,BLOOMINGTON,2,0.0,0.0,0.0,0,,,,S COLLEGE MALL RD,E COVENANTER DR,,,,39.16423146418853,-86.51774313897913,LOCAL/CITY RD,N,URBAN,N,N,N,,DARK (LIGHTED),RAIN,WET,,FOUR-WAY INTERSECTION,STRAIGHT/LEVEL,ASPHALT,FAILURE TO YIELD RIGHT OF WAY,LEFT TURN,EASTCOVENANTERDRSOUTHCOLLEGEMALL,TRAFFIC CONTROL SIGNAL,2020-02-04 19:24:00,,,
MONROE SD,BLOOMINGTON,2,0.0,0.0,0.0,0,,,,W TAPP RD,I-69,,,,39.15513565303209,-86.49773552447311,LOCAL/CITY RD,N,RURAL,N,N,N,,DARK (LIGHTED),RAIN,WET,,TRAFFIC CIRCLE/ROUNDABOUT,STRAIGHT/LEVEL,ASPHALT,FAILURE TO YIELD RIGHT OF WAY,RIGHT ANGLE,I-69SWTAPPRD,ROUNDABOUT INTERSECTION,2020-02-04 20:39:00,,,
MONROE SD,BLOOMINGTON,1,0.0,0.0,0.0,0,9687.0,,,ST RD 48,,,,,39.15516333697362,-86.49776854151034,ST RD,N,RURAL,N,N,N,,DARK (NOT LIGHTED),SLEET/HAIL/FREEZING RAIN,ICE,,NO JUNCTION INVOLVED,CURVE/LEVEL,ASPHALT,RAN OFF RD RIGHT,RAN OFF RD,ST RD 48W,LN CONTROL,2020-02-05 04:59:00,,,
MONROE SD,BLOOMINGTON,1,0.0,0.0,0.0,1,,,,ST RD 46,,,500.0,E,39.136786628140314,-86.57322381619369,ST RD,N,RURAL,N,N,N,,DAWN/DUSK,CLEAR,DRY,,NO JUNCTION INVOLVED,CURVE/GRADE,ASPHALT,ANIMAL/OBJECT IN RDWAY,COLLISION WITH DEER,STWINLEAFTRCEST RD 46E,NO PASSING ZONE,2020-02-05 08:00:00,,,
MONROE SD,ELLETTSVILLE,1,0.0,0.0,0.0,0,,,,W WILLIAMS RD,N BOTTOM RD,,,,39.170096,-86.682256,COUNTY RD,N,RURAL,N,N,N,,DAYLIGHT,CLOUDY,WET,,NO JUNCTION INVOLVED,STRAIGHT/GRADE,ASPHALT,OTHER (DRIVER) - EXPLAIN IN NARRATIVE,OTHER - EXPLAIN IN NARRATIVE,BOTTOMRDWILLIANSRD,NONE,2020-02-05 10:02:00,,,
ISP BLOOMINGTON 33,BLOOMINGTON,2,,3.0,0.0,0,,,,ST RD 46,N BROWN COUNTY LINE RD,,0.0,S,39.1636,-86.44438322,ST RD,,RURAL,N,N,N,,DAYLIGHT,CLOUDY,DRY,,T-INTERSECTION,,ASPHALT,LEFT OF CENTER,HEAD ON BETWEEN TWO MOTOR VEHICLES,BROWNCOUNTYLINERDSTATERD46,,2020-02-05 11:30:00,,,
BLOOMINGTON PD,BLOOMINGTON,2,0.0,1.0,0.0,0,,,,N WALNUT ST,E 6TH ST,,,,39.27388878934275,-86.55830840196948,LOCAL/CITY RD,N,URBAN,N,N,N,,DAYLIGHT,CLOUDY,DRY,,FOUR-WAY INTERSECTION,STRAIGHT/LEVEL,ASPHALT,UNSAFE LN MOVEMENT,SAME DIRECTION SIDESWIPE,E6THSTNWALNUTST,TRAFFIC CONTROL SIGNAL,2020-02-05 14:22:00,,,
MONROE SD,BLOOMINGTON,2,0.0,1.0,0.0,0,,,,ST RD 48,S CURRY PK,,,,39.152614689555676,-86.37110004447133,LOCAL/CITY RD,N,URBAN,N,N,N,,DAYLIGHT,CLOUDY,DRY,,FOUR-WAY INTERSECTION,STRAIGHT/GRADE,ASPHALT,FAILURE TO YIELD RIGHT OF WAY,RIGHT ANGLE,CURRYPKWEST3RDST,TRAFFIC CONTROL SIGNAL,2020-02-05 15:30:00,,,
BLOOMINGTON PD,BLOOMINGTON,2,0.0,0.0,0.0,0,,,,S WALNUT ST,W GRIMES LN,,,,39.16753506715166,-86.53360313313462,LOCAL/CITY RD,N,URBAN,N,N,N,,DAYLIGHT,RAIN,WET,,FOUR-WAY INTERSECTION,STRAIGHT/GRADE,ASPHALT,FAILURE TO YIELD RIGHT OF WAY,RIGHT ANGLE,SWALNUTSTWGRIMESLN,TRAFFIC CONTROL SIGNAL,2020-02-05 15:50:00,,,
BLOOMINGTON PD,BLOOMINGTON,2,0.0,0.0,0.0,0,,,,W KIRKWOOD AVE,N WALDRON ST,,,,39.16463,-86.58295,LOCAL/CITY RD,N,URBAN,N,N,N,,DAYLIGHT,RAIN,WET,,FOUR-WAY INTERSECTION,STRAIGHT/LEVEL,CONCRETE,FAILURE TO YIELD RIGHT OF WAY,RIGHT ANGLE,NORTHWALDRONSTWESTKIRKWOODAVE,STOP SIGN,2020-02-05 15:57:00,,,
BLOOMINGTON PD,BLOOMINGTON,2,0.0,1.0,0.0,0,,,,S WALNUT ST,W HILLSIDE DR,,,,39.15335,-86.53371,LOCAL/CITY RD,Y,URBAN,N,N,N,,DAWN/DUSK,RAIN,WET,,FOUR-WAY INTERSECTION,STRAIGHT/LEVEL,ASPHALT,FOLLOWING TOO CLOSELY,REAR END,EHILLSIDEDRSWALNUTST,TRAFFIC CONTROL SIGNAL,2020-02-05 17:39:00,,,
BLOOMINGTON PD,BLOOMINGTON,1,0.0,1.0,0.0,0,,120,A,I-69 S,ST RD 45/46,,150.0,S,39.16661109718143,-86.54378924194907,INTERSTATE,N,RURAL,N,N,N,,DARK (NOT LIGHTED),RAIN,WET,,NO JUNCTION INVOLVED,STRAIGHT/GRADE,ASPHALT,SPEED TOO FAST FOR WEATHER CONDITIONS,RAN OFF RD,I-69S120.0,NONE,2020-02-05 18:32:00,,,
BLOOMINGTON PD,BLOOMINGTON,1,0.0,1.0,0.0,0,,,,S COLLEGE AVE,W 10TH ST,,,,39.1505071522578,-86.53371170514082,LOCAL/CITY RD,N,URBAN,N,N,N,,DARK (LIGHTED),RAIN,WET,,FOUR-WAY INTERSECTION,STRAIGHT/GRADE,ASPHALT,FAILURE TO YIELD RIGHT OF WAY,OTHER - EXPLAIN IN NARRATIVE,SCOLLEGEAVEW10THST,TRAFFIC CONTROL SIGNAL,2020-02-05 18:40:00,,,True
MONROE SD,BLOOMINGTON,2,0.0,0.0,0.0,0,,,,N ANDY WAY,N RUFFY'S WAY,,250.0,E,39.18217,-86.55689,COUNTY RD,N,URBAN,N,N,N,,DARK (NOT LIGHTED),RAIN,WET,,NO JUNCTION INVOLVED,STRAIGHT/GRADE,ASPHALT,UNSAFE SPEED,OPPOSITE DIRECTION SIDESWIPE,ANDYWAYRUFFYSWAY,NONE,2020-02-05 19:25:00,,,
BLOOMINGTON PD,BLOOMINGTON,2,0.0,0.0,0.0,0,,,,S ROGERS ST,W COUNTRY CLUB DR,,,,39.17167,-86.53483,LOCAL/CITY RD,N,URBAN,N,N,N,,DARK (LIGHTED),CLEAR,WET,,FOUR-WAY INTERSECTION,STRAIGHT/GRADE,ASPHALT,DISREGARD SIGNAL/REG SIGN,RIGHT ANGLE,COUNTRYCLUBDRIVEROGERSST,TRAFFIC CONTROL SIGNAL,2020-02-05 22:40:00,,,
ELLETTSVILLE PD,ELLETTSVILLE,1,0.0,0.0,0.0,0,,,,N SALE ST,W VINE ST,,,,39.20149,-86.59082,LOCAL/CITY RD,N,URBAN,N,N,N,,DARK (NOT LIGHTED),RAIN,WET,,FOUR-WAY INTERSECTION,STRAIGHT/GRADE,ASPHALT,UNSAFE BACKING,OTHER - EXPLAIN IN NARRATIVE,SOUTHSALESTVINEST,NONE,2020-02-06 05:10:00,,,
MONROE SD,BLOOMINGTON,1,0.0,0.0,0.0,0,,,,I-69 N,,,100.0,N,39.136039949740045,-86.53831078599434,INTERSTATE,N,RURAL,N,N,N,,DARK (NOT LIGHTED),CLOUDY,WET,,NO JUNCTION INVOLVED,STRAIGHT/LEVEL,ASPHALT,RAN OFF RD RIGHT,RAN OFF RD,I-69 N121.5,NONE,2020-02-06 07:21:00,,,
BLOOMINGTON PD,BLOOMINGTON,2,0.0,0.0,0.0,0,,,,S WALNUT ST,ENTRANCE TO STARBUCKS,,150.0,N,39.23435,-86.6241,LOCAL/CITY RD,N,URBAN,N,N,N,,DAYLIGHT,RAIN,WET,,NO JUNCTION INVOLVED,STRAIGHT/LEVEL,ASPHALT,FAILURE TO YIELD RIGHT OF WAY,RIGHT ANGLE,NORTHDRSWALNUTST,LN CONTROL,2020-02-06 08:44:00,,,
INDIANA UNIV BLOOMINGTON PD,BLOOMINGTON,2,0.0,0.0,0.0,0,,,,E 10TH ST,N EAGLESON AVE,,,,-5.586111067413781e-06,-3.262550908230858e-05,LOCAL/CITY RD,N,URBAN,N,N,N,,DAYLIGHT,SLEET/HAIL/FREEZING RAIN,WET,,NO JUNCTION INVOLVED,STRAIGHT/GRADE,ASPHALT,SPEED TOO FAST FOR WEATHER CONDITIONS,RIGHT ANGLE,EAGLESON AVEAVETENTHST,NONE,2020-02-06 10:45:00,,,
INDIANA UNIV BLOOMINGTON PD,BLOOMINGTON,2,0.0,0.0,0.0,0,,,,E 10TH ST,,,300.0,E,39.145462656747895,-86.53161513373064,LOCAL/CITY RD,N,URBAN,N,N,N,,DAYLIGHT,CLOUDY,WET,,NO JUNCTION INVOLVED,STRAIGHT/LEVEL,ASPHALT,FOLLOWING TOO CLOSELY,REAR END,FEELNTENTHST,NONE,2020-02-06 10:55:00,,,
BLOOMINGTON PD,BLOOMINGTON,2,0.0,1.0,0.0,0,,,,ST RD 45,N PETE LLIS DR,,,,39.17159,-86.51566,LOCAL/CITY RD,N,URBAN,N,N,N,,DAYLIGHT,SNOW,WET,,FOUR-WAY INTERSECTION,STRAIGHT/GRADE,ASPHALT,FOLLOWING TOO CLOSELY,REAR END,E 10THSTNPETEELLISDR,TRAFFIC CONTROL SIGNAL,2020-02-06 14:15:00,,,
MONROE SD,BLOOMINGTON,1,0.0,0.0,0.0,0,,,,W INNOVATION CT,W VERNAL PK,,100.0,S,39.171595346016005,-86.51907811069715,COUNTY RD,N,URBAN,N,N,N,,DAYLIGHT,CLOUDY,WET,,T-INTERSECTION,CURVE/GRADE,ASPHALT,STEERING FAILURE,RAN OFF RD,INNOVATIONCTVERNALPK,NONE,2020-02-06 16:02:00,,,
INDIANA UNIV BLOOMINGTON PD,BLOOMINGTON,3,0.0,1.0,0.0,0,,,,N INDIANA AVE,E 13TH ST,,,,39.17148166892516,-86.49539338580945,LOCAL/CITY RD,N,URBAN,N,N,N,,DAYLIGHT,SLEET/HAIL/FREEZING RAIN,WET,,FOUR-WAY INTERSECTION,STRAIGHT/GRADE,ASPHALT,DISREGARD SIGNAL/REG SIGN,RIGHT ANGLE,INDIANAAVETHIRTEENTHST,STOP SIGN,2020-02-06 16:08:00,,,
MONROE SD,BLOOMINGTON,1,0.0,1.0,0.0,1,,,,W RATLIFF RD,,,675.0,W,39.179491900478546,-86.5948187475304,COUNTY RD,N,RURAL,N,N,N,,DAWN/DUSK,CLOUDY,WET,,NO JUNCTION INVOLVED,STRAIGHT/HILLCREST,ASPHALT,ANIMAL/OBJECT IN RDWAY,COLLISION WITH DEER,JEWELLNWRATLIFFRD,NONE,2020-02-06 17:53:00,,,
INDIANA UNIV BLOOMINGTON PD,BLOOMINGTON,1,0.0,1.0,0.0,0,,,,N EAGLESON AVE,E 17TH ST,,,,39.17519956599177,-86.52702027325721,LOCAL/CITY RD,N,URBAN,N,N,N,,DARK (LIGHTED),CLOUDY,WET,,T-INTERSECTION,CURVE/LEVEL,ASPHALT,FAILURE TO YIELD RIGHT OF WAY,OTHER - EXPLAIN IN NARRATIVE,EAST17THSTEAGLESON AVEAVE,NONE,2020-02-06 21:48:00,,,True
MONROE SD,BLOOMINGTON,2,0.0,0.0,0.0,0,,,,ST RD 48,N PROFILE PKWY,,,,39.21432,-86.62865152,ST RD,N,URBAN,N,N,N,,DAYLIGHT,CLEAR,DRY,,FOUR-WAY INTERSECTION,STRAIGHT/LEVEL,ASPHALT,UNSAFE SPEED,REAR END,NPROFILEPKWYST RD 48W,TRAFFIC CONTROL SIGNAL,2020-02-07 08:29:00,,,
BLOOMINGTON PD,BLOOMINGTON,2,0.0,0.0,0.0,0,,,,W 11TH ST,W FOUNTAIN DR,,,,39.17882,-86.51243,LOCAL/CITY RD,N,URBAN,N,N,N,,DAYLIGHT,CLOUDY,DRY,,T-INTERSECTION,STRAIGHT/LEVEL,ASPHALT,IMPROPER TURNING,LEFT/RIGHT TURN,FOUNTIANSTW11THST,STOP SIGN,2020-02-07 14:21:00,,,
BLOOMINGTON PD,BLOOMINGTON,2,0.0,0.0,0.0,0,,,,S FESS AVE,E 1ST,,,,39.16474,-86.59259,LOCAL/CITY RD,Y,URBAN,N,N,N,,DAYLIGHT,CLEAR,DRY,,FOUR-WAY INTERSECTION,STRAIGHT/LEVEL,CONCRETE,FAILURE TO YIELD RIGHT OF WAY,OPPOSITE DIRECTION SIDESWIPE,EAST1STSTSOUTHFESSAVE,STOP SIGN,2020-02-07 15:37:00,,,
BLOOMINGTON PD,BLOOMINGTON,3,0.0,0.0,0.0,0,,,,S HENDERSON ST,E SOUTHERN DR,,,,39.17328,-86.55508,LOCAL/CITY RD,N,URBAN,N,N,N,,DAYLIGHT,CLEAR,DRY,,T-INTERSECTION,STRAIGHT/GRADE,CONCRETE,FAILURE TO YIELD RIGHT OF WAY,OPPOSITE DIRECTION SIDESWIPE,EASTSOUTHERNDRSOUTHHENDERSONST,NONE,2020-02-07 16:19:00,,,
MONROE SD,BLOOMINGTON,1,0.0,0.0,0.0,0,,,,ST RD 37,,,690.0,N,39.1592743249368,-86.52597331421882,ST RD,N,RURAL,N,Y,N,,DAYLIGHT,CLOUDY,DRY,,RAMP,STRAIGHT/GRADE,ASPHALT,OTHER (ENVIRONMENTAL) - EXPLAIN IN NARR,COLLISION WITH OBJECT IN RD,EMONROEDAMRDN ST RD 37,NONE,2020-02-07 17:15:00,,,
INDIANA UNIV BLOOMINGTON PD,BLOOMINGTON,2,0.0,0.0,0.0,0,,,,ST RD 45/46,E 17TH ST,,,,39.1496674775727,-86.52693102785094,ST RD,N,URBAN,N,Y,N,,DAWN/DUSK,CLEAR,DRY,,T-INTERSECTION,STRAIGHT/LEVEL,ASPHALT,FAILURE TO YIELD RIGHT OF WAY,LEFT TURN,EAST17THSTST RD 46,TRAFFIC CONTROL SIGNAL,2020-02-07 17:55:00,,,
BLOOMINGTON PD,BLOOMINGTON,1,0.0,0.0,0.0,0,,,,E COVENANTER DR,S FENBROOK LN,,100.0,W,39.02191554,-86.53570616,LOCAL/CITY RD,N,URBAN,N,N,N,,DARK (LIGHTED),SNOW,SNOW/SLUSH,,NO JUNCTION INVOLVED,CURVE/LEVEL,ASPHALT,SPEED TOO FAST FOR WEATHER CONDITIONS,RAN OFF RD,ECOVENANTERDRFENBROOKLN,NONE,2020-02-08 04:00:00,,,
INDIANA UNIV BLOOMINGTON PD,BLOOMINGTON,2,0.0,0.0,0.0,0,,,,N WOODLAWN AVE,E 17TH ST,,,,39.179678982357295,-86.50731728966566,LOCAL/CITY RD,N,URBAN,N,N,N,,DAYLIGHT,CLOUDY,WET,,FOUR-WAY INTERSECTION,STRAIGHT/GRADE,ASPHALT,FOLLOWING TOO CLOSELY,REAR END,EAST17THSTWOODLAWNAVE,TRAFFIC CONTROL SIGNAL,2020-02-08 12:50:00,,,
BLOOMINGTON PD,BLOOMINGTON,2,0.0,0.0,0.0,0,,,,ST RD 48,S WELMIR DR,,,,39.15196,-86.4873,LOCAL/CITY RD,N,URBAN,N,N,N,,DAYLIGHT,CLOUDY,DRY,,FOUR-WAY INTERSECTION,STRAIGHT/GRADE,ASPHALT,FOLLOWING TOO CLOSELY,REAR END,3RDSTLIBERTYDR,TRAFFIC CONTROL SIGNAL,2020-02-08 13:05:00,,,
BLOOMINGTON PD,BLOOMINGTON,2,0.0,0.0,0.0,0,,,,W 11TH ST,N ROGERS ST,,,,39.17899344883112,-86.52363732882301,LOCAL/CITY RD,N,URBAN,N,N,Y,WORK ON SHOULDER,DAYLIGHT,BLOWING SAND/SOIL/SNOW,DRY,,FOUR-WAY INTERSECTION,STRAIGHT/LEVEL,ASPHALT,IMPROPER LN USAGE,SAME DIRECTION SIDESWIPE,NROGERSSTW11THST,STOP SIGN,2020-02-08 15:30:00,,,
BLOOMINGTON PD,BLOOMINGTON,1,0.0,0.0,1.0,0,,,,S WASHINGTON ST,E 3RD ST,,,,39.16462957131082,-86.5822037864276,LOCAL/CITY RD,N,URBAN,N,N,N,,DARK (LIGHTED),CLEAR,DRY,,T-INTERSECTION,STRAIGHT/LEVEL,ASPHALT,FAILURE TO YIELD RIGHT OF WAY,RIGHT TURN,3RDSTWASHINGTONST,TRAFFIC CONTROL SIGNAL,2020-02-08 18:35:00,,,True
INDIANA UNIV BLOOMINGTON PD,BLOOMINGTON,2,0.0,0.0,0.0,0,,,,N EAGLESON AVE,N FISHER CT,,250.0,S,39.17326,-86.53856,LOCAL/CITY RD,N,URBAN,N,N,N,,DARK (LIGHTED),CLEAR,DRY,,NO JUNCTION INVOLVED,STRAIGHT/LEVEL,ASPHALT,IMPROPER TURNING,SAME DIRECTION SIDESWIPE,NFISHERCTNEAGLESON AVEAVE,NONE,2020-02-08 22:00:00,,,
MONROE SD,BLOOMINGTON,1,0.0,0.0,0.0,0,8815.0,,,ST RD 45,,,,,39.164583166909374,-86.53240111264078,ST RD,N,RURAL,N,N,N,,DARK (NOT LIGHTED),CLEAR,DRY,,NO JUNCTION INVOLVED,CURVE/HILLCREST,ASPHALT,DRIVER ASLEEP OR FATIGUED,RAN OFF RD,ST RD 45 W,NONE,2020-02-08 22:41:00,,,
BLOOMINGTON PD,BLOOMINGTON,2,0.0,2.0,0.0,0,,,,S WALNUT ST,W PINEWOOD DR,,,,39.18376,-86.51686,LOCAL/CITY RD,N,URBAN,N,N,N,,DARK (NOT LIGHTED),CLEAR,DRY,,T-INTERSECTION,STRAIGHT/LEVEL,ASPHALT,LEFT OF CENTER,HEAD ON BETWEEN TWO MOTOR VEHICLES,PINEWOODDRWALNUTST,NONE,2020-02-09 02:06:00,,,
BLOOMINGTON PD,BLOOMINGTON,1,0.0,1.0,0.0,0,,,,N DUNN ST,E 17TH ST,,,,39.12526848158144,-86.6105392659975,LOCAL/CITY RD,N,URBAN,N,N,N,,DAYLIGHT,CLOUDY,WET,,FOUR-WAY INTERSECTION,STRAIGHT/GRADE,ASPHALT,FAILURE TO YIELD RIGHT OF WAY,LEFT TURN,17THSTDUNNST,TRAFFIC CONTROL SIGNAL,2020-02-09 08:03:00,,True,
BLOOMINGTON PD,BLOOMINGTON,2,0.0,0.0,0.0,0,,,,N INDIANA AVE,E 12TH ST,,,,39.13151,-86.53143,LOCAL/CITY RD,N,URBAN,N,N,N,,DAYLIGHT,CLEAR,DRY,,FOUR-WAY INTERSECTION,STRAIGHT/LEVEL,ASPHALT,FAILURE TO YIELD RIGHT OF WAY,RIGHT ANGLE,E12THSTNINDIANAAVE,NONE,2020-02-09 09:10:00,,,
ISP BLOOMINGTON 33,BLOOMINGTON,2,,0.0,0.0,0,,,,S WALNUT ST,W DILLMAN RD,,0.0,S,39.179,-86.52832,COUNTY RD,,RURAL,N,N,N,,DAYLIGHT,CLOUDY,WET,,FOUR-WAY INTERSECTION,,ASPHALT,FAILURE TO YIELD RIGHT OF WAY,RIGHT ANGLE,S.WALNUTSTW.DILLMANRD,,2020-02-09 11:30:00,,,
MONROE SD,BLOOMINGTON,1,0.0,0.0,0.0,0,,,,S ST RD 37,,,2500.0,S,39.174321132829384,-86.52701553742739,LOCAL/CITY RD,N,RURAL,N,N,N,,DAYLIGHT,SNOW,WET,,NO JUNCTION INVOLVED,STRAIGHT/HILLCREST,ASPHALT,SPEED TOO FAST FOR WEATHER CONDITIONS,RAN OFF RD,SOLDSTATERD37RDS ST RD 37,NONE,2020-02-09 12:15:00,,,
ISP BLOOMINGTON 33,BLOOMINGTON,1,,0.0,0.0,0,,,,I-69 S,,,0.0,S,39.09291214892488,-86.55332488063884,INTERSTATE,,RURAL,N,N,N,,DAYLIGHT,SNOW,SNOW/SLUSH,,NO JUNCTION INVOLVED,,ASPHALT,,RAN OFF RD,123I-69,,2020-02-09 12:25:00,,,