Agency,City,Vehicles Involved,Trailers Involved,Number Injured,Number Dead,Number Deer,House Number,Roadway Interchange,Roadway Ramp,Roadway Id,Intersecting Road,Interchange,Feet From,Direction,Latitude,Longitude,Roadway Class,Hit and Run?,Locality,School Zone?,Rumble Strips?,Construction?,Construction Type,Light Condition,Weather Conditions,Surface Condition,Type of Median,Roadway Junction Type,Road Character,Roadway Surface,Primary Factor,Manner of Collision,Unique Location Id,Traffic Control,DateTime,Address Number,Cyclist Involved,Pedestrian Involved
ISP BLOOMINGTON 33,BLOOMINGTON,2,,0.0,0.0,0,,,,I-69 S,,,1056.0,E,39.085628402695605,-86.54233411994389,INTERSTATE,,RURAL,N,N,N,,DAYLIGHT,SNOW,SNOW/SLUSH,,NO JUNCTION INVOLVED,,ASPHALT,,RAN OFF RD,I-69 NKINSERPK,,2020-02-09 12:26:00,,,
MONROE SD,BLOOMINGTON,1,0.0,0.0,0.0,0,,,,ST RD 46,N COUNTY LINE RD E,,50.0,E,39.23095343,-86.54353327,ST RD,N,RURAL,N,N,N,,DAYLIGHT,RAIN,SNOW/SLUSH,,T-INTERSECTION,CURVE/LEVEL,ASPHALT,RDWAY SURFACE CONDITION,RAN OFF RD,COUNTYLINERDST RD 46 W,NONE,2020-02-09 12:58:00,,,
BLOOMINGTON PD,BLOOMINGTON,2,0.0,0.0,0.0,0,,,,ST RD 45/46,N KINSER PK,,,,39.23004610302585,-86.54416440398445,LOCAL/CITY RD,N,URBAN,N,N,N,,DARK (LIGHTED),RAIN,WET,,FOUR-WAY INTERSECTION,STRAIGHT/GRADE,ASPHALT,DISREGARD SIGNAL/REG SIGN,RIGHT ANGLE,NKINSERPKWSTATERD46HWY,TRAFFIC CONTROL SIGNAL,2020-02-09 17:55:00,,,
BLOOMINGTON PD,BLOOMINGTON,2,0.0,0.0,0.0,0,,,,S LINCOLN ST,E DRISCOLL ST,,30.0,N,39.15263,-86.37109,LOCAL/CITY RD,N,URBAN,N,N,N,,DARK (NOT LIGHTED),RAIN,WET,,NO JUNCTION INVOLVED,STRAIGHT/LEVEL,ASPHALT,OTHER (DRIVER) - EXPLAIN IN NARRATIVE,SAME DIRECTION SIDESWIPE,DRISCOLLSTSLINCOLNST,NONE,2020-02-09 21:07:00,,,
MONROE SD,BLOOMINGTON,2,0.0,0.0,0.0,0,,,,S POINTE RIDGE LN,S LAKE RIDGE DR,,,,39.18642,-86.53771,LOCAL/CITY RD,N,RURAL,N,N,N,,DARK (NOT LIGHTED),RAIN,WET,,T-INTERSECTION,STRAIGHT/LEVEL,ASPHALT,FAILURE TO YIELD RIGHT OF WAY,HEAD ON BETWEEN TWO MOTOR VEHICLES,LAKERIDGEDRPOINTRIDGELN,STOP SIGN,2020-02-09 22:12:00,,,
BLOOMINGTON PD,BLOOMINGTON,2,0.0,0.0,0.0,0,,,,W BLOOMFIELD RD,W ALLEN ST,,,,39.152418239080156,-86.53137921003919,LOCAL/CITY RD,N,URBAN,N,N,N,,DAYLIGHT,CLOUDY,DRY,,T-INTERSECTION,STRAIGHT/HILLCREST,ASPHALT,IMPROPER TURNING,LEFT TURN,ALLENSTWBLOOMFIELDRD,STOP SIGN,2020-02-10 15:45:00,,,
BLOOMINGTON PD,BLOOMINGTON,2,0.0,0.0,0.0,0,,,,N FESS AVE,E 10TH ST,,,,39.03043451985898,-86.50656992673382,LOCAL/CITY RD,Y,URBAN,N,N,N,,DARK (LIGHTED),CLEAR,DRY,,FOUR-WAY INTERSECTION,STRAIGHT/LEVEL,ASPHALT,FAILURE TO YIELD RIGHT OF WAY,RIGHT ANGLE,E 10THSTNFESSAVE,STOP SIGN,2020-02-10 21:03:00,,,
BLOOMINGTON PD,BLOOMINGTON,2,0.0,0.0,0.0,0,,,,ST RD 45/46,N KINSER PK,,,,39.15606391457937,-86.56147144168129,ST RD,N,URBAN,N,N,N,,DARK (LIGHTED),CLEAR,DRY,,FOUR-WAY INTERSECTION,STRAIGHT/GRADE,ASPHALT,FAILURE TO YIELD RIGHT OF WAY,SAME DIRECTION SIDESWIPE,NKINSERPKST RD 46 W,TRAFFIC CONTROL SIGNAL,2020-02-10 21:30:00,,,
MONROE SD,BLOOMINGTON,2,0.0,0.0,0.0,0,,,,W HENNESSEY ST,S MCDOUGAL ST,,,,39.17165,-86.52579,LOCAL/CITY RD,N,URBAN,N,N,N,,DAYLIGHT,CLOUDY,WET,,T-INTERSECTION,STRAIGHT/LEVEL,ASPHALT,FOLLOWING TOO CLOSELY,REAR END,HENNESEYSTMCDOUGALST,STOP SIGN,2020-02-10 23:49:00,,,
BLOOMINGTON PD,BLOOMINGTON,2,0.0,1.0,0.0,0,,,,S LEONARD SPRINGS RD,W TAPP RD,,,,39.18638401563897,-86.53773769343174,LOCAL/CITY RD,N,URBAN,N,N,N,,DAYLIGHT,CLEAR,DRY,,T-INTERSECTION,STRAIGHT/GRADE,ASPHALT,FAILURE TO YIELD RIGHT OF WAY,RIGHT ANGLE,SLEONARDSPRINGSRDWTAPPRD,NONE,2020-02-11 12:32:00,,,
MONROE SD,BLOOMINGTON,2,0.0,0.0,0.0,0,,,,I-69 N,,,500.0,S,39.12769161186078,-86.55410848696133,INTERSTATE,N,RURAL,N,N,N,,DAYLIGHT,CLOUDY,DRY,,NO JUNCTION INVOLVED,STRAIGHT/GRADE,ASPHALT,FOLLOWING TOO CLOSELY,REAR END,I-69S114.0,NONE,2020-02-11 15:45:00,,,
MONROE SD,BLOOMINGTON,2,0.0,0.0,0.0,0,,,,ST RD 46,,,1000.0,E,39.13678295895173,-86.58261987175273,ST RD,N,RURAL,N,N,B,,DAYLIGHT,CLEAR,DRY,,NO JUNCTION INVOLVED,CURVE/GRADE,ASPHALT,FAILURE TO YIELD RIGHT OF WAY,SAME DIRECTION SIDESWIPE,KENTRDST RD 46E,LN CONTROL,2020-02-11 17:29:00,,,
BLOOMINGTON PD,BLOOMINGTON,2,0.0,0.0,0.0,0,,,,S COLLEGE MALL RD,ST RD 46,,,,-2.6332040280857634e-05,-2.076128465598568e-05,LOCAL/CITY RD,N,URBAN,N,N,N,,DAYLIGHT,CLEAR,DRY,,FOUR-WAY INTERSECTION,STRAIGHT/LEVEL,ASPHALT,FOLLOWING TOO CLOSELY,REAR END,E 3RDSTSCOLLEGEMALLRD,TRAFFIC CONTROL SIGNAL,2020-02-11 17:54:00,,,
MONROE SD,BLOOMINGTON,1,0.0,0.0,0.0,0,,,,I-69 S,,,500.0,N,39.154227904718255,-86.39768343102764,INTERSTATE,Y,RURAL,N,Y,N,,DARK (NOT LIGHTED),CLEAR,DRY,,NO JUNCTION INVOLVED,STRAIGHT/LEVEL,ASPHALT,RAN OFF RD RIGHT,RAN OFF RD,I-69S130.0,NONE,2020-02-11 23:00:00,,,
BLOOMINGTON PD,BLOOMINGTON,1,0.0,1.0,0.0,0,,,,S GRANT ST,E 3RD ST,,,,39.16418206325821,-86.49827394462318,LOCAL/CITY RD,Y,URBAN,N,N,N,,DAYLIGHT,RAIN,WET,,FOUR-WAY INTERSECTION,STRAIGHT/GRADE,ASPHALT,FAILURE TO YIELD RIGHT OF WAY,LEFT TURN,E 3RDSTSGRANTST,STOP SIGN,2020-02-12 13:00:00,,True,
ISP BLOOMINGTON 33,BLOOMINGTON,3,,1.0,0.0,0,,118,B,ST RD 48,I-69,,50.0,W,-1.8326352727654085e-05,-2.6211525665245358e-05,ST RD,,URBAN,N,N,N,,DAYLIGHT,RAIN,WET,,NO JUNCTION INVOLVED,,CONCRETE,SPEED TOO FAST FOR WEATHER CONDITIONS,REAR END,I-69-118-BST RD 48,,2020-02-12 14:00:00,,,
BLOOMINGTON PD,BLOOMINGTON,1,0.0,0.0,0.0,0,,,,W ARLINGTON RD,W 17TH ST,,,,39.164537231236174,-86.52983557329374,LOCAL/CITY RD,N,URBAN,N,N,N,,DAYLIGHT,RAIN,WATER (STANDING OR MOVING),,INTERCHANGE,CURVE/GRADE,ASPHALT,RDWAY SURFACE CONDITION,RAN OFF RD,ARLINGTONRDW17THST,ROUNDABOUT INTERSECTION,2020-02-12 14:20:00,,,
BLOOMINGTON PD,BLOOMINGTON,2,0.0,2.0,0.0,0,,,,N WOODLAWN AVE,E 13TH ST,,,,39.16449495630695,-86.57328839687088,LOCAL/CITY RD,N,URBAN,N,N,N,,DAYLIGHT,CLOUDY,WET,,FOUR-WAY INTERSECTION,STRAIGHT/LEVEL,ASPHALT,FAILURE TO YIELD RIGHT OF WAY,RIGHT ANGLE,E13THSTNWOODLAWNAVE,STOP SIGN,2020-02-12 15:48:00,,,
INDIANA UNIV BLOOMINGTON PD,BLOOMINGTON,1,0.0,0.0,0.0,0,200.0,,,UNIVERSITY AVE,,,450.0,E,39.17916619760746,-86.54743021185239,UNKNOWN,N,URBAN,N,N,N,,DAYLIGHT,SLEET/HAIL/FREEZING RAIN,WET,,NO JUNCTION INVOLVED,STRAIGHT/LEVEL,ASPHALT,UNSAFE BACKING,OTHER - EXPLAIN IN NARRATIVE,SEAGLESON AVEAVE,NONE,2020-02-12 16:50:00,,,
ELLETTSVILLE PD,ELLETTSVILLE,1,0.0,0.0,0.0,0,5050.0,,,N UNION VALLEY RD,,,,,39.17516358579639,-86.52360907350825,COUNTY RD,N,RURAL,N,N,N,,DARK (NOT LIGHTED),RAIN,WET,,NO JUNCTION INVOLVED,STRAIGHT/GRADE,ASPHALT,RAN OFF RD RIGHT,RAN OFF RD,UNIONVALLEYRD,NONE,2020-02-12 18:05:00,,,
INDIANA UNIV BLOOMINGTON PD,BLOOMINGTON,2,0.0,0.0,0.0,0,,,,E ATWATER AVE,S EAGLESON AVE,,,,39.16532890627922,-86.51751347987148,LOCAL/CITY RD,N,URBAN,N,N,N,,DARK (LIGHTED),RAIN,WET,,FOUR-WAY INTERSECTION,STRAIGHT/LEVEL,ASPHALT,IMPROPER TURNING,LEFT TURN,ATWATERAVEEAGLESON AVEAVE,TRAFFIC CONTROL SIGNAL,2020-02-12 19:09:00,,,
MONROE SD,BLOOMINGTON,1,0.0,0.0,0.0,0,7590.0,,,W KIRKSVILLE RD,S HARMONY RD,,150.0,N,39.250048,-86.5928,LOCAL/CITY RD,N,RURAL,N,N,N,,DARK (NOT LIGHTED),RAIN,WET,,T-INTERSECTION,STRAIGHT/LEVEL,ASPHALT,SPEED TOO FAST FOR WEATHER CONDITIONS,RAN OFF RD,WESTKIRKSVILLERD,NONE,2020-02-13 02:31:00,,,
BLOOMINGTON PD,BLOOMINGTON,2,0.0,0.0,0.0,0,,,,S HIGH ST,E ATWATER AVE,,,,39.163068710316686,-86.51643050084643,LOCAL/CITY RD,N,URBAN,N,N,N,,DAYLIGHT,CLOUDY,WET,,T-INTERSECTION,STRAIGHT/LEVEL,ASPHALT,FAILURE TO YIELD RIGHT OF WAY,RIGHT ANGLE,ATWATERAVEHIGHST,STOP SIGN,2020-02-13 10:00:00,,,
MONROE SD,BLOOMINGTON,1,0.0,0.0,0.0,0,,,,N CURRY PK,W VERNAL PK,,,,39.0865219094588,-86.63853229804988,COUNTY RD,Y,URBAN,N,N,N,,DAYLIGHT,CLOUDY,WET,,FOUR-WAY INTERSECTION,STRAIGHT/GRADE,ASPHALT,IMPROPER LN USAGE,COLLISION WITH OBJECT IN RD,NORTHCURRYPKWESTVERNALPK,TRAFFIC CONTROL SIGNAL,2020-02-13 11:00:00,,,
BLOOMINGTON PD,BLOOMINGTON,3,0.0,0.0,0.0,0,,,,S DUNN ST,E SMITH AVE,,100.0,N,39.1631,-86.50846,LOCAL/CITY RD,Y,URBAN,N,N,N,,UNKNOWN,RAIN,WET,,NO JUNCTION INVOLVED,STRAIGHT/GRADE,ASPHALT,UNSAFE LN MOVEMENT,SAME DIRECTION SIDESWIPE,DUNNSTSMITHAVE,NONE,2020-02-13 12:20:00,,,
BLOOMINGTON PD,BLOOMINGTON,2,0.0,1.0,0.0,0,,,,ST RD 46,KINGSTON DR S,,150.0,E,39.179111244127135,-86.58308965483413,LOCAL/CITY RD,N,URBAN,N,N,N,,DAYLIGHT,BLOWING SAND/SOIL/SNOW,DRY,,NO JUNCTION INVOLVED,STRAIGHT/LEVEL,ASPHALT,UNSAFE LN MOVEMENT,SAME DIRECTION SIDESWIPE,E 3RDSTSKINGSTONDR,NONE,2020-02-13 16:47:00,,,
MONROE SD,BLOOMINGTON,2,0.0,0.0,0.0,0,,,,ST RD 46,N CURRY PK,,,,39.16279272507485,-86.528464359543,ST RD,N,RURAL,N,N,N,,DARK (NOT LIGHTED),SNOW,WET,,FOUR-WAY INTERSECTION,CURVE/GRADE,ASPHALT,IMPROPER LN USAGE,SAME DIRECTION SIDESWIPE,CURRYPKST RD 46 W,TRAFFIC CONTROL SIGNAL,2020-02-13 18:12:00,,,
BLOOMINGTON PD,BLOOMINGTON,3,0.0,1.0,0.0,0,,,,N ROGERS ST,W 10TH ST,,,,39.16416362406601,-86.49308933160779,LOCAL/CITY RD,N,URBAN,N,N,N,,DARK (LIGHTED),SNOW,WET,,T-INTERSECTION,STRAIGHT/GRADE,ASPHALT,FOLLOWING TOO CLOSELY,REAR END,NROGERSSTW10THST,STOP SIGN,2020-02-13 18:35:00,,,
BLOOMINGTON PD,BLOOMINGTON,2,0.0,0.0,0.0,0,,,,W 3RD ST,I-69 S,,,,39.193646662634166,-86.57143634911635,LOCAL/CITY RD,N,URBAN,N,N,N,,DARK (LIGHTED),CLEAR,DRY,,FOUR-WAY INTERSECTION,STRAIGHT/LEVEL,ASPHALT,FAILURE TO YIELD RIGHT OF WAY,LEFT TURN,I-69SBRPW 3RDST,TRAFFIC CONTROL SIGNAL,2020-02-13 20:07:00,,,
INDIANA UNIV BLOOMINGTON PD,BLOOMINGTON,2,0.0,3.0,0.0,0,,,,E 3RD ST,S MITCHELL ST,,,,39.17139,-86.5386,LOCAL/CITY RD,N,URBAN,N,N,N,,DARK (LIGHTED),RAIN,WET,,T-INTERSECTION,STRAIGHT/LEVEL,ASPHALT,FOLLOWING TOO CLOSELY,REAR END,MITCHELLST3RDST,LN CONTROL,2020-02-13 20:11:00,,,
MONROE SD,BLOOMINGTON,1,0.0,0.0,0.0,1,,,,ST RD 45,,,1500.0,E,39.16450742334625,-86.57331655210102,ST RD,N,RURAL,N,N,N,,DARK (NOT LIGHTED),SNOW,DRY,,NO JUNCTION INVOLVED,STRAIGHT/LEVEL,ASPHALT,ANIMAL/OBJECT IN RDWAY,COLLISION WITH DEER,BUNGERRDST RD 45 W,NONE,2020-02-13 22:47:00,,,
INDIANA UNIV BLOOMINGTON PD,BLOOMINGTON,1,0.0,0.0,0.0,0,,,,E ATWATER AVE,N WOODLAWN AVE,,,,39.16420676670735,-86.5142546196291,LOCAL/CITY RD,N,URBAN,N,N,N,,DARK (LIGHTED),SNOW,WET,,NO JUNCTION INVOLVED,STRAIGHT/LEVEL,ASPHALT,OVERCORRECTING/OVERSTEERING,RAN OFF RD,ATWATERAVEWOODLAWNAVE,LN CONTROL,2020-02-14 00:25:00,,,
BLOOMINGTON PD,BLOOMINGTON,2,0.0,0.0,0.0,0,,,,S WALNUT ST,ENTRANCE TO CVS/AUTOVEST,,400.0,S,39.13207097,-86.60035542,LOCAL/CITY RD,N,URBAN,N,N,N,,DAYLIGHT,CLEAR,DRY,,NO JUNCTION INVOLVED,STRAIGHT/GRADE,ASPHALT,FOLLOWING TOO CLOSELY,REAR END,WALNUTSTWINSLOWRD,NONE,2020-02-14 09:00:00,,,
BLOOMINGTON PD,BLOOMINGTON,2,0.0,0.0,0.0,0,,,,W COUNTRY CLUB DR,S WALNUT ST,,,,39.16307259937131,-86.52262868292271,LOCAL/CITY RD,N,URBAN,N,N,N,,DAYLIGHT,CLEAR,DRY,,FOUR-WAY INTERSECTION,STRAIGHT/LEVEL,ASPHALT,FOLLOWING TOO CLOSELY,REAR END,COUNTRYCLUBDRWALNUTST,TRAFFIC CONTROL SIGNAL,2020-02-14 10:20:00,,,
INDIANA UNIV BLOOMINGTON PD,BLOOMINGTON,2,0.0,0.0,0.0,0,,,,S INDIANA AVE,E KIRKWOOD AVE,,50.0,S,39.14300572369168,-86.53150315157798,LOCAL/CITY RD,N,URBAN,N,N,N,,DAYLIGHT,CLEAR,DRY,,NO JUNCTION INVOLVED,STRAIGHT/LEVEL,ASPHALT,IMPROPER TURNING,LEFT TURN,EKIRKWOODAVESINDIANAAVE,NONE,2020-02-14 10:25:00,,,
MONROE SD,BLOOMINGTON,2,0.0,0.0,0.0,0,,,,S SNODDY RD,E BRYN MAWR DR,,50.0,N,39.13597,-86.53111,LOCAL/CITY RD,Y,RURAL,N,N,N,,DAYLIGHT,CLEAR,DRY,,NO JUNCTION INVOLVED,STRAIGHT/GRADE,ASPHALT,OTHER (VEHICLE) - EXPLAIN IN NARRATIVE,OTHER - EXPLAIN IN NARRATIVE,EBRYNMAWRDRSSNODDYRD,LN CONTROL,2020-02-14 12:29:00,,,
BLOOMINGTON PD,BLOOMINGTON,3,0.0,1.0,0.0,0,,,,ST RD 46,N MATTHEWS DR (N),,100.0,E,39.16653,-86.52692,LOCAL/CITY RD,N,URBAN,N,N,N,,DAYLIGHT,CLEAR,DRY,,T-INTERSECTION,STRAIGHT/LEVEL,CONCRETE,FOLLOWING TOO CLOSELY,REAR END,NMATHEWDRW MAINST,NONE,2020-02-14 16:11:00,,,
BLOOMINGTON PD,BLOOMINGTON,2,0.0,0.0,0.0,0,,,,E 17TH ST,N INDIANA AVE,,,,39.1300962539497,-86.48960491119558,LOCAL/CITY RD,N,URBAN,N,N,N,,DAYLIGHT,CLEAR,DRY,,T-INTERSECTION,STRAIGHT/LEVEL,ASPHALT,FOLLOWING TOO CLOSELY,REAR END,E17THSTINDIANAAVE,NONE,2020-02-14 16:30:00,,,
BLOOMINGTON PD,BLOOMINGTON,2,0.0,1.0,0.0,0,,,,S JEFFERSON ST,E 5TH ST,,,,39.23484,-86.6263,LOCAL/CITY RD,N,URBAN,N,N,N,,DAYLIGHT,CLEAR,DRY,,FOUR-WAY INTERSECTION,STRAIGHT/GRADE,ASPHALT,FAILURE TO YIELD RIGHT OF WAY,LEFT TURN,E5THSTSJEFFERSONST,STOP SIGN,2020-02-14 17:23:00,,,
BLOOMINGTON PD,BLOOMINGTON,2,0.0,3.0,0.0,0,,,,E HILLSIDE DR,S HUNTINGTON DR,,,,39.17902,-86.52704,LOCAL/CITY RD,N,URBAN,N,N,N,,DAYLIGHT,CLEAR,DRY,,T-INTERSECTION,STRAIGHT/GRADE,CONCRETE,DRIVER DISTRACTED - EXPLAIN IN NARRATIVE,REAR END,EHILSSIDEDRSHUNTINGTONDR,STOP SIGN,2020-02-14 18:16:00,,,
BLOOMINGTON PD,BLOOMINGTON,2,0.0,1.0,0.0,0,,,,S WALNUT ST,E GRIMES LN,,,,39.16681,-86.50715,LOCAL/CITY RD,N,URBAN,N,N,N,,DARK (LIGHTED),CLEAR,DRY,,FOUR-WAY INTERSECTION,STRAIGHT/LEVEL,ASPHALT,DISREGARD SIGNAL/REG SIGN,LEFT TURN,EGRIMESSTSWALNUTST,TRAFFIC CONTROL SIGNAL,2020-02-14 20:00:00,,,
MONROE SD,BLOOMINGTON,2,0.0,0.0,0.0,0,,,,S WALNUT ST,E MPIRE MILL RD,,200.0,N,39.15055,-86.52081,UNKNOWN,N,RURAL,N,N,N,,DARK (NOT LIGHTED),CLEAR,DRY,,NO JUNCTION INVOLVED,CURVE/LEVEL,ASPHALT,IMPROPER LN USAGE,SAME DIRECTION SIDESWIPE,SIN37HWYSOLDSTATERD37RD,TRAFFIC CONTROL SIGNAL,2020-02-14 20:20:00,,,
MONROE SD,BLOOMINGTON,2,0.0,1.0,0.0,0,,,,S FAIRFAX RD,S DILLMAN RD,,,,39.15335,-86.53371,LOCAL/CITY RD,N,RURAL,N,N,N,,DAYLIGHT,CLEAR,LOOSE MATERIAL ON RD,,FOUR-WAY INTERSECTION,STRAIGHT/GRADE,ASPHALT,DISREGARD SIGNAL/REG SIGN,RIGHT ANGLE,SDILLMANRDSFAIRFAXRD,STOP SIGN,2020-02-15 09:35:00,,,
BLOOMINGTON PD,BLOOMINGTON,2,0.0,0.0,0.0,0,995.0,,,N WOODBRIDGE DR,,,,,39.142999600064066,-86.53151541740586,UNKNOWN,N,URBAN,N,Y,N,,DAYLIGHT,CLEAR,DRY,,NO JUNCTION INVOLVED,STRAIGHT/LEVEL,ASPHALT,UNSAFE BACKING,BACKING CRASH,NWOODBRIDGEDR,NONE,2020-02-15 09:59:00,,,
BLOOMINGTON PD,BLOOMINGTON,2,0.0,0.0,0.0,0,,,,E 9TH ST,N GRANT ST,,,,39.09261,-86.51702,LOCAL/CITY RD,Y,URBAN,N,N,N,,UNKNOWN,,DRY,,FOUR-WAY INTERSECTION,STRAIGHT/LEVEL,ASPHALT,UNSAFE LN MOVEMENT,OPPOSITE DIRECTION SIDESWIPE,E9THSTNGRANTST,STOP SIGN,2020-02-15 11:00:00,,,
MONROE SD,BLOOMINGTON,2,0.0,0.0,0.0,0,,,,S FIELDSTONE BLVD,W BEDROCK CT,,,,39.17289,-86.49053,LOCAL/CITY RD,Y,URBAN,N,N,N,,DAYLIGHT,CLEAR,DRY,,T-INTERSECTION,STRAIGHT/LEVEL,ASPHALT,DISREGARD SIGNAL/REG SIGN,RIGHT TURN,SFIELDSTONEBLVDWBEDROCKRD,STOP SIGN,2020-02-15 14:24:00,,,
BLOOMINGTON PD,BLOOMINGTON,2,0.0,0.0,0.0,0,1602.0,,,S WILCOX ST,S WILCOX ST,,,,39.17045,-86.52977,UNKNOWN,N,URBAN,N,N,N,,DAYLIGHT,CLEAR,DRY,,T-INTERSECTION,STRAIGHT/LEVEL,CONCRETE,FAILURE TO YIELD RIGHT OF WAY,OPPOSITE DIRECTION SIDESWIPE,SWILCOXST,NONE,2020-02-15 14:35:00,,,
MONROE SD,BLOOMINGTON,2,0.0,0.0,0.0,0,,,,S FAIRFAX RD,S WALNUT ST,,,,39.15786437372905,-86.6056033491798,COUNTY RD,N,RURAL,N,N,N,,DAYLIGHT,CLEAR,DRY,,T-INTERSECTION,STRAIGHT/HILLCREST,ASPHALT,UNSAFE SPEED,REAR END,FAIRFAXRDWALNUTSTPK,NONE,2020-02-15 16:52:00,,,
BLOOMINGTON PD,BLOOMINGTON,2,0.0,0.0,0.0,0,,,,W 11TH ST,N MORTON ST,,75.0,E,39.14811,-86.49985,LOCAL/CITY RD,Y,URBAN,N,N,N,,DARK (LIGHTED),CLEAR,DRY,,NO JUNCTION INVOLVED,STRAIGHT/HILLCREST,ASPHALT,RAN OFF RD RIGHT,REAR END,NORTHMORTONSTWEST11THST,NONE,2020-02-15 23:58:00,,,
MONROE SD,BLOOMINGTON,1,0.0,0.0,0.0,1,,,,S HANDY RD,E MOFFETT LN,,150.0,S,39.10715877413593,-86.52649796680967,LOCAL/CITY RD,N,URBAN,N,N,N,,DARK (NOT LIGHTED),CLOUDY,DRY,,T-INTERSECTION,STRAIGHT/LEVEL,ASPHALT,ANIMAL/OBJECT IN RDWAY,COLLISION WITH DEER,HANDYRDMOFFETLN,NONE,2020-02-16 06:47:00,,,
BLOOMINGTON PD,BLOOMINGTON,1,0.0,0.0,0.0,0,,,,S WEATHERSTONE LN,E COBBLEFIELD CT,,800.0,N,39.17326,-86.53606,LOCAL/CITY RD,N,URBAN,N,N,N,,DAYLIGHT,CLEAR,DRY,,NO JUNCTION INVOLVED,CURVE/GRADE,ASPHALT,RAN OFF RD RIGHT,RAN OFF RD,COBBLEFIELDLNWEATHERSTONELN,NONE,2020-02-16 09:15:00,,,
BLOOMINGTON PD,BLOOMINGTON,2,0.0,0.0,0.0,0,,,,N GRANT ST,E 8TH ST,,,,39.09973,-86.49385,LOCAL/CITY RD,N,URBAN,N,N,N,,DAYLIGHT,CLEAR,DRY,,FOUR-WAY INTERSECTION,STRAIGHT/LEVEL,ASPHALT,FAILURE TO YIELD RIGHT OF WAY,RIGHT ANGLE,E8THSTNGRANTST,STOP SIGN,2020-02-16 15:44:00,,,
INDIANA UNIV BLOOMINGTON PD,BLOOMINGTON,3,0.0,0.0,0.0,0,,,,N FEE LN,N EAGLESON AVE,,,,39.15210178666666,-86.5191545218948,LOCAL/CITY RD,N,URBAN,N,N,N,,DAYLIGHT,CLEAR,DRY,,FOUR-WAY INTERSECTION,STRAIGHT/LEVEL,ASPHALT,FAILURE TO YIELD RIGHT OF WAY,OTHER - EXPLAIN IN NARRATIVE,FEELNNEAGLESON AVEAVE,STOP SIGN,2020-02-16 15:49:00,,,
INDIANA UNIV BLOOMINGTON PD,BLOOMINGTON,2,0.0,0.0,0.0,0,,,,E 8TH ST,N WOODLAWN AVE,,141.0,E,39.16945851299378,-86.52979550727774,UNKNOWN,N,URBAN,N,N,N,,DAYLIGHT,CLEAR,DRY,,NO JUNCTION INVOLVED,STRAIGHT/LEVEL,ASPHALT,UNSAFE BACKING,BACKING CRASH,E8THSTWOODLAWNAVE,NONE,2020-02-16 15:50:00,,,
INDIANA UNIV BLOOMINGTON PD,BLOOMINGTON,2,0.0,0.0,0.0,0,,,,E ATWATER AVE,S EAGLESON AVE,,,,39.18370765073841,-86.51923174362648,LOCAL/CITY RD,N,URBAN,N,N,N,,DARK (LIGHTED),CLEAR,DRY,,FOUR-WAY INTERSECTION,STRAIGHT/LEVEL,ASPHALT,FAILURE TO YIELD RIGHT OF WAY,LEFT TURN,ATWATERAVEEAGLESON AVEAVE,TRAFFIC CONTROL SIGNAL,2020-02-16 21:37:00,,,
ISP BLOOMINGTON 33,BLOOMINGTON,2,,0.0,0.0,0,,,,S LEONARD SPRINGS RD,ST RD 45,,317.0,S,39.16945499298046,-86.52353976296794,LOCAL/CITY RD,,URBAN,N,N,N,,DAYLIGHT,CLEAR,DRY,,NO JUNCTION INVOLVED,,ASPHALT,FAILURE TO YIELD RIGHT OF WAY,LEFT TURN,SLEONARDSPRINGSRDSTATERD45,,2020-02-17 07:55:00,,,
ISP BLOOMINGTON 33,BLOOMINGTON,2,,0.0,0.0,0,,,,I-69 S,,,1056.0,S,39.163089862322664,-86.51640323288376,INTERSTATE,,RURAL,N,N,N,,DAYLIGHT,CLOUDY,DRY,,NO JUNCTION INVOLVED,,ASPHALT,,SAME DIRECTION SIDESWIPE,I-69WAYPORTRD,,2020-02-17 13:38:00,,,
INDIANA UNIV BLOOMINGTON PD,BLOOMINGTON,2,0.0,0.0,0.0,0,,,,N EAGLESON AVE,E 10TH ST,,,,39.1419052893686,-86.5826215560815,LOCAL/CITY RD,Y,URBAN,N,N,N,,DAYLIGHT,,,,FOUR-WAY INTERSECTION,STRAIGHT/LEVEL,ASPHALT,,REAR END,EAGLESON AVEAVETENTHST,TRAFFIC CONTROL SIGNAL,2020-02-17 16:45:00,,,
MONROE SD,BLOOMINGTON,2,0.0,0.0,0.0,0,,,,S CURRY PK,W GRAND AVE,,50.0,N,39.26138806,-86.52345623,LOCAL/CITY RD,N,URBAN,N,N,N,,DAYLIGHT,CLOUDY,DRY,,NO JUNCTION INVOLVED,STRAIGHT/LEVEL,ASPHALT,OTHER (DRIVER) - EXPLAIN IN NARRATIVE,SAME DIRECTION SIDESWIPE,NORTHCURRYPKWESTGRANDAVE,NONE,2020-02-17 17:54:00,,,
BLOOMINGTON PD,BLOOMINGTON,1,0.0,0.0,0.0,1,,,,E RHORER RD,S TWO CREEKS LN,,,,39.17159,-86.51566,LOCAL/CITY RD,N,URBAN,N,N,N,,DARK (NOT LIGHTED),RAIN,WET,,NO JUNCTION INVOLVED,STRAIGHT/GRADE,ASPHALT,ANIMAL/OBJECT IN RDWAY,COLLISION WITH ANIMAL OTHER,GORDONPKSTWOCREEKSLN,NONE,2020-02-17 22:14:00,,,