Agency,City,Vehicles Involved,Trailers Involved,Number Injured,Number Dead,Number Deer,House Number,Roadway Interchange,Roadway Ramp,Roadway Id,Intersecting Road,Interchange,Feet From,Direction,Latitude,Longitude,Roadway Class,Hit and Run?,Locality,School Zone?,Rumble Strips?,Construction?,Construction Type,Light Condition,Weather Conditions,Surface Condition,Type of Median,Roadway Junction Type,Road Character,Roadway Surface,Primary Factor,Manner of Collision,Unique Location Id,Traffic Control,DateTime,Address Number,Cyclist Involved,Pedestrian Involved
INDIANA UNIV BLOOMINGTON PD,BLOOMINGTON,2,0.0,0.0,0.0,0,,,,S EAGLESON AVE,E 3RD ST,,,,39.046042983212445,-86.6789788949709,LOCAL/CITY RD,N,URBAN,N,N,N,,DAYLIGHT,CLEAR,DRY,,FOUR-WAY INTERSECTION,STRAIGHT/LEVEL,ASPHALT,FOLLOWING TOO CLOSELY,REAR END,EAGLESON AVEAVE 3RDST,TRAFFIC CONTROL SIGNAL,2020-03-07 18:55:00,,,
MONROE SD,BLOOMINGTON,1,0.0,0.0,0.0,1,,,,I-69 N,,,100.0,S,39.17521562006303,-86.52700473598442,INTERSTATE,N,RURAL,N,Y,N,,DARK (LIGHTED),CLEAR,DRY,,NO JUNCTION INVOLVED,STRAIGHT/GRADE,CONCRETE,ANIMAL/OBJECT IN RDWAY,COLLISION WITH DEER,I-69 N125,NONE,2020-03-08 01:48:00,,,
INDIANA UNIV BLOOMINGTON PD,BLOOMINGTON,2,0.0,0.0,0.0,0,,,,N SUNRISE DR,,,150.0,N,39.170126305977135,-86.50137657907148,LOCAL/CITY RD,N,URBAN,N,N,N,,DAYLIGHT,CLEAR,DRY,,NO JUNCTION INVOLVED,STRAIGHT/GRADE,ASPHALT,FAILURE TO YIELD RIGHT OF WAY,BACKING CRASH,7THSTSUNRISEDR,LN CONTROL,2020-03-08 10:00:00,,,
BLOOMINGTON PD,BLOOMINGTON,3,0.0,0.0,0.0,0,,,,ST RD 46,E 7TH ST,,,,39.182960894157986,-86.52833976209779,ST RD,N,URBAN,N,N,N,,DAYLIGHT,CLEAR,DRY,,NO JUNCTION INVOLVED,STRAIGHT/HILLCREST,ASPHALT,FOLLOWING TOO CLOSELY,REAR END,E7THSTST RD 46 W,STOP SIGN,2020-03-08 17:32:00,,,
INDIANA UNIV BLOOMINGTON PD,BLOOMINGTON,1,0.0,0.0,0.0,1,,,,ST RD 45/46,E MATLOCK RD,,200.0,W,39.18217,-86.55689,ST RD,N,URBAN,N,N,N,,DARK (NOT LIGHTED),CLEAR,DRY,,NO JUNCTION INVOLVED,STRAIGHT/LEVEL,ASPHALT,ANIMAL/OBJECT IN RDWAY,COLLISION WITH DEER,MATLOCKRDST RD 46 W,LN CONTROL,2020-03-09 02:04:00,,,
MONROE SD,BLOOMINGTON,2,0.0,0.0,0.0,0,,,,W GORDON PK,S WALNUT ST,,,,39.17522328415866,-86.52703095309177,LOCAL/CITY RD,N,URBAN,N,N,N,,DAYLIGHT,CLOUDY,DRY,,FOUR-WAY INTERSECTION,STRAIGHT/LEVEL,ASPHALT,FOLLOWING TOO CLOSELY,REAR END,SOUTHWALNUTSTWESTGORDONPK,TRAFFIC CONTROL SIGNAL,2020-03-09 04:38:00,,,
BLOOMINGTON PD,BLOOMINGTON,1,0.0,1.0,0.0,0,,,,S COLLEGE AVE,W 2ND ST,,,,39.163625993711115,-86.64991332566201,LOCAL/CITY RD,N,URBAN,N,N,N,,DARK (LIGHTED),CLEAR,DRY,,FOUR-WAY INTERSECTION,STRAIGHT/GRADE,ASPHALT,FAILURE TO YIELD RIGHT OF WAY,RIGHT TURN,SCOLLEGEAVEW 2NDST,TRAFFIC CONTROL SIGNAL,2020-03-09 07:35:00,,True,
BLOOMINGTON PD,BLOOMINGTON,2,0.0,0.0,0.0,0,,,,W COUNTRY CLUB DR,S MILTON DR,,300.0,E,39.16357138790697,-86.42440192380842,LOCAL/CITY RD,N,URBAN,N,N,N,,DAWN/DUSK,CLOUDY,DRY,,NO JUNCTION INVOLVED,STRAIGHT/GRADE,ASPHALT,FOLLOWING TOO CLOSELY,REAR END,COUNTRYCLUBDRIVEROGERSST,LN CONTROL,2020-03-09 07:38:00,,,
BLOOMINGTON PD,BLOOMINGTON,2,0.0,0.0,0.0,1,,,,S WALNUT ST,E 3RD ST,,50.0,S,39.1642320891685,-86.51641273753401,LOCAL/CITY RD,N,URBAN,N,N,N,,DAYLIGHT,CLEAR,DRY,,NO JUNCTION INVOLVED,STRAIGHT/LEVEL,ASPHALT,IMPROPER TURNING,RIGHT TURN,3RDSTSWALNUTST,TRAFFIC CONTROL SIGNAL,2020-03-09 11:13:00,,,
BLOOMINGTON PD,BLOOMINGTON,2,0.0,4.0,0.0,0,,,,N WALNUT ST,E 4TH ST,,,,41.3095869470117,-85.08752730343983,LOCAL/CITY RD,N,URBAN,N,N,Y,WORK ON SHOULDER,DAYLIGHT,CLEAR,DRY,,FOUR-WAY INTERSECTION,STRAIGHT/LEVEL,ASPHALT,FAILURE TO YIELD RIGHT OF WAY,RIGHT ANGLE,E4THSTNWALNUTST,TRAFFIC CONTROL SIGNAL,2020-03-09 15:21:00,,,
MONROE SD,BLOOMINGTON,2,0.0,0.0,0.0,0,,,,S CURRY PK,W GIFFORD,,50.0,S,,,LOCAL/CITY RD,N,URBAN,N,N,N,,DAYLIGHT,CLOUDY,DRY,,T-INTERSECTION,STRAIGHT/LEVEL,ASPHALT,FOLLOWING TOO CLOSELY,REAR END,SOUTHCURRYPKWESTGIFFORDRD,TRAFFIC CONTROL SIGNAL,2020-03-09 15:38:00,,,
BLOOMINGTON PD,BLOOMINGTON,2,0.0,0.0,0.0,0,,,,S WALNUT ST,W PINEWOOD DR,,,,39.167609343682855,-86.50003691585515,LOCAL/CITY RD,N,URBAN,N,N,N,,DAYLIGHT,CLOUDY,DRY,,T-INTERSECTION,STRAIGHT/GRADE,ASPHALT,FOLLOWING TOO CLOSELY,REAR END,PINEWOODLNSWALNUTST,NONE,2020-03-09 16:24:00,,,
BLOOMINGTON PD,BLOOMINGTON,2,0.0,0.0,0.0,0,,,,S LIBERTY DR,ENTRANCE TO WHITEHALL PLAZA (N),,250.0,S,39.18629,-86.53163,LOCAL/CITY RD,N,URBAN,N,N,N,,DAYLIGHT,CLEAR,DRY,,FOUR-WAY INTERSECTION,STRAIGHT/GRADE,ASPHALT,FAILURE TO YIELD RIGHT OF WAY,RIGHT ANGLE,SLIBERTYDRW 3RDST,STOP SIGN,2020-03-09 17:30:00,,,
BLOOMINGTON PD,BLOOMINGTON,2,0.0,0.0,0.0,0,,,,ALLEY,ALLEY,,800.0,S,39.12145752275176,-86.5313709971926,LOCAL/CITY RD,N,URBAN,N,N,N,,DAYLIGHT,CLOUDY,DRY,,FOUR-WAY INTERSECTION,STRAIGHT/LEVEL,ASPHALT,FAILURE TO YIELD RIGHT OF WAY,RIGHT ANGLE,EASTOFSOUTHLINCOLNAVESOUTHOFEAST3RDST,NONE,2020-03-09 18:50:00,,,
INDIANA UNIV BLOOMINGTON PD,BLOOMINGTON,1,0.0,0.0,0.0,0,,,,ENTRANCE DR TO SRSC ,SRSC CIRCLE DR,,637.0,W,39.161358472030805,-86.5350256365385,UNKNOWN,N,URBAN,N,N,N,,DARK (LIGHTED),RAIN,WET,,NO JUNCTION INVOLVED,STRAIGHT/LEVEL,ASPHALT,DRIVER DISTRACTED - EXPLAIN IN NARRATIVE,COLLISION WITH OBJECT IN RD,ELAWLNNUNIONST,OTHER REGULATORY SIGN/MARKING,2020-03-09 20:35:00,,,
MONROE SD,BLOOMINGTON,1,0.0,1.0,0.0,0,,,,S GARRISON CHAPEL RD,W AIRPORT RD,,,,39.13609,-86.53938,LOCAL/CITY RD,N,RURAL,N,N,N,,DARK (NOT LIGHTED),RAIN,WET,,FOUR-WAY INTERSECTION,STRAIGHT/HILLCREST,ASPHALT,RAN OFF RD RIGHT,RAN OFF RD,SGARRISONCHAPELRDWAIRPORTRD,STOP SIGN,2020-03-09 20:41:00,,,
BLOOMINGTON PD,BLOOMINGTON,3,0.0,0.0,0.0,0,,,,N COLLEGE AVE,W 6TH ST,,,,39.16458679681295,-86.5336645730555,LOCAL/CITY RD,N,URBAN,N,N,N,,DARK (LIGHTED),RAIN,WET,,T-INTERSECTION,STRAIGHT/LEVEL,ASPHALT,FAILURE TO YIELD RIGHT OF WAY,LEFT/RIGHT TURN,NCOLLEGEAVEW6THST,NONE,2020-03-09 22:34:00,,,
MONROE SD,BLOOMINGTON,2,0.0,0.0,0.0,0,,,,ST RD 48,S KIRBY RD,,,,39.1655534050429,-86.53363281839587,ST RD,N,RURAL,N,N,N,,DARK (NOT LIGHTED),RAIN,WET,,FOUR-WAY INTERSECTION,STRAIGHT/GRADE,ASPHALT,FOLLOWING TOO CLOSELY,REAR END,SOUTHKIRBYRDST RD 48W,TRAFFIC CONTROL SIGNAL,2020-03-10 07:21:00,,,
ISP BLOOMINGTON 33,BLOOMINGTON,2,,0.0,0.0,0,,,,I-69 S,,,845.0,N,39.156648623018704,-86.58265388568248,INTERSTATE,,RURAL,N,N,N,,DARK (NOT LIGHTED),CLEAR,DRY,,NO JUNCTION INVOLVED,,ASPHALT,UNSAFE LN MOVEMENT,SAME DIRECTION SIDESWIPE,,,2020-03-10 07:30:00,,,
BLOOMINGTON PD,BLOOMINGTON,2,0.0,0.0,0.0,0,,,,S ROGERS ST,W 2ND ST,,,,39.13146007955539,-86.53147861340979,LOCAL/CITY RD,N,URBAN,N,N,N,,DAYLIGHT,RAIN,WET,,FOUR-WAY INTERSECTION,STRAIGHT/LEVEL,ASPHALT,FAILURE TO YIELD RIGHT OF WAY,RIGHT ANGLE,SROGERSSTW 2NDST,TRAFFIC CONTROL SIGNAL,2020-03-10 07:52:00,,,
BLOOMINGTON PD,BLOOMINGTON,2,0.0,0.0,0.0,0,,,,N ADAMS ST,W KIRKWOOD AVE,,,,39.15499000639436,-86.57530957002685,LOCAL/CITY RD,N,URBAN,N,N,N,,DAYLIGHT,RAIN,WET,,FOUR-WAY INTERSECTION,STRAIGHT/LEVEL,ASPHALT,SPEED TOO FAST FOR WEATHER CONDITIONS,REAR END,ADAMSSTKIRKWOODAVE,TRAFFIC CONTROL SIGNAL,2020-03-10 07:58:00,,,
INDIANA UNIV BLOOMINGTON PD,BLOOMINGTON,2,0.0,0.0,0.0,0,,,,N EAGLESON AVE,E LAW LN,,,,-3.387364183969699e-05,-4.550548625325856e-06,LOCAL/CITY RD,Y,URBAN,N,N,N,,DAYLIGHT,CLOUDY,DRY,,FOUR-WAY INTERSECTION,STRAIGHT/LEVEL,ASPHALT,UNSAFE SPEED,REAR END,EAGLESON AVEAVELAWLN,TRAFFIC CONTROL SIGNAL,2020-03-10 12:45:00,,,
BLOOMINGTON PD,BLOOMINGTON,2,0.0,0.0,0.0,0,,,,E N DR,S WALNUT ST,,,,39.15566726650384,-86.51257077532144,LOCAL/CITY RD,N,URBAN,N,N,N,,DAYLIGHT,CLEAR,DRY,,FOUR-WAY INTERSECTION,STRAIGHT/GRADE,ASPHALT,UNSAFE BACKING,OTHER - EXPLAIN IN NARRATIVE,ENORTHDRSWALNUTST,NONE,2020-03-10 16:25:00,,,
INDIANA UNIV BLOOMINGTON PD,BLOOMINGTON,2,0.0,0.0,0.0,0,,,,E LAW LN,,,,,39.13698800469644,-86.6429429296537,LOCAL/CITY RD,N,URBAN,N,N,N,,DAYLIGHT,CLOUDY,DRY,,NO JUNCTION INVOLVED,STRAIGHT/LEVEL,ASPHALT,FOLLOWING TOO CLOSELY,REAR END,ELAWLNTENTHST,NONE,2020-03-10 17:30:00,,,
BLOOMINGTON PD,BLOOMINGTON,2,0.0,0.0,0.0,0,,,,S GRANT ST,E KIRKWOOD AVE,,50.0,S,39.167617316742586,-86.53480075568766,LOCAL/CITY RD,N,URBAN,N,N,N,,DAYLIGHT,CLOUDY,WET,,NO JUNCTION INVOLVED,STRAIGHT/GRADE,ASPHALT,OTHER (DRIVER) - EXPLAIN IN NARRATIVE,REAR END,EKIRKWOODAVESGRANTST,NONE,2020-03-10 18:05:00,,,
ISP BLOOMINGTON 33,BLOOMINGTON,1,,0.0,0.0,0,2.0,,125A,I-69 N,E SAMPLE RD,,370.0,S,39.16492,-86.61081,INTERSTATE,,RURAL,N,N,N,,DARK (LIGHTED),RAIN,WET,,TRAFFIC CIRCLE/ROUNDABOUT,,ASPHALT,LEFT OF CENTER,RAN OFF RD,ESAMPLERDI-69,,2020-03-10 19:12:00,,,
BLOOMINGTON PD,BLOOMINGTON,1,0.0,0.0,0.0,0,3209.0,,,E 10TH ST,ENTRANCE TO FOUNTAIN PARK APARTMENTS,,,,39.24217166,-86.53587754,LOCAL/CITY RD,Y,URBAN,N,N,N,,DARK (LIGHTED),RAIN,WET,,NO JUNCTION INVOLVED,STRAIGHT/LEVEL,ASPHALT,UNSAFE LN MOVEMENT,RAN OFF RD,EAST10THST,NONE,2020-03-10 20:15:00,,,
ELLETTSVILLE PD,ELLETTSVILLE,1,0.0,0.0,0.0,0,,,,N HARTSTRAIT RD,W DALLAS LN,,,,39.16138,-86.53869,LOCAL/CITY RD,N,URBAN,N,N,N,,DARK (NOT LIGHTED),CLEAR,WET,,NO JUNCTION INVOLVED,CURVE/LEVEL,ASPHALT,RAN OFF RD RIGHT,OTHER - EXPLAIN IN NARRATIVE,NHARTSTRAITRDWDALLASLN,LN CONTROL,2020-03-11 05:19:00,,,
MONROE SD,BLOOMINGTON,2,0.0,1.0,0.0,0,,,,ST RD 48,N DANIEL'S WAY,,,,39.1667,-86.54963,ST RD,N,URBAN,N,N,N,,DARK (LIGHTED),CLOUDY,WET,,T-INTERSECTION,STRAIGHT/GRADE,ASPHALT,DISREGARD SIGNAL/REG SIGN,RIGHT ANGLE,DANIELSWAYST RD 48W,TRAFFIC CONTROL SIGNAL,2020-03-11 05:41:00,,,
MONROE SD,BLOOMINGTON,1,0.0,0.0,0.0,0,8325.0,,,ST RD 46,W FLATWOODS RD,,200.0,E,39.17342,-86.51545,ST RD,N,RURAL,N,N,N,,DARK (NOT LIGHTED),CLEAR,WET,,T-INTERSECTION,STRAIGHT/LEVEL,ASPHALT,RAN OFF RD RIGHT,RAN OFF RD,ST RD 46 WWFLATWOODSRD,LN CONTROL,2020-03-11 06:19:00,,,
MONROE SD,BLOOMINGTON,1,0.0,0.0,0.0,0,,,,ST RD 446,RED OAK LN,,1000.0,N,39.14303,-86.5315,ST RD,N,RURAL,N,N,N,,DARK (NOT LIGHTED),CLOUDY,WET,,NO JUNCTION INVOLVED,CURVE/GRADE,ASPHALT,SPEED TOO FAST FOR WEATHER CONDITIONS,RAN OFF RD,SREDOAKLNST RD 446S,NONE,2020-03-11 06:43:00,,,
BLOOMINGTON PD,BLOOMINGTON,2,0.0,0.0,0.0,0,,,,E 3RD ST,S OVERHILL DR,,,,0.0,0.0,LOCAL/CITY RD,N,URBAN,N,N,N,,DAYLIGHT,CLOUDY,DRY,,T-INTERSECTION,STRAIGHT/LEVEL,ASPHALT,FAILURE TO YIELD RIGHT OF WAY,RIGHT ANGLE,EAST3RDSTSOUTHOVERHILLDR,STOP SIGN,2020-03-11 15:50:00,,,
BLOOMINGTON PD,BLOOMINGTON,2,0.0,0.0,0.0,0,,,,ST RD 48,S LIBERTY DR,,,,39.16653315856302,-86.52981770702883,LOCAL/CITY RD,N,URBAN,N,N,N,,DAYLIGHT,CLEAR,DRY,,FOUR-WAY INTERSECTION,STRAIGHT/LEVEL,ASPHALT,FAILURE TO YIELD RIGHT OF WAY,HEAD ON BETWEEN TWO MOTOR VEHICLES,SLIBERTYDRW 3RDST,TRAFFIC CONTROL SIGNAL,2020-03-11 17:55:00,,,
MONROE SD,BLOOMINGTON,1,0.0,0.0,0.0,0,,,,S ROCKPORT RD,,,2500.0,E,39.26588584638488,-86.52283221962725,LOCAL/CITY RD,N,RURAL,N,N,N,,DARK (NOT LIGHTED),CLOUDY,DRY,,NO JUNCTION INVOLVED,CURVE/GRADE,ASPHALT,UNSAFE SPEED,RAN OFF RD,HENNESSEYSTSROCKPORTRD,NONE,2020-03-11 20:38:00,,,
MONROE SD,BLOOMINGTON,2,0.0,0.0,0.0,0,,,,N CURRY PK,W PROFILE PKWY,,,,39.17147,-86.49461,LOCAL/CITY RD,N,URBAN,N,N,N,,DAYLIGHT,CLEAR,DRY,,TRAFFIC CIRCLE/ROUNDABOUT,STRAIGHT/LEVEL,ASPHALT,FOLLOWING TOO CLOSELY,REAR END,CURRYPKPROFILEPKWY,TRAFFIC CONTROL SIGNAL,2020-03-12 08:58:00,,,
INDIANA UNIV BLOOMINGTON PD,BLOOMINGTON,2,0.0,0.0,0.0,0,,,,N UNION ST,E 10TH ST,,,,-3.4168508046061196e-05,-4.375707627387535e-05,LOCAL/CITY RD,N,URBAN,N,N,N,,DAYLIGHT,CLEAR,DRY,,FOUR-WAY INTERSECTION,STRAIGHT/HILLCREST,ASPHALT,FOLLOWING TOO CLOSELY,REAR END,TENTHSTUNIONST,TRAFFIC CONTROL SIGNAL,2020-03-12 11:35:00,,,
BLOOMINGTON PD,BLOOMINGTON,1,0.0,0.0,0.0,0,,,,S LEONARD SPRINGS RD,W MAYBURY MALL,,,,39.16479,-86.59909,LOCAL/CITY RD,N,URBAN,N,N,N,,DAYLIGHT,CLEAR,DRY,,T-INTERSECTION,STRAIGHT/LEVEL,CONCRETE,IMPROPER TURNING,RAN OFF RD,SOUTHLEONARDSPRINGSRDWESTMAYBURYMALL,NONE,2020-03-12 15:25:00,,,
INDIANA UNIV BLOOMINGTON PD,BLOOMINGTON,2,0.0,0.0,0.0,0,,,,ST RD 46,E 10TH ST,,,,39.28187252904134,-86.7036628775204,ST RD,N,URBAN,N,N,N,,DAYLIGHT,RAIN,WET,,NO JUNCTION INVOLVED,STRAIGHT/LEVEL,ASPHALT,SPEED TOO FAST FOR WEATHER CONDITIONS,OPPOSITE DIRECTION SIDESWIPE,ST RD 45ST RD 46,TRAFFIC CONTROL SIGNAL,2020-03-12 17:10:00,,,
BLOOMINGTON PD,BLOOMINGTON,2,0.0,0.0,0.0,0,,,,N COLLEGE AVE,W 10TH ST,,,,39.08903409695609,-86.4232601486451,LOCAL/CITY RD,N,URBAN,N,N,N,,DAYLIGHT,CLOUDY,DRY,,FOUR-WAY INTERSECTION,STRAIGHT/LEVEL,ASPHALT,FAILURE TO YIELD RIGHT OF WAY,SAME DIRECTION SIDESWIPE,NORTHCOLLEGEAVEWEST10THST,TRAFFIC CONTROL SIGNAL,2020-03-12 18:10:00,,,
BLOOMINGTON PD,BLOOMINGTON,4,0.0,0.0,0.0,0,,,,ST RD 46,KINGSTON DR S,,40.0,E,39.16421201209133,-86.50164999938866,LOCAL/CITY RD,N,URBAN,N,N,N,,DAYLIGHT,CLOUDY,WET,,NO JUNCTION INVOLVED,STRAIGHT/LEVEL,ASPHALT,FOLLOWING TOO CLOSELY,REAR END,E 3RDSTSKINGSTONDR,LN CONTROL,2020-03-12 18:29:00,,,
INDIANA UNIV BLOOMINGTON PD,BLOOMINGTON,2,0.0,0.0,0.0,0,,,,ST RD 46,ST RD 45,,,,39.16458201719196,-86.57915182670344,ST RD,N,URBAN,N,N,Y,LN CLOSURE,DAYLIGHT,RAIN,WET,,NO JUNCTION INVOLVED,STRAIGHT/LEVEL,ASPHALT,SPEED TOO FAST FOR WEATHER CONDITIONS,REAR END,ST RD 45ST RD 46,LN CONTROL,2020-03-12 19:04:00,,,
BLOOMINGTON PD,BLOOMINGTON,3,0.0,1.0,0.0,0,,,,ST RD 46,E ASTGATE LN (N),,,,-5.6908666212498476e-06,-3.143819053012643e-05,ST RD,N,URBAN,N,N,B,,DARK (NOT LIGHTED),RAIN,WET,,NO JUNCTION INVOLVED,STRAIGHT/LEVEL,ASPHALT,FOLLOWING TOO CLOSELY,REAR END,EEASTGATELNST RD 46N,NONE,2020-03-12 20:23:00,,,
INDIANA UNIV BLOOMINGTON PD,BLOOMINGTON,2,0.0,0.0,0.0,0,,,,E 10TH ST,N EAGLESON AVE,,,,39.17197245868384,-86.58300544382911,LOCAL/CITY RD,N,URBAN,N,N,N,,DARK (LIGHTED),RAIN,WET,,FOUR-WAY INTERSECTION,STRAIGHT/GRADE,ASPHALT,SPEED TOO FAST FOR WEATHER CONDITIONS,REAR END,EAGLESON AVEAVETENTHST,TRAFFIC CONTROL SIGNAL,2020-03-12 20:30:00,,,
BLOOMINGTON PD,BLOOMINGTON,2,0.0,0.0,0.0,0,,48,1,I-69 S,ST RD 48,,,,39.17152015376653,-86.5094920827609,INTERSTATE,N,URBAN,N,N,N,,DARK (LIGHTED),RAIN,WET,,RAMP,CURVE/LEVEL,ASPHALT,UNSAFE LN MOVEMENT,SAME DIRECTION SIDESWIPE,I-69S,TRAFFIC CONTROL SIGNAL,2020-03-12 21:30:00,,,
INDIANA UNIV BLOOMINGTON PD,BLOOMINGTON,2,0.0,0.0,0.0,0,,,,E 3RD ST,S EAGLESON AVE,,75.0,E,39.131488848338876,-86.58262113905242,LOCAL/CITY RD,N,URBAN,N,Y,N,,DARK (LIGHTED),RAIN,WET,,NO JUNCTION INVOLVED,STRAIGHT/LEVEL,ASPHALT,UNSAFE LN MOVEMENT,LEFT TURN,EAGLESON AVEAVE 3RDST,LN CONTROL,2020-03-12 21:30:00,,,
BLOOMINGTON PD,BLOOMINGTON,2,0.0,0.0,0.0,0,,,,E KIRKWOOD AVE,,,200.0,E,39.171571893789036,-86.50215660402871,LOCAL/CITY RD,N,URBAN,N,N,N,,DARK (LIGHTED),CLEAR,WET,,NO JUNCTION INVOLVED,STRAIGHT/LEVEL,ASPHALT,UNSAFE LN MOVEMENT,SAME DIRECTION SIDESWIPE,EKIRKWOODAVENGRANTST,NONE,2020-03-12 23:18:00,,,
INDIANA UNIV BLOOMINGTON PD,BLOOMINGTON,2,0.0,0.0,0.0,0,,,,N WALNUT ST,ST RD 45/46,,100.0,N,39.17165087134623,-86.5348499326372,LOCAL/CITY RD,Y,URBAN,N,Y,N,,DARK (LIGHTED),CLEAR,WET,,NO JUNCTION INVOLVED,STRAIGHT/LEVEL,ASPHALT,UNSAFE LN MOVEMENT,SAME DIRECTION SIDESWIPE,NWALNUTSTST RD 46,LN CONTROL,2020-03-13 00:53:00,,,
ISP BLOOMINGTON 33,BLOOMINGTON,2,,0.0,0.0,0,,,,ST RD 45/46,N MILO B SAMPSON LN,,53.0,W,39.1642,-86.49304,ST RD,,URBAN,N,N,N,,DAWN/DUSK,CLEAR,DRY,,INTERCHANGE,,ASPHALT,UNSAFE SPEED,REAR END,NMILOBSAMPSONLNSTATERD45,,2020-03-13 07:30:00,,,
ISP BLOOMINGTON 33,BLOOMINGTON,1,,0.0,0.0,1,,,,E SAMPLE RD,,,845.0,W,39.18625264804284,-86.53165089689276,LOCAL/CITY RD,,RURAL,N,N,N,,DAYLIGHT,CLEAR,DRY,,NO JUNCTION INVOLVED,,ASPHALT,ANIMAL/OBJECT IN RDWAY,RAN OFF RD,ESAMPLERDNOLDSTATERD37,,2020-03-13 08:25:00,,,
MONROE SD,BLOOMINGTON,2,0.0,0.0,0.0,0,4131.0,,,W WOODYARD,,,600.0,E,39.17013941391945,-86.5013925649871,LOCAL/CITY RD,N,RURAL,N,N,N,,DAYLIGHT,CLEAR,DRY,,NO JUNCTION INVOLVED,STRAIGHT/LEVEL,ASPHALT,UNSAFE BACKING,RIGHT ANGLE,NPIONEERLNWWOODYARDRD,NONE,2020-03-13 12:56:00,,,
MONROE SD,BLOOMINGTON,2,0.0,1.0,0.0,0,,,,S ROGERS ST,,,195.0,N,39.17158633323656,-86.51567264065623,LOCAL/CITY RD,N,RURAL,N,N,N,,DAYLIGHT,CLEAR,DRY,,NO JUNCTION INVOLVED,STRAIGHT/LEVEL,CONCRETE,IMPROPER PASSING,SAME DIRECTION SIDESWIPE,SROGERSSTWSANJUANDR,NONE,2020-03-13 17:40:00,,,
BLOOMINGTON PD,BLOOMINGTON,2,0.0,0.0,0.0,0,,,,N WALNUT ST,W 7TH ST,,,,39.16453,-86.57327,LOCAL/CITY RD,Y,URBAN,N,N,N,,DARK (LIGHTED),CLEAR,DRY,,FOUR-WAY INTERSECTION,STRAIGHT/GRADE,ASPHALT,LEFT OF CENTER,SAME DIRECTION SIDESWIPE,7THSTWALNUTST,TRAFFIC CONTROL SIGNAL,2020-03-14 02:00:00,,,
MONROE SD,BLOOMINGTON,1,0.0,0.0,0.0,2,,,,N THOMAS RD,,,900.0,S,39.16424115298351,-86.51641496236459,LOCAL/CITY RD,N,RURAL,N,N,N,,DAWN/DUSK,CLEAR,DRY,,NO JUNCTION INVOLVED,STRAIGHT/HILLCREST,ASPHALT,ANIMAL/OBJECT IN RDWAY,COLLISION WITH DEER,NTHOMASRDWTULIPST,NONE,2020-03-14 08:03:00,,,
BLOOMINGTON PD,BLOOMINGTON,2,0.0,0.0,0.0,0,,,,ST RD 46,S PLEASANT RIDGE RD,,,,39.16453,-86.57327,LOCAL/CITY RD,N,URBAN,N,N,N,,DAYLIGHT,RAIN,WET,,FOUR-WAY INTERSECTION,STRAIGHT/LEVEL,ASPHALT,FOLLOWING TOO CLOSELY,REAR END,3RDSTSPLEASANTRIDGERD,NONE,2020-03-14 11:53:00,,,
BLOOMINGTON PD,BLOOMINGTON,2,0.0,2.0,0.0,0,,,,S WALNUT ST,E HILLSIDE DR,,,,39.16420041958821,-86.51643719689696,LOCAL/CITY RD,N,URBAN,N,N,N,,DAYLIGHT,RAIN,WET,,FOUR-WAY INTERSECTION,STRAIGHT/LEVEL,ASPHALT,DISREGARD SIGNAL/REG SIGN,RIGHT ANGLE,EHILLSIDEDRSWALNUTST,TRAFFIC CONTROL SIGNAL,2020-03-14 14:59:00,,,
BLOOMINGTON PD,BLOOMINGTON,2,0.0,0.0,0.0,0,,,,E GRIMES LN,S WASHINGTON ST,,,,39.16664,-86.529696,LOCAL/CITY RD,N,URBAN,N,N,N,,DAYLIGHT,CLEAR,WET,,NO JUNCTION INVOLVED,STRAIGHT/LEVEL,ASPHALT,FOLLOWING TOO CLOSELY,REAR END,EGRIMESLNSWASHINGTONST,STOP SIGN,2020-03-14 15:13:00,,,
BLOOMINGTON PD,BLOOMINGTON,2,0.0,0.0,0.0,0,,,,S LEONARD SPRINGS RD,W TAPP RD,,,,39.186239435649966,-86.53453710900453,LOCAL/CITY RD,N,URBAN,N,N,N,,DAYLIGHT,RAIN,WET,,T-INTERSECTION,STRAIGHT/LEVEL,ASPHALT,FAILURE TO YIELD RIGHT OF WAY,RIGHT ANGLE,SOUTHLEONARDSPRINGSRDTAPPRD,STOP SIGN,2020-03-14 15:40:00,,,
MONROE SD,BLOOMINGTON,1,0.0,2.0,0.0,0,,,,W REEVES RD,,,1200.0,E,39.18620239626238,-86.522168998336,LOCAL/CITY RD,N,RURAL,N,N,N,,DARK (NOT LIGHTED),RAIN,WET,,NO JUNCTION INVOLVED,CURVE/GRADE,CONCRETE,SPEED TOO FAST FOR WEATHER CONDITIONS,RAN OFF RD,NCOUNTYLINERDWREEVESRD,NONE,2020-03-14 20:29:00,,,
INDIANA UNIV BLOOMINGTON PD,BLOOMINGTON,1,0.0,1.0,0.0,0,,,,N HEADLEY RD,,,1700.0,N,39.2586267636313,-86.50316306889215,LOCAL/CITY RD,N,URBAN,N,N,N,,DARK (NOT LIGHTED),CLOUDY,WET,,NO JUNCTION INVOLVED,CURVE/GRADE,ASPHALT,OTHER (DRIVER) - EXPLAIN IN NARRATIVE,RAN OFF RD,HEADLYRDTREADWELLLN,NONE,2020-03-15 02:00:00,,,
MONROE SD,BLOOMINGTON,1,0.0,0.0,0.0,0,,,,S KETCHAM RD,,,2640.0,S,39.18960898962259,-86.58052779386689,LOCAL/CITY RD,N,RURAL,N,N,N,,DARK (NOT LIGHTED),CLEAR,DRY,,NO JUNCTION INVOLVED,CURVE/GRADE,ASPHALT,RAN OFF RD RIGHT,RAN OFF RD,FLUCKMILLRDSKETCHAMRD,NONE,2020-03-15 04:16:00,,,