Agency,City,Vehicles Involved,Trailers Involved,Number Injured,Number Dead,Number Deer,House Number,Roadway Interchange,Roadway Ramp,Roadway Id,Intersecting Road,Interchange,Feet From,Direction,Latitude,Longitude,Roadway Class,Hit and Run?,Locality,School Zone?,Rumble Strips?,Construction?,Construction Type,Light Condition,Weather Conditions,Surface Condition,Type of Median,Roadway Junction Type,Road Character,Roadway Surface,Primary Factor,Manner of Collision,Unique Location Id,Traffic Control,DateTime,Address Number,Cyclist Involved,Pedestrian Involved
MONROE SD,BLOOMINGTON,1,0.0,0.0,0.0,0,,,,I-69 S,,,300.0,N,39.12643198836989,-86.53883824864471,INTERSTATE,N,RURAL,N,N,N,,DARK (LIGHTED),CLEAR,DRY,,NO JUNCTION INVOLVED,STRAIGHT/LEVEL,ASPHALT,RAN OFF RD RIGHT,RAN OFF RD,I-69S126.0,NONE,2020-03-15 23:52:00,,,
ELLETTSVILLE PD,ELLETTSVILLE,1,0.0,0.0,0.0,1,,,,N UNION VALLEY RD,W TANGLEWOOD RD,,100.0,N,39.16855,-86.53358,LOCAL/CITY RD,N,RURAL,N,N,N,,DAYLIGHT,CLOUDY,DRY,,NO JUNCTION INVOLVED,STRAIGHT/LEVEL,ASPHALT,ANIMAL/OBJECT IN RDWAY,COLLISION WITH DEER,NORTHUNIONVALLEYRDWESTTANGLEWOODRD,LN CONTROL,2020-03-16 08:55:00,,,
MONROE SD,BLOOMINGTON,1,0.0,0.0,0.0,0,,114,A,I-69 S,ST RD 37,,,,39.21373562864506,-86.63043966847557,INTERSTATE,Y,RURAL,N,N,N,,DARK (LIGHTED),CLOUDY,DRY,,NO JUNCTION INVOLVED,CURVE/GRADE,ASPHALT,RAN OFF RD RIGHT,RAN OFF RD,I-69S,LN CONTROL,2020-03-16 23:16:00,,,
MONROE SD,BLOOMINGTON,1,0.0,1.0,0.0,0,,120,B,ST RD 45/46,I-69 S,,,,39.16418010637918,-86.48927972881332,ST RD,N,URBAN,N,Y,N,,DARK (LIGHTED),CLEAR,WET,,NO JUNCTION INVOLVED,CURVE/GRADE,ASPHALT,OVERCORRECTING/OVERSTEERING,RAN OFF RD,ST RD 46 W,LN CONTROL,2020-03-17 00:25:00,,,
BLOOMINGTON PD,BLOOMINGTON,1,0.0,0.0,0.0,0,,,,N ADAMS ST,INDIANA RAILRD BRIDGE,,573.0,N,39.15049289402406,-86.53367868929037,LOCAL/CITY RD,N,URBAN,N,N,N,,DAYLIGHT,CLEAR,DRY,,RAILRD CROSSINGS,STRAIGHT/LEVEL,ASPHALT,DISREGARD SIGNAL/REG SIGN,OTHER - EXPLAIN IN NARRATIVE,NORTHADAMSSTWEST7THST,LN CONTROL,2020-03-17 11:45:00,,,
BLOOMINGTON PD,BLOOMINGTON,2,0.0,2.0,0.0,0,2101.0,,,S LIBERTY DR,ENTRANCE TO STEAK 'N SHAKE,,300.0,N,39.15334,-86.53249,LOCAL/CITY RD,N,URBAN,N,N,N,,DAYLIGHT,CLEAR,DRY,,T-INTERSECTION,STRAIGHT/LEVEL,CONCRETE,IMPROPER TURNING,LEFT TURN,SOUTHLIBERTYDRWESTST RD 45RD,NONE,2020-03-17 16:28:00,,,
INDIANA UNIV BLOOMINGTON PD,BLOOMINGTON,2,0.0,0.0,0.0,0,,,,ST RD 45/46,E 17TH ST,,1000.0,S,39.13681090910841,-86.58264474639161,ST RD,Y,URBAN,N,N,Y,LN CLOSURE,DAYLIGHT,CLEAR,DRY,,NO JUNCTION INVOLVED,CURVE/LEVEL,ASPHALT,UNSAFE LN MOVEMENT,SAME DIRECTION SIDESWIPE,17THSTST RD 45N,LN CONTROL,2020-03-17 16:45:00,,,
BLOOMINGTON PD,BLOOMINGTON,2,0.0,0.0,0.0,0,,,,E CANADA DR,E GOLDIN DR,,200.0,W,,,LOCAL/CITY RD,N,URBAN,N,N,N,,DARK (NOT LIGHTED),CLEAR,DRY,,NO JUNCTION INVOLVED,STRAIGHT/LEVEL,ASPHALT,IMPROPER LN USAGE,REAR END,ECANADADRGOLDENDR,NONE,2020-03-17 22:25:00,,,
MONROE SD,BLOOMINGTON,1,0.0,0.0,0.0,0,,,,S KIRBY RD,,,400.0,N,,,LOCAL/CITY RD,N,URBAN,N,N,N,,DARK (NOT LIGHTED),CLEAR,DRY,,NO JUNCTION INVOLVED,STRAIGHT/GRADE,ASPHALT,RAN OFF RD RIGHT,RAN OFF RD,SFIELDSTONEBLVDSKIRBYRD,LN CONTROL,2020-03-18 01:46:00,,,
BLOOMINGTON PD,BLOOMINGTON,1,0.0,0.0,0.0,0,2801.0,,,S LEONARD SPRINGS RD,W TAPP RD,,,,,,LOCAL/CITY RD,N,URBAN,N,N,N,,DAYLIGHT,RAIN,WET,,T-INTERSECTION,STRAIGHT/LEVEL,ASPHALT,SPEED TOO FAST FOR WEATHER CONDITIONS,RAN OFF RD,LEONARDSPRIGSRD,LN CONTROL,2020-03-18 03:06:00,,,
ISP BLOOMINGTON 33,BLOOMINGTON,2,,0.0,0.0,0,,,,I-69 N,,,581.0,N,,,INTERSTATE,,RURAL,N,N,N,,DAYLIGHT,RAIN,WET,,NO JUNCTION INVOLVED,,ASPHALT,UNSAFE LN MOVEMENT,SAME DIRECTION SIDESWIPE,I-69STATERD37,,2020-03-18 04:04:00,,,
MONROE SD,BLOOMINGTON,1,0.0,0.0,0.0,0,,,,ST RD 45,N YOUNG CEMETERY RD,,,,39.2312,-86.59276,ST RD,Y,RURAL,N,N,N,,DAYLIGHT,CLEAR,DRY,,NO JUNCTION INVOLVED,CURVE/LEVEL,ASPHALT,RAN OFF RD RIGHT,RAN OFF RD,NYOUNGCEMETERYRDST RD 45E,LN CONTROL,2020-03-18 10:15:00,,,
BLOOMINGTON PD,BLOOMINGTON,2,0.0,1.0,0.0,0,,,,W COUNTRY CLUB DR,S ROGERS ST,,,,39.182127364870674,-86.55690687673834,LOCAL/CITY RD,N,URBAN,N,N,N,,DAYLIGHT,RAIN,WET,,FOUR-WAY INTERSECTION,STRAIGHT/GRADE,ASPHALT,FOLLOWING TOO CLOSELY,REAR END,COUNTRYCLUBDRIVEROGERSRD,TRAFFIC CONTROL SIGNAL,2020-03-18 12:38:00,,,
MONROE SD,BLOOMINGTON,1,0.0,0.0,0.0,0,4625.0,,,W GIFFORD,,,100.0,E,39.182153008513005,-86.5568998534181,LOCAL/CITY RD,Y,URBAN,N,N,N,,DAYLIGHT,RAIN,WET,,NO JUNCTION INVOLVED,CURVE/LEVEL,ASPHALT,RAN OFF RD RIGHT,RAN OFF RD,SOUTHENDWRIGHTRDWESTGIFFORDRD,NONE,2020-03-18 15:17:00,,,
MONROE SD,BLOOMINGTON,1,0.0,0.0,0.0,0,,,,S KIRBY RD,W GIFFORD,,,,39.16863073831608,-86.5497023495854,LOCAL/CITY RD,N,RURAL,N,N,N,,DAYLIGHT,RAIN,WET,,T-INTERSECTION,STRAIGHT/GRADE,ASPHALT,RAN OFF RD RIGHT,RAN OFF RD,SKIRBYRDWGIFFORDRD,STOP SIGN,2020-03-18 15:23:00,,,
INDIANA UNIV BLOOMINGTON PD,BLOOMINGTON,2,0.0,0.0,0.0,0,,,,N ROSE AVE,E 7TH ST,,,,39.1463095548583,-86.57658376174241,LOCAL/CITY RD,N,URBAN,N,N,N,,DAYLIGHT,RAIN,WET,,NO JUNCTION INVOLVED,STRAIGHT/GRADE,ASPHALT,FAILURE TO YIELD RIGHT OF WAY,SAME DIRECTION SIDESWIPE,E7THSTNROSEAVE,NONE,2020-03-18 16:13:00,,,
BLOOMINGTON PD,BLOOMINGTON,2,0.0,2.0,0.0,0,,,,N COLLEGE AVE,W 7TH ST,,,,39.17970290579681,-86.50728542497454,LOCAL/CITY RD,N,URBAN,N,N,N,,DAYLIGHT,RAIN,WET,,FOUR-WAY INTERSECTION,STRAIGHT/LEVEL,ASPHALT,DISREGARD SIGNAL/REG SIGN,RIGHT ANGLE,NCOLLEGEAVEW7THST,TRAFFIC CONTROL SIGNAL,2020-03-18 17:35:00,,,
ISP BLOOMINGTON 33,BLOOMINGTON,1,,0.0,0.0,0,,Y,115,I-69 S,W FULLERTON PK,,1003.0,E,39.12729,-86.50757,INTERSTATE,,URBAN,N,Y,N,,DAYLIGHT,RAIN,WET,,NO JUNCTION INVOLVED,,ASPHALT,OTHER (VEHICLE) - EXPLAIN IN NARRATIVE,COLLISION WITH OBJECT IN RD,I-69WOODHAVENDR,,2020-03-19 12:45:00,,,
MONROE SD,BLOOMINGTON,1,0.0,0.0,0.0,0,,,,N LOW GAP RD,,,500.0,S,,,COUNTY RD,N,RURAL,N,N,N,,DAYLIGHT,RAIN,WET,,NO JUNCTION INVOLVED,CURVE/GRADE,ASPHALT,RAN OFF RD RIGHT,RAN OFF RD,NORTHLOWGAPRDTULIPTREECT,NONE,2020-03-19 13:51:00,,,
ELLETTSVILLE PD,ELLETTSVILLE,2,0.0,2.0,0.0,0,,,,ST RD 46,N UNION VALLEY RD,,,,39.13678875433276,-86.58261593880029,ST RD,N,URBAN,N,N,N,,DAYLIGHT,RAIN,WET,,FOUR-WAY INTERSECTION,STRAIGHT/LEVEL,ASPHALT,DISREGARD SIGNAL/REG SIGN,LEFT TURN,ST RD 46 WUNIONVALLEYRD,TRAFFIC CONTROL SIGNAL,2020-03-19 13:58:00,,,
BLOOMINGTON PD,BLOOMINGTON,2,0.0,0.0,0.0,0,,,,S LANDMARK AVE,W ARCH HAVEN AVE,,300.0,N,39.30926218,-86.51452246,LOCAL/CITY RD,N,URBAN,N,N,N,,DAYLIGHT,RAIN,WET,,NO JUNCTION INVOLVED,STRAIGHT/GRADE,ASPHALT,FAILURE TO YIELD RIGHT OF WAY,LEFT TURN,SLANDMARKAVEWBLOOMFIELDRD,NONE,2020-03-19 14:40:00,,,
INDIANA UNIV BLOOMINGTON PD,BLOOMINGTON,2,0.0,0.0,0.0,0,,,,ST RD 45/46,E 10TH ST,,,,39.230715965346604,-86.42758153317116,ST RD,N,URBAN,N,N,N,,DAYLIGHT,RAIN,WET,,FOUR-WAY INTERSECTION,STRAIGHT/LEVEL,ASPHALT,FOLLOWING TOO CLOSELY,REAR END,10THSTST RD 45S,TRAFFIC CONTROL SIGNAL,2020-03-19 17:05:00,,,
INDIANA UNIV BLOOMINGTON PD,BLOOMINGTON,1,0.0,0.0,0.0,0,,,,ST RD 45/46,E 17TH ST,,500.0,W,39.1360188641495,-86.53830064484286,ST RD,N,URBAN,N,N,Y,LN CLOSURE,DAYLIGHT,RAIN,WET,,NO JUNCTION INVOLVED,STRAIGHT/LEVEL,ASPHALT,OTHER (DRIVER) - EXPLAIN IN NARRATIVE,RAN OFF RD,17THSTST RD 45E,LN CONTROL,2020-03-19 17:30:00,,,
BLOOMINGTON PD,BLOOMINGTON,1,0.0,0.0,0.0,0,,,,N INDIANA AVE,E 6TH ST,,,,39.15131103297383,-86.59642157540141,LOCAL/CITY RD,N,URBAN,N,N,N,,DARK (NOT LIGHTED),RAIN,WATER (STANDING OR MOVING),,FOUR-WAY INTERSECTION,STRAIGHT/GRADE,ASPHALT,OTHER (ENVIRONMENTAL) - EXPLAIN IN NARR,NON-COLLISION,6THSTINDIANAAVE,NONE,2020-03-20 02:15:00,,,
MONROE SD,BLOOMINGTON,1,0.0,0.0,0.0,0,,,,S ROGERS ST,,,450.0,N,39.15131942709718,-86.61032209213637,LOCAL/CITY RD,N,RURAL,N,N,N,,DARK (NOT LIGHTED),RAIN,WATER (STANDING OR MOVING),,NO JUNCTION INVOLVED,STRAIGHT/LEVEL,ASPHALT,RDWAY SURFACE CONDITION,RAN OFF RD,SOLDSTATERD37RDSROGERSST,NO PASSING ZONE,2020-03-20 04:00:00,,,
ELLETTSVILLE PD,ELLETTSVILLE,2,0.0,0.0,0.0,0,,,,ST RD 46,N CHANDLER DR,,125.0,E,39.16807,-86.5109,ST RD,N,URBAN,N,N,N,,DAYLIGHT,CLEAR,DRY,,NO JUNCTION INVOLVED,STRAIGHT/LEVEL,ASPHALT,UNSAFE LN MOVEMENT,SAME DIRECTION SIDESWIPE,CHANDLERDRST RD 46 W,LN CONTROL,2020-03-20 11:09:00,,,
BLOOMINGTON PD,BLOOMINGTON,3,0.0,1.0,0.0,0,,,,ST RD 45,S LIBERTY DR,,,,39.16852551330131,-86.5348839291127,LOCAL/CITY RD,N,URBAN,N,N,N,,DAYLIGHT,CLEAR,DRY,,FOUR-WAY INTERSECTION,STRAIGHT/LEVEL,CONCRETE,FAILURE TO YIELD RIGHT OF WAY,LEFT TURN,SOUTHLIBERTYDRWESTST RD 45RD,TRAFFIC CONTROL SIGNAL,2020-03-20 13:15:00,,,
BLOOMINGTON PD,BLOOMINGTON,2,0.0,0.0,0.0,0,,,,E MOORES PK,S SARE RD,,,,39.12228,-86.57141,LOCAL/CITY RD,Y,URBAN,N,N,N,,DAYLIGHT,CLOUDY,DRY,,FOUR-WAY INTERSECTION,STRAIGHT/GRADE,ASPHALT,FOLLOWING TOO CLOSELY,REAR END,EMOORESPKSSARERD,TRAFFIC CONTROL SIGNAL,2020-03-20 15:54:00,,,
MONROE SD,BLOOMINGTON,1,0.0,0.0,0.0,0,4053.0,,,W BARGE LN,,,,,-2.7097192767036262e-05,-1.7650179087856858e-05,COUNTY RD,N,RURAL,N,N,N,,DAWN/DUSK,CLOUDY,DRY,,NO JUNCTION INVOLVED,STRAIGHT/LEVEL,ASPHALT,DRIVER ILLNESS,OTHER - EXPLAIN IN NARRATIVE,BARGELN,NONE,2020-03-20 19:54:00,,,
BLOOMINGTON PD,BLOOMINGTON,1,1.0,0.0,0.0,0,,,,I-69 N,W 3RD ST,,100.0,N,39.21512271978132,-86.59271901384847,INTERSTATE,N,URBAN,N,N,N,,DARK (LIGHTED),CLEAR,DRY,,INTERCHANGE,STRAIGHT/LEVEL,ASPHALT,RAN OFF RD RIGHT,RAN OFF RD,I-69 N117,LN CONTROL,2020-03-21 00:32:00,,,
ISP BLOOMINGTON 33,ELLETTSVILLE,1,,0.0,0.0,0,8807.0,,,ST RD 46,,,0.0,S,39.160902400727366,-86.55408048553458,ST RD,,RURAL,N,N,N,,DAYLIGHT,CLOUDY,DRY,,NO JUNCTION INVOLVED,,ASPHALT,OVERCORRECTING/OVERSTEERING,RAN OFF RD,ST RD 46EastofStinesvilleRd,,2020-03-21 10:55:00,,,
ISP BLOOMINGTON 33,HARRODSBURG,1,,0.0,0.0,0,,,,S ST RD 37,,,1320.0,N,39.17158662949107,-86.5021864352254,COUNTY RD,,URBAN,N,N,N,,DAYLIGHT,CLEAR,DRY,,NO JUNCTION INVOLVED,,ASPHALT,,RAN OFF RD,SHARRODSBURGRDSOLDSTATERD37,,2020-03-21 12:00:00,,,
ELLETTSVILLE PD,ELLETTSVILLE,2,0.0,0.0,0.0,0,,,,ST RD 46,S 1ST,,250.0,W,39.17971,-86.50727,ST RD,N,URBAN,N,N,N,,DAYLIGHT,CLEAR,DRY,,NO JUNCTION INVOLVED,STRAIGHT/LEVEL,ASPHALT,FAILURE TO YIELD RIGHT OF WAY,SAME DIRECTION SIDESWIPE,PAULSTST RD 46 W,LN CONTROL,2020-03-22 11:54:00,,,
ISP BLOOMINGTON 33,BLOOMINGTON,2,,1.0,0.0,0,,,,ST RD 45,E MARTIN DR,,370.0,S,39.16752,-86.52694,ST RD,,RURAL,N,N,N,,DAYLIGHT,SLEET/HAIL/FREEZING RAIN,WET,,NO JUNCTION INVOLVED,,CONCRETE,SPEED TOO FAST FOR WEATHER CONDITIONS,RIGHT ANGLE,NMARTINDRSTATERD45,,2020-03-22 15:55:00,,,
BLOOMINGTON PD,BLOOMINGTON,1,0.0,1.0,0.0,0,221.0,,,W 2ND ST,ENTRANCE TO KROGER (E),,,,39.099408,-86.537904,UNKNOWN,N,URBAN,N,N,N,,DARK (LIGHTED),CLOUDY,WET,,NO JUNCTION INVOLVED,STRAIGHT/LEVEL,ASPHALT,SPEED TOO FAST FOR WEATHER CONDITIONS,RAN OFF RD,W 2NDST,NONE,2020-03-23 06:07:00,,,
MONROE SD,BLOOMINGTON,1,0.0,0.0,0.0,1,,,,ST RD 48,,,1300.0,W,39.23393229946724,-86.62201806277206,ST RD,N,URBAN,N,N,N,,DAYLIGHT,CLOUDY,DRY,,NO JUNCTION INVOLVED,CURVE/GRADE,ASPHALT,ANIMAL/OBJECT IN RDWAY,COLLISION WITH DEER,ST RD 48WWESTVERNALPK,NONE,2020-03-23 07:47:00,,,
ELLETTSVILLE PD,ELLETTSVILLE,2,0.0,0.0,0.0,0,,,,ST RD 46,N DEER PARK DR,,,,39.14501,-86.57776,ST RD,N,URBAN,N,N,N,,DAYLIGHT,CLEAR,DRY,,NO JUNCTION INVOLVED,STRAIGHT/LEVEL,ASPHALT,FAILURE TO YIELD RIGHT OF WAY,LEFT TURN,NORTHDEERPARKDRST RD 46 W,LN CONTROL,2020-03-23 19:09:00,,,
ISP BLOOMINGTON 33,BLOOMINGTON,1,,0.0,0.0,0,,,,I-69 N,,,0.0,W,39.150426622998445,-86.49917390306241,INTERSTATE,,RURAL,N,N,N,,DAYLIGHT,CLOUDY,DRY,,NO JUNCTION INVOLVED,,ASPHALT,OVERCORRECTING/OVERSTEERING,RIGHT ANGLE,,,2020-03-24 17:06:00,,,
MONROE SD,BLOOMINGTON,1,0.0,0.0,0.0,0,8825.0,,,ST RD 45,W HINDS RD,,2640.0,W,39.135306,-86.58713285,ST RD,N,RURAL,N,N,N,,DARK (NOT LIGHTED),CLEAR,DRY,,NO JUNCTION INVOLVED,CURVE/GRADE,ASPHALT,RAN OFF RD RIGHT,RAN OFF RD,ST RD 45 WWHINDSRD,NO PASSING ZONE,2020-03-25 04:20:00,,,
MONROE SD,BLOOMINGTON,2,0.0,0.0,0.0,0,5105.0,,,S PRODUCTION DR,ENTRANCE TO ALLRD MOTORSPORTS,,,,39.16453,-86.57303,LOCAL/CITY RD,N,RURAL,N,N,N,,DAYLIGHT,CLEAR,DRY,,NO JUNCTION INVOLVED,NON-RDWAY CRASH,ASPHALT,UNSAFE BACKING,BACKING CRASH,SPRODUCTIONDR,NONE,2020-03-25 15:08:00,,,
BLOOMINGTON PD,BLOOMINGTON,2,0.0,1.0,0.0,0,,,,S COLLEGE MALL RD,E MOORES PK,,,,39.26377457,-86.66285232,LOCAL/CITY RD,N,URBAN,N,N,N,,DAYLIGHT,CLEAR,DRY,,FOUR-WAY INTERSECTION,STRAIGHT/GRADE,ASPHALT,DISREGARD SIGNAL/REG SIGN,RIGHT ANGLE,EMOORESPKSCOLLEGEMALLRD,TRAFFIC CONTROL SIGNAL,2020-03-25 18:15:00,,,
MONROE SD,BLOOMINGTON,1,1.0,0.0,0.0,0,,,,ST RD 46,N STINESVILLE RD,,500.0,W,39.00281472978388,-86.54394481437657,ST RD,N,RURAL,N,N,N,,DAYLIGHT,CLEAR,DRY,,NO JUNCTION INVOLVED,STRAIGHT/GRADE,ASPHALT,RAN OFF RD RIGHT,RAN OFF RD,ST RD 46 WSTINESVILLERD,NONE,2020-03-25 19:00:00,,,
BLOOMINGTON PD,BLOOMINGTON,2,0.0,0.0,0.0,0,,,,S COLLEGE MALL RD,ENTRANCE TO AMC CLASSIC THEATER,,,,39.23136,-86.62126,LOCAL/CITY RD,N,URBAN,N,N,N,,DAYLIGHT,CLEAR,DRY,,T-INTERSECTION,STRAIGHT/LEVEL,ASPHALT,IMPROPER TURNING,SAME DIRECTION SIDESWIPE,EKERASOTESDRSCOLLEGEMALLRD,NONE,2020-03-26 15:14:00,,,
ELLETTSVILLE PD,ELLETTSVILLE,1,0.0,1.0,0.0,0,,,,W REEVES RD,W GILMORE RD,,,,39.20474,-86.46327,LOCAL/CITY RD,N,RURAL,N,N,N,,DAYLIGHT,CLOUDY,DRY,,NO JUNCTION INVOLVED,CURVE/HILLCREST,ASPHALT,UNSAFE SPEED,RAN OFF RD,WESTGILMORERDWESTEVESRD,NONE,2020-03-26 17:21:00,,,
BLOOMINGTON PD,BLOOMINGTON,1,1.0,0.0,0.0,0,,,,W 3RD ST,S FRANKLIN RD,,200.0,W,39.161387607584935,-86.53741898440548,LOCAL/CITY RD,N,URBAN,N,N,N,,DAYLIGHT,CLOUDY,WET,,FOUR-WAY INTERSECTION,STRAIGHT/GRADE,ASPHALT,FOLLOWING TOO CLOSELY,NON-COLLISION,3RDSTFRANKLINRD,NONE,2020-03-27 10:05:00,,,
BLOOMINGTON PD,BLOOMINGTON,2,0.0,0.0,0.0,0,,,,E 3RD ST,ST RD 46,,,,39.168936508562844,-86.66565854115521,LOCAL/CITY RD,N,URBAN,N,N,N,,DAYLIGHT,CLOUDY,DRY,,FOUR-WAY INTERSECTION,STRAIGHT/LEVEL,ASPHALT,FOLLOWING TOO CLOSELY,REAR END,E 3RDSTST RD 46ST,TRAFFIC CONTROL SIGNAL,2020-03-27 16:55:00,,,
MONROE SD,BLOOMINGTON,2,0.0,0.0,0.0,0,,,,W 7TH ST,,,200.0,W,39.212085349345024,-86.58719988436772,LOCAL/CITY RD,Y,URBAN,N,N,N,,DAYLIGHT,CLEAR,DRY,,NO JUNCTION INVOLVED,STRAIGHT/GRADE,ASPHALT,OTHER (DRIVER) - EXPLAIN IN NARRATIVE,SAME DIRECTION SIDESWIPE,NCOLLEGEAVEW7THST,NONE,2020-03-28 01:23:00,,,
MONROE SD,BLOOMINGTON,1,0.0,1.0,0.0,0,,,,S ROGERS ST,W CHURCH LN (N),,,,39.33394053,-86.51248445,LOCAL/CITY RD,N,URBAN,Y,N,N,,DARK (LIGHTED),CLEAR,DRY,,NO JUNCTION INVOLVED,STRAIGHT/GRADE,ASPHALT,RAN OFF RD RIGHT,RAN OFF RD,SROGERSSTWCHURCHLN,STOP SIGN,2020-03-28 04:18:00,,,
MONROE SD,ELLETTSVILLE,1,0.0,0.0,0.0,0,,,,W WOODLAND RD,,,500.0,E,39.08984576811958,-86.66629419684361,COUNTY RD,N,RURAL,N,N,N,,DAYLIGHT,CLEAR,DRY,,NO JUNCTION INVOLVED,STRAIGHT/GRADE,ASPHALT,RAN OFF RD RIGHT,RAN OFF RD,NBARRRDWWOODLANDRD,NONE,2020-03-28 07:59:00,,,
BLOOMINGTON PD,BLOOMINGTON,2,0.0,0.0,0.0,0,1211.0,,,W 13TH ST,,,100.0,W,39.10360420789781,-86.55122118959609,LOCAL/CITY RD,Y,URBAN,N,N,N,,DARK (LIGHTED),CLEAR,DRY,,NO JUNCTION INVOLVED,STRAIGHT/LEVEL,ASPHALT,RAN OFF RD RIGHT,,NSUMMITSTW13THST,NONE,2020-03-28 12:30:00,,,
BLOOMINGTON PD,BLOOMINGTON,2,0.0,0.0,0.0,0,,,,W COUNTRY CLUB DR,S ROGERS ST,,,,39.15047539815039,-86.49823074560527,LOCAL/CITY RD,N,URBAN,N,N,N,,DAYLIGHT,RAIN,WET,,FOUR-WAY INTERSECTION,STRAIGHT/LEVEL,ASPHALT,SPEED TOO FAST FOR WEATHER CONDITIONS,REAR END,SROGERSSTWCOUNTRYCLUBDR,TRAFFIC CONTROL SIGNAL,2020-03-28 17:25:00,,,
BLOOMINGTON PD,BLOOMINGTON,1,0.0,1.0,0.0,0,,,,W 3RD ST,S WESTPLEX AVE,,200.0,W,39.266740068652396,-86.66571271367872,LOCAL/CITY RD,N,URBAN,N,N,N,,DARK (NOT LIGHTED),RAIN,WET,,T-INTERSECTION,STRAIGHT/GRADE,ASPHALT,RAN OFF RD RIGHT,RAN OFF RD,3RDSTWESTPLEXAVE,NONE,2020-03-28 22:15:00,,,
INDIANA UNIV BLOOMINGTON PD,BLOOMINGTON,2,0.0,0.0,0.0,0,,,,E 12TH ST,N INDIANA AVE,,,,39.157285844251035,-86.49786967346725,LOCAL/CITY RD,N,URBAN,N,N,N,,DARK (LIGHTED),CLEAR,WET,,FOUR-WAY INTERSECTION,STRAIGHT/LEVEL,ASPHALT,FAILURE TO YIELD RIGHT OF WAY,RIGHT ANGLE,INDIANAAVETWELVETHST,STOP SIGN,2020-03-29 00:25:00,,,
BLOOMINGTON PD,BLOOMINGTON,2,0.0,0.0,0.0,0,,,,E ROGERS ST,S HIGH ST,,,,39.23169,-86.67144,LOCAL/CITY RD,Y,URBAN,N,N,N,,DAYLIGHT,CLEAR,DRY,,FOUR-WAY INTERSECTION,STRAIGHT/LEVEL,CONCRETE,FAILURE TO YIELD RIGHT OF WAY,SAME DIRECTION SIDESWIPE,EASTROGERSRDSOUTHHIGHST,ROUNDABOUT INTERSECTION,2020-03-29 18:10:00,,,
INDIANA UNIV BLOOMINGTON PD,BLOOMINGTON,2,0.0,0.0,0.0,0,,,,N CAMPBELL ST,E 10TH ST,,,,39.164534522498066,-86.57022120166911,LOCAL/CITY RD,N,URBAN,N,N,N,,DAYLIGHT,CLEAR,DRY,,NO JUNCTION INVOLVED,STRAIGHT/GRADE,ASPHALT,UNSAFE BACKING,BACKING CRASH,10THSTCAMPBELLST,NONE,2020-03-30 12:05:00,,,
MONROE SD,BLOOMINGTON,2,0.0,0.0,0.0,0,,,,ST RD 37,S ST RD 37,,,,39.16423,-86.49826,ST RD,N,RURAL,N,N,N,,DAYLIGHT,CLEAR,DRY,,FOUR-WAY INTERSECTION,CURVE/LEVEL,ASPHALT,FOLLOWING TOO CLOSELY,REAR END,OLDST37RDS ST RD 37,TRAFFIC CONTROL SIGNAL,2020-03-30 13:23:00,,,
BLOOMINGTON PD,BLOOMINGTON,2,0.0,1.0,0.0,0,,,,S WALNUT ST,E ALLEN ST,,,,39.168656,-86.534784,LOCAL/CITY RD,N,URBAN,N,N,N,,DAYLIGHT,CLEAR,DRY,,NO JUNCTION INVOLVED,STRAIGHT/LEVEL,ASPHALT,FOLLOWING TOO CLOSELY,REAR END,EALLENSTSWALNUTST,OTHER,2020-03-30 15:16:00,,,
BLOOMINGTON PD,BLOOMINGTON,1,0.0,0.0,0.0,0,110.0,,,ALLEY,ALLEY,,,,39.10672323343453,-86.54025584731507,UNKNOWN,N,URBAN,N,N,N,,DAYLIGHT,CLEAR,DRY,,NO JUNCTION INVOLVED,STRAIGHT/LEVEL,ASPHALT,ANIMAL/OBJECT IN RDWAY,COLLISION WITH OBJECT IN RD,W6THST,NONE,2020-03-30 16:05:00,,,
INDIANA UNIV BLOOMINGTON PD,BLOOMINGTON,2,0.0,0.0,0.0,0,,,,N UNION CT,,,200.0,E,39.28105013985082,-86.607322659984,LOCAL/CITY RD,Y,URBAN,N,N,N,,DAYLIGHT,CLEAR,DRY,,NO JUNCTION INVOLVED,CURVE/LEVEL,ASPHALT,,,NUNIONCTNUNIONST,NONE,2020-03-30 17:30:00,,,
MONROE SD,BLOOMINGTON,2,0.0,0.0,0.0,0,,,,W SAMPLE RD,N CANYON CT,,,,39.175152,-86.548048,COUNTY RD,N,RURAL,N,N,N,,DAYLIGHT,CLEAR,DRY,,T-INTERSECTION,CURVE/LEVEL,ASPHALT,IMPROPER LN USAGE,RIGHT TURN,CANYONCTSAMPLERD,NONE,2020-03-30 19:11:00,,,
MONROE SD,BLOOMINGTON,1,0.0,0.0,0.0,0,,,,W FULLERTON PK,W REDDY WAY,,,,39.13604,-86.53827,COUNTY RD,Y,URBAN,N,N,N,,DAYLIGHT,CLOUDY,DRY,,NO JUNCTION INVOLVED,STRAIGHT/LEVEL,ASPHALT,FOLLOWING TOO CLOSELY,OTHER - EXPLAIN IN NARRATIVE,FULLERTONPKREDDYWAY,NONE,2020-03-31 07:24:00,,,
BLOOMINGTON PD,BLOOMINGTON,2,0.0,0.0,0.0,0,2313.0,,,E WOODBINE DR,S WOODBINE CT,,300.0,E,39.1644,-86.55389,LOCAL/CITY RD,Y,URBAN,N,N,N,,DAYLIGHT,CLOUDY,DRY,,NO JUNCTION INVOLVED,STRAIGHT/LEVEL,ASPHALT,OTHER (DRIVER) - EXPLAIN IN NARRATIVE,REAR END,2313EWOODBINEAVENOTADR,NONE,2020-03-31 13:39:00,,,