Agency,City,Vehicles Involved,Trailers Involved,Number Injured,Number Dead,Number Deer,House Number,Roadway Interchange,Roadway Ramp,Roadway Id,Intersecting Road,Interchange,Feet From,Direction,Latitude,Longitude,Roadway Class,Hit and Run?,Locality,School Zone?,Rumble Strips?,Construction?,Construction Type,Light Condition,Weather Conditions,Surface Condition,Type of Median,Roadway Junction Type,Road Character,Roadway Surface,Primary Factor,Manner of Collision,Unique Location Id,Traffic Control,DateTime,Address Number,Cyclist Involved,Pedestrian Involved
INDIANA UNIV BLOOMINGTON PD,BLOOMINGTON,2,0.0,1.0,0.0,0,,,,ST RD 46,E ASTGATE LN (N),,,,39.186216015339205,-86.5345732291008,ST RD,N,URBAN,N,N,N,,DAYLIGHT,CLEAR,WET,,FOUR-WAY INTERSECTION,STRAIGHT/LEVEL,ASPHALT,FOLLOWING TOO CLOSELY,REAR END,EEASTGATELNST RD 46,TRAFFIC CONTROL SIGNAL,2020-05-19 15:05:00,,,
BLOOMINGTON PD,BLOOMINGTON,3,0.0,0.0,0.0,0,2222.0,,,E 3RD ST,S HIGH ST,,200.0,E,39.187018402323886,-86.55501633172517,LOCAL/CITY RD,N,URBAN,N,N,N,,DAYLIGHT,CLOUDY,WET,,NO JUNCTION INVOLVED,STRAIGHT/GRADE,ASPHALT,FOLLOWING TOO CLOSELY,REAR END,2222E 3RDSTHIGHST,NONE,2020-05-19 15:09:00,,,
MONROE SD,BLOOMINGTON,1,0.0,0.0,0.0,0,7311.0,,,ST RD 48,,,1000.0,W,39.14973910026083,-86.53354799945383,ST RD,N,RURAL,N,N,N,,DAYLIGHT,CLOUDY,WET,,NO JUNCTION INVOLVED,CURVE/GRADE,ASPHALT,SPEED TOO FAST FOR WEATHER CONDITIONS,RAN OFF RD,CAVERDST RD 48W,NONE,2020-05-19 16:06:00,,,
MONROE SD,STINESVILLE,1,0.0,0.0,0.0,0,7060.0,,,W TABOR HILL RD,,,,,39.02001758543449,-86.53637758744017,COUNTY RD,Y,RURAL,N,N,N,,DAYLIGHT,CLEAR,DRY,,NO JUNCTION INVOLVED,CURVE/GRADE,ASPHALT,RAN OFF RD RIGHT,RAN OFF RD,WTABORHILLRD,LN CONTROL,2020-05-20 09:28:00,,,
MONROE SD,BLOOMINGTON,2,0.0,1.0,0.0,0,,,,ST RD 46,W HEDRICK RD,,100.0,E,39.158848,-86.647104,ST RD,N,RURAL,N,N,N,,DAYLIGHT,CLOUDY,DRY,,NO JUNCTION INVOLVED,STRAIGHT/LEVEL,ASPHALT,FOLLOWING TOO CLOSELY,REAR END,HEDRICKRDST RD 46 W,NONE,2020-05-20 14:49:00,,,
MONROE SD,BLOOMINGTON,1,0.0,0.0,0.0,0,,,,S CURRY PK,W STEBU LN,,,,39.08911767,-86.66739026,LOCAL/CITY RD,N,URBAN,N,N,N,,DAYLIGHT,CLOUDY,DRY,,T-INTERSECTION,STRAIGHT/LEVEL,ASPHALT,RAN OFF RD RIGHT,RAN OFF RD,SOUTHCURRYPKSTEBULN,NONE,2020-05-20 17:48:00,,,
BLOOMINGTON PD,BLOOMINGTON,2,0.0,0.0,0.0,0,,,,W KIRKWOOD AVE,N ROGERS ST,,,,39.255924173686026,-86.52627733892122,LOCAL/CITY RD,N,URBAN,N,N,N,,DAWN/DUSK,CLEAR,DRY,,FOUR-WAY INTERSECTION,STRAIGHT/LEVEL,ASPHALT,DISREGARD SIGNAL/REG SIGN,RIGHT ANGLE,KIRKWOODAVEROGERSST,TRAFFIC CONTROL SIGNAL,2020-05-21 06:51:00,,,
BLOOMINGTON PD,BLOOMINGTON,2,0.0,0.0,0.0,0,,,,W RAPPEL AVE,W STONELAKE DR,,300.0,N,39.15502,-86.57526,LOCAL/CITY RD,N,URBAN,N,N,N,,DAYLIGHT,CLOUDY,DRY,,T-INTERSECTION,STRAIGHT/GRADE,ASPHALT,IMPROPER TURNING,OPPOSITE DIRECTION SIDESWIPE,RAPPELAVESTONELAKEDR,NONE,2020-05-21 10:04:00,,,
MONROE SD,BLOOMINGTON,2,0.0,0.0,0.0,0,,,,W SIMPSON CHAPEL RD,N BOTTOM RD,,,,39.12217393044749,-86.56240504003307,COUNTY RD,N,RURAL,N,N,N,,DAYLIGHT,CLEAR,DRY,,Y-INTERSECTION,STRAIGHT/GRADE,ASPHALT,UNSAFE BACKING,REAR END,NBOTTOMRDWSIMPSONCHAPELRD,STOP SIGN,2020-05-21 15:38:00,,,
MONROE SD,BLOOMINGTON,1,0.0,0.0,0.0,0,6120.0,,,ST RD 45,,,,,39.16554860986593,-86.53364704671644,ST RD,N,RURAL,N,N,N,,DARK (NOT LIGHTED),CLEAR,DRY,,NO JUNCTION INVOLVED,STRAIGHT/LEVEL,ASPHALT,RAN OFF RD RIGHT,RAN OFF RD,ST RD 45E,NONE,2020-05-21 21:15:00,,,
MONROE SD,BLOOMINGTON,1,0.0,0.0,0.0,1,,,,ST RD 48,,,975.0,E,39.17014241394603,-86.50141102962239,ST RD,N,RURAL,N,N,N,,DARK (NOT LIGHTED),CLEAR,DRY,,NO JUNCTION INVOLVED,STRAIGHT/GRADE,ASPHALT,ANIMAL/OBJECT IN RDWAY,COLLISION WITH DEER,OARDRDST RD 48W,LN CONTROL,2020-05-21 22:34:00,,,
INDIANA UNIV BLOOMINGTON PD,BLOOMINGTON,2,0.0,0.0,0.0,0,,,,S EAGLESON AVE,E 3RD ST,,,,39.16425681792071,-86.50852794122503,LOCAL/CITY RD,N,URBAN,N,N,N,,DAYLIGHT,CLEAR,DRY,,T-INTERSECTION,STRAIGHT/LEVEL,ASPHALT,IMPROPER TURNING,LEFT TURN,EAGLESON AVEAVE 3RDST,NONE,2020-05-22 13:29:00,,,
BLOOMINGTON PD,BLOOMINGTON,2,0.0,0.0,0.0,0,,,,S ROGERS ST,W COUNTRY CLUB DR,,,,39.16370560006854,-86.63256892328518,LOCAL/CITY RD,N,URBAN,N,N,N,,DAYLIGHT,CLEAR,DRY,,FOUR-WAY INTERSECTION,STRAIGHT/LEVEL,ASPHALT,FOLLOWING TOO CLOSELY,REAR END,SROGERSRDWCOUNTRYCLUBRD,TRAFFIC CONTROL SIGNAL,2020-05-22 14:41:00,,,
BLOOMINGTON PD,BLOOMINGTON,2,0.0,1.0,0.0,0,,,,E WINSLOW RD,S HENDERSON ST,,,,39.30388755629374,-86.63883085987065,LOCAL/CITY RD,N,URBAN,N,N,N,,DAYLIGHT,CLEAR,DRY,,FOUR-WAY INTERSECTION,STRAIGHT/LEVEL,ASPHALT,FAILURE TO YIELD RIGHT OF WAY,RIGHT ANGLE,EWINSLOWRDSHENDERSONST,TRAFFIC CONTROL SIGNAL,2020-05-22 19:58:00,,,
ISP BLOOMINGTON 33,BLOOMINGTON,1,,0.0,0.0,0,4928.0,,,ST RD 45,,,898.0,N,39.27758432986266,-86.67732922252574,ST RD,,RURAL,N,N,N,,DARK (NOT LIGHTED),CLEAR,DRY,,NO JUNCTION INVOLVED,,ASPHALT,OVERCORRECTING/OVERSTEERING,RAN OFF RD,,,2020-05-22 21:50:00,,,
BLOOMINGTON PD,BLOOMINGTON,2,0.0,0.0,0.0,0,,,,W BLOOMFIELD RD,W ALLEN ST,,,,39.15482029249065,-86.5826356026651,LOCAL/CITY RD,N,URBAN,N,N,N,,DAYLIGHT,CLOUDY,DRY,,T-INTERSECTION,STRAIGHT/LEVEL,ASPHALT,IMPROPER TURNING,LEFT TURN,WALLENSTWBLOOMFIELDRD,STOP SIGN,2020-05-23 10:59:00,,,
BLOOMINGTON PD,BLOOMINGTON,2,0.0,0.0,0.0,0,,,,E HILLSIDE DR,S HENDERSON ST,,,,39.16659950247848,-86.53869122749258,LOCAL/CITY RD,N,URBAN,N,N,N,,DAYLIGHT,CLEAR,DRY,,FOUR-WAY INTERSECTION,STRAIGHT/LEVEL,ASPHALT,DRIVER DISTRACTED - EXPLAIN IN NARRATIVE,REAR END,HENDERSONSTHILLSIDEDR,TRAFFIC CONTROL SIGNAL,2020-05-23 12:20:00,,,
MONROE SD,BLOOMINGTON,2,0.0,0.0,0.0,0,4600.0,,,ST RD 446,ENTRANCE TO SCENIC VIEW RESTAURANT,,1000.0,S,39.18721,-86.54562,ST RD,N,RURAL,N,N,N,,DAYLIGHT,CLEAR,DRY,,T-INTERSECTION,STRAIGHT/LEVEL,ASPHALT,FOLLOWING TOO CLOSELY,REAR END,SOLDRICHARDSONRDST RD 446S,NONE,2020-05-23 16:41:00,,,
ISP BLOOMINGTON 33,BLOOMINGTON,2,,0.0,0.0,0,3574.0,,,ST RD 446,,,0.0,S,39.26958109478702,-86.54776198018081,ST RD,,RURAL,N,N,N,,DAYLIGHT,CLEAR,DRY,,NO JUNCTION INVOLVED,,ASPHALT,IMPROPER TURNING,RIGHT ANGLE,StateRd446,,2020-05-23 17:50:00,,,
ISP BLOOMINGTON 33,BLOOMINGTON,2,,1.0,0.0,0,,,,N ST RD 37,,,845.0,S,39.21935133713438,-86.44920896193945,COUNTY RD,,RURAL,N,N,N,,DAYLIGHT,CLEAR,DRY,,NO JUNCTION INVOLVED,,CONCRETE,INSECURE/LEAKY LOAD,COLLISION WITH OBJECT IN RD,,,2020-05-24 10:23:00,,,
INDIANA UNIV BLOOMINGTON PD,BLOOMINGTON,1,0.0,1.0,0.0,0,,,,E 3RD ST,S FESS AVE,,,,-1.5569014828070174e-05,-3.6439684370785134e-05,LOCAL/CITY RD,N,URBAN,N,N,N,,DAYLIGHT,CLEAR,DRY,,T-INTERSECTION,STRAIGHT/LEVEL,ASPHALT,RAN OFF RD RIGHT,RAN OFF RD,FESSAVE 3RDST,NONE,2020-05-24 14:25:00,,,
MONROE SD,BLOOMINGTON,2,0.0,0.0,0.0,0,820.0,,,S CURRY PK,,,50.0,N,39.164234640299156,-86.51641283346787,COUNTY RD,N,RURAL,N,N,N,,DAYLIGHT,CLEAR,DRY,,T-INTERSECTION,STRAIGHT/LEVEL,ASPHALT,UNSAFE BACKING,BACKING CRASH,SCURRYPKWDOYLEAVE,NONE,2020-05-24 15:16:00,,,
ELLETTSVILLE PD,ELLETTSVILLE,1,0.0,1.0,0.0,0,,,,ST RD 46,W FORREST PARK DR,,100.0,W,39.13602730977101,-86.53829755068713,ST RD,N,URBAN,N,N,N,,DARK (NOT LIGHTED),CLEAR,WET,,NO JUNCTION INVOLVED,STRAIGHT/LEVEL,ASPHALT,OTHER (DRIVER) - EXPLAIN IN NARRATIVE,COLLISION WITH OBJECT IN RD,FORESTPARKDRST RD 46 W,NONE,2020-05-24 22:01:00,,,True
MONROE SD,BLOOMINGTON,1,0.0,0.0,0.0,0,,,,S ST RD 37,,,500.0,N,39.13599656969721,-86.52689404327744,COUNTY RD,Y,RURAL,N,N,N,,DAWN/DUSK,CLEAR,DRY,,NO JUNCTION INVOLVED,CURVE/GRADE,ASPHALT,RAN OFF RD RIGHT,RAN OFF RD,SOUTHOLDSTATERD37RDWESTMONROEDAMRD,NONE,2020-05-25 06:38:00,,,
BLOOMINGTON PD,BLOOMINGTON,2,0.0,0.0,0.0,0,,,,N CURRY PK,S WELMIR DR,,,,39.186842140429604,-86.46800397099818,LOCAL/CITY RD,Y,URBAN,N,N,N,,DAYLIGHT,CLEAR,DRY,,T-INTERSECTION,STRAIGHT/LEVEL,ASPHALT,FOLLOWING TOO CLOSELY,REAR END,NCURRYPKSWELMIRDR,STOP SIGN,2020-05-25 18:30:00,,,
BLOOMINGTON PD,BLOOMINGTON,3,0.0,0.0,0.0,0,,,,W ADAMS ST,S PATTERSON DR,,1000.0,W,39.15609421015268,-86.56144190352455,LOCAL/CITY RD,N,URBAN,N,N,Y,WORK ON SHOULDER,DARK (LIGHTED),CLEAR,DRY,,NO JUNCTION INVOLVED,CURVE/GRADE,ASPHALT,LEFT OF CENTER,OPPOSITE DIRECTION SIDESWIPE,KIRWOODAVE 3RDST,LN CONTROL,2020-05-25 22:25:00,,,
MONROE SD,BLOOMINGTON,2,0.0,0.0,0.0,0,,,,I-69 N,,,0.0,N,39.15053896694187,-86.5269332512346,INTERSTATE,Y,RURAL,N,Y,N,,DAYLIGHT,CLEAR,DRY,,NO JUNCTION INVOLVED,STRAIGHT/LEVEL,ASPHALT,UNSAFE LN MOVEMENT,SAME DIRECTION SIDESWIPE,I-69 N112.0,NONE,2020-05-26 07:30:00,,,
BLOOMINGTON PD,BLOOMINGTON,1,0.0,1.0,0.0,0,,,,ST RD 46,ST RD 46,,,,39.10720619177372,-86.43117373675592,ST RD,N,URBAN,N,N,N,,DAYLIGHT,CLEAR,DRY,,FOUR-WAY INTERSECTION,STRAIGHT/GRADE,ASPHALT,FAILURE TO YIELD RIGHT OF WAY,RIGHT TURN,COLLEGEMALLRDST RD 46E,TRAFFIC CONTROL SIGNAL,2020-05-26 10:56:00,,True,
BLOOMINGTON PD,BLOOMINGTON,2,0.0,0.0,0.0,0,,,,E HILLSIDE DR,S WALNUT ST,,,,39.125702137392096,-86.43915612770203,LOCAL/CITY RD,N,URBAN,N,N,N,,DAYLIGHT,CLEAR,DRY,,FOUR-WAY INTERSECTION,STRAIGHT/GRADE,ASPHALT,INSECURE/LEAKY LOAD,REAR END,EHILLSIDEDRSWALNUTST,TRAFFIC CONTROL SIGNAL,2020-05-26 13:34:00,,,
BLOOMINGTON PD,BLOOMINGTON,3,0.0,0.0,0.0,0,,,,S COLLEGE AVE,W 2ND ST,,,,39.2317479048408,-86.54078428446851,LOCAL/CITY RD,N,URBAN,N,N,N,,DAYLIGHT,CLEAR,DRY,,FOUR-WAY INTERSECTION,STRAIGHT/GRADE,ASPHALT,DISREGARD SIGNAL/REG SIGN,OTHER - EXPLAIN IN NARRATIVE,SCOLLEGEAVEW 2NDST,TRAFFIC CONTROL SIGNAL,2020-05-26 15:03:00,,,
BLOOMINGTON PD,BLOOMINGTON,2,0.0,1.0,0.0,0,,,,W BLOOMFIELD RD,S OAKDALE DR,,100.0,W,39.16428,-86.52586,LOCAL/CITY RD,N,URBAN,N,N,N,,DAYLIGHT,RAIN,WET,,NO JUNCTION INVOLVED,STRAIGHT/LEVEL,CONCRETE,FOLLOWING TOO CLOSELY,REAR END,SOUTHOAKDALEDRWESTBLOOMFIELDRD,NONE,2020-05-26 15:34:00,,,
MONROE SD,BLOOMINGTON,1,0.0,0.0,0.0,0,,,,ST RD 46,N CURRY PK,,,,39.15833121259836,-86.5827624676403,ST RD,N,RURAL,N,N,N,,DAYLIGHT,CLEAR,WET,,FOUR-WAY INTERSECTION,STRAIGHT/LEVEL,ASPHALT,SPEED TOO FAST FOR WEATHER CONDITIONS,OTHER - EXPLAIN IN NARRATIVE,NCURRYPKST RD 46 W,TRAFFIC CONTROL SIGNAL,2020-05-26 15:55:00,,,
MONROE SD,BLOOMINGTON,2,0.0,0.0,0.0,0,,,,S CURRY PK,ST RD 48,,,,39.21201292543907,-86.58703090430882,LOCAL/CITY RD,N,URBAN,N,N,N,,DARK (NOT LIGHTED),CLEAR,DRY,,FOUR-WAY INTERSECTION,STRAIGHT/LEVEL,ASPHALT,UNSAFE LN MOVEMENT,SAME DIRECTION SIDESWIPE,SOUTHCURRYPKW 3RDST,NONE,2020-05-26 22:20:00,,,
MONROE SD,BLOOMINGTON,1,0.0,1.0,0.0,0,3707.0,,,E ANDERSON RD,,,1000.0,E,39.0731639186724,-86.53947628358895,LOCAL/CITY RD,N,RURAL,N,N,N,,DAYLIGHT,CLOUDY,DRY,,T-INTERSECTION,STRAIGHT/LEVEL,ASPHALT,RAN OFF RD RIGHT,RAN OFF RD,DORARDEANDERSONRD,NONE,2020-05-26 23:40:00,,,
BLOOMINGTON PD,BLOOMINGTON,2,0.0,1.0,0.0,0,,,,ST RD 45,N PETE LLIS DR,,,,39.166831993034776,-86.58297385237776,LOCAL/CITY RD,N,URBAN,N,N,N,,DAYLIGHT,CLOUDY,DRY,,FOUR-WAY INTERSECTION,STRAIGHT/GRADE,ASPHALT,FOLLOWING TOO CLOSELY,REAR END,10THSTPETEELLISDR,TRAFFIC CONTROL SIGNAL,2020-05-27 12:25:00,,,
BLOOMINGTON PD,BLOOMINGTON,2,0.0,1.0,0.0,0,,,,W 3RD ST,S KIMBLE DR,,,,39.16270910699087,-86.55051317642595,LOCAL/CITY RD,N,URBAN,N,N,N,,DAYLIGHT,CLEAR,DRY,,FOUR-WAY INTERSECTION,STRAIGHT/LEVEL,CONCRETE,FOLLOWING TOO CLOSELY,REAR END,SKIMBLEDRW 3RDST,NONE,2020-05-27 14:41:00,,,
BLOOMINGTON PD,BLOOMINGTON,2,0.0,0.0,0.0,0,,,,S BASSWOOD DR,S BASSWOOD CIR,,,,0.0,0.0,LOCAL/CITY RD,Y,URBAN,N,N,N,,DAYLIGHT,CLOUDY,DRY,,T-INTERSECTION,STRAIGHT/GRADE,ASPHALT,FOLLOWING TOO CLOSELY,REAR END,SBASSWOODDRWBASSWOODCIR,NONE,2020-05-27 14:52:00,,,
INDIANA UNIV BLOOMINGTON PD,BLOOMINGTON,2,0.0,0.0,0.0,0,,,,S INDIANA AVE,E 3RD ST,,,,39.18624269072042,-86.53166921513143,LOCAL/CITY RD,N,URBAN,N,N,N,,DAYLIGHT,CLOUDY,DRY,,FOUR-WAY INTERSECTION,STRAIGHT/LEVEL,ASPHALT,UNSAFE LN MOVEMENT,SAME DIRECTION SIDESWIPE,INDIANAAVE 3RDST,TRAFFIC CONTROL SIGNAL,2020-05-27 14:55:00,,,
MONROE SD,BLOOMINGTON,1,0.0,0.0,0.0,1,,,,I-69 S,ST RD 45/46,,20.0,N,39.15047831762267,-86.53367356515967,INTERSTATE,N,RURAL,N,Y,N,,DAYLIGHT,CLOUDY,DRY,,INTERCHANGE,STRAIGHT/LEVEL,ASPHALT,ANIMAL/OBJECT IN RDWAY,COLLISION WITH DEER,I-69SSTATERD46RD,NONE,2020-05-27 15:00:00,,,
BLOOMINGTON PD,BLOOMINGTON,2,0.0,0.0,0.0,0,504.0,,,E DIXIE ST,,,,,39.16135857657308,-86.53503935052598,UNKNOWN,Y,URBAN,N,N,N,,,,DRY,,NO JUNCTION INVOLVED,NON-RDWAY CRASH,ASPHALT,,OPPOSITE DIRECTION SIDESWIPE,EDIXIEST,NONE,2020-05-28 02:00:00,,,
ELLETTSVILLE PD,ELLETTSVILLE,1,0.0,0.0,0.0,0,,,,N HARTSTRAIT RD,,,2000.0,S,39.149749836901705,-86.56893428814037,LOCAL/CITY RD,N,RURAL,N,N,N,,DARK (NOT LIGHTED),CLEAR,DRY,,NO JUNCTION INVOLVED,STRAIGHT/LEVEL,ASPHALT,RAN OFF RD RIGHT,RAN OFF RD,HARTSTRAITRDWALCOTTLN,LN CONTROL,2020-05-28 02:07:00,,,
MONROE SD,BLOOMINGTON,1,0.0,0.0,0.0,1,,,,I-69 N,W FULLERTON PK,,500.0,S,39.19363244287709,-86.57142126722616,INTERSTATE,N,RURAL,N,N,N,,DARK (NOT LIGHTED),RAIN,WET,,INTERCHANGE,STRAIGHT/LEVEL,ASPHALT,ANIMAL/OBJECT IN RDWAY,COLLISION WITH ANIMAL OTHER,FULLERTONPKI-69 N,NONE,2020-05-28 05:21:00,,,
MONROE SD,BLOOMINGTON,1,0.0,0.0,0.0,0,9396.0,,,S STRAIN RIDGE RD,,,,,39.16458389590066,-86.58295182434406,COUNTY RD,N,RURAL,N,N,N,,DARK (NOT LIGHTED),RAIN,WET,,NO JUNCTION INVOLVED,STRAIGHT/LEVEL,ASPHALT,RAN OFF RD RIGHT,RAN OFF RD,STRAINRIDGERD,NONE,2020-05-28 05:56:00,,,
BLOOMINGTON PD,BLOOMINGTON,2,0.0,2.0,0.0,0,,,,W 2ND ST,S EUCLID AVE,,,,39.266,-86.48992648,LOCAL/CITY RD,N,URBAN,N,N,N,,DAYLIGHT,CLEAR,DRY,,T-INTERSECTION,STRAIGHT/HILLCREST,ASPHALT,VIEW OBSTRUCTED,LEFT TURN,SEUCLIDAVEW 2NDST,STOP SIGN,2020-05-28 14:24:00,,,
MONROE SD,BLOOMINGTON,1,0.0,1.0,0.0,0,1050.0,,,N HARTSTRAIT RD,N WELLNESS WAY,,4224.0,N,39.17149,-86.49537,LOCAL/CITY RD,N,RURAL,N,N,N,,DAYLIGHT,CLOUDY,DRY,,NO JUNCTION INVOLVED,STRAIGHT/GRADE,CONCRETE,IMPROPER PASSING,SAME DIRECTION SIDESWIPE,1050NHARTSTRAITRDWST RD 45HWY,NONE,2020-05-28 17:38:00,,True,
BLOOMINGTON PD,BLOOMINGTON,2,0.0,1.0,0.0,0,,,,ST RD 48,S GATES DR,,,,39.16452882257874,-86.56799912205291,LOCAL/CITY RD,Y,URBAN,N,N,N,,DARK (LIGHTED),RAIN,WET,,FOUR-WAY INTERSECTION,STRAIGHT/LEVEL,ASPHALT,FAILURE TO YIELD RIGHT OF WAY,RIGHT ANGLE,NGATESDRW 3RDST,TRAFFIC CONTROL SIGNAL,2020-05-28 21:15:00,,,
MONROE SD,BLOOMINGTON,1,0.0,0.0,0.0,0,,,,ST RD 45,,,1000.0,S,39.152497272894465,-86.57251067107413,ST RD,N,RURAL,N,N,N,,DARK (NOT LIGHTED),CLEAR,DRY,,NO JUNCTION INVOLVED,STRAIGHT/GRADE,ASPHALT,ANIMAL/OBJECT IN RDWAY,COLLISION WITH ANIMAL OTHER,DUNLAPRDST RD 45 W,NONE,2020-05-29 11:08:00,,,
BLOOMINGTON PD,BLOOMINGTON,2,0.0,1.0,0.0,0,,,,S HENDERSON ST,E GRAHAM DR,,,,39.16427644972744,-86.52693490660671,LOCAL/CITY RD,Y,URBAN,N,N,N,,DAYLIGHT,RAIN,WET,,FOUR-WAY INTERSECTION,STRAIGHT/LEVEL,ASPHALT,FAILURE TO YIELD RIGHT OF WAY,HEAD ON BETWEEN TWO MOTOR VEHICLES,EGRAHAMPLSHENDERSONST,STOP SIGN,2020-05-29 12:20:00,,,
ISP BLOOMINGTON 33,BLOOMINGTON,1,,1.0,0.0,0,,,,I-69 N,,,0.0,S,39.18213636360688,-86.55692337717252,INTERSTATE,,RURAL,N,N,N,,DAYLIGHT,RAIN,WET,,NO JUNCTION INVOLVED,,CONCRETE,SPEED TOO FAST FOR WEATHER CONDITIONS,RAN OFF RD,,,2020-05-29 12:30:00,,,
BLOOMINGTON PD,BLOOMINGTON,1,0.0,0.0,0.0,0,,,,S COLLEGE MALL RD,ENTRANCE TO EASTLAND PLAZA,,,,39.15631,-86.52873,LOCAL/CITY RD,N,URBAN,N,N,N,,DAYLIGHT,CLOUDY,WET,,NO JUNCTION INVOLVED,STRAIGHT/LEVEL,ASPHALT,OVERCORRECTING/OVERSTEERING,NON-COLLISION,ACCESSDRTOEASTLANDPLAZAPLZSCOLLEGEMALLRD,TRAFFIC CONTROL SIGNAL,2020-05-29 14:31:00,,,
BLOOMINGTON PD,BLOOMINGTON,1,0.0,1.0,0.0,0,,,,N ROGERS ST,W 10TH ST,,50.0,S,39.20144161143715,-86.6114315283983,LOCAL/CITY RD,N,URBAN,N,N,N,,DAYLIGHT,CLOUDY,DRY,,TRAIL CROSSINGS,STRAIGHT/LEVEL,ASPHALT,FAILURE TO YIELD RIGHT OF WAY,RIGHT ANGLE,10THSTNROGERSST,LN CONTROL,2020-05-29 14:58:00,,True,
MONROE SD,BLOOMINGTON,2,0.0,0.0,0.0,0,,,,N SMITH PK,N NORWAY DR,,,,39.12228,-86.5711,COUNTY RD,N,RURAL,N,N,N,,DAYLIGHT,CLEAR,DRY,,NO JUNCTION INVOLVED,STRAIGHT/LEVEL,ASPHALT,FOLLOWING TOO CLOSELY,REAR END,NORWAYDRSMITHPK,NONE,2020-05-29 15:46:00,,,
BLOOMINGTON PD,BLOOMINGTON,2,0.0,0.0,0.0,0,,,,N WALNUT ST,,,100.0,S,39.02593662615314,-86.52310282139678,LOCAL/CITY RD,Y,URBAN,N,N,N,,DARK (LIGHTED),CLEAR,DRY,,FOUR-WAY INTERSECTION,STRAIGHT/LEVEL,ASPHALT,UNSAFE LN MOVEMENT,SAME DIRECTION SIDESWIPE,E7THSTNWALNUTST,NONE,2020-05-29 21:00:00,,,
BLOOMINGTON PD,BLOOMINGTON,1,0.0,1.0,0.0,0,,,,N MORTON ST,W 9TH ST,,,,39.16137188390011,-86.54338822278503,LOCAL/CITY RD,N,URBAN,N,N,N,,DAYLIGHT,CLEAR,DRY,,T-INTERSECTION,STRAIGHT/LEVEL,ASPHALT,OTHER (DRIVER) - EXPLAIN IN NARRATIVE,NON-COLLISION,NMORTONSTW9THST,STOP SIGN,2020-05-30 13:05:00,,,
MONROE SD,BLOOMINGTON,1,0.0,0.0,0.0,0,,Y,Y,E SAMPLE RD,I-69 N,,,,39.17645037156922,-86.61124149075673,COUNTY RD,N,RURAL,N,N,N,,DAYLIGHT,CLEAR,DRY,,TRAFFIC CIRCLE/ROUNDABOUT,CURVE/GRADE,ASPHALT,UNSAFE SPEED,RAN OFF RD,I-69HWYSAMPLERD,NONE,2020-05-30 19:17:00,,,
MONROE SD,BLOOMINGTON,1,0.0,0.0,0.0,1,,,,I-69 N,,,100.0,S,39.1645450201085,-86.5761942243858,INTERSTATE,N,RURAL,N,Y,N,,DARK (NOT LIGHTED),CLEAR,DRY,,NO JUNCTION INVOLVED,STRAIGHT/LEVEL,ASPHALT,ANIMAL/OBJECT IN RDWAY,COLLISION WITH DEER,I-69 N125.5,LN CONTROL,2020-05-30 23:37:00,,,
MONROE SD,BLOOMINGTON,1,0.0,0.0,0.0,0,5901.0,,,W LEONARD SPRINGS RD,,,,,39.117723712112486,-86.62176484384307,LOCAL/CITY RD,N,RURAL,N,N,N,,DARK (NOT LIGHTED),CLOUDY,DRY,,NO JUNCTION INVOLVED,STRAIGHT/LEVEL,ASPHALT,RAN OFF RD RIGHT,NON-COLLISION,WLEONARDSPRINGSRD,NONE,2020-05-30 23:50:00,,,
MONROE SD,BLOOMINGTON,1,0.0,0.0,0.0,1,,,,I-69 N,,,1200.0,N,39.139386118823666,-86.52695330018433,INTERSTATE,N,RURAL,N,N,N,,DAYLIGHT,CLEAR,DRY,,NO JUNCTION INVOLVED,STRAIGHT/LEVEL,ASPHALT,ANIMAL/OBJECT IN RDWAY,COLLISION WITH DEER,I-69 N110,NONE,2020-05-31 11:55:00,,,
BLOOMINGTON PD,BLOOMINGTON,1,0.0,0.0,0.0,0,3425.0,,,ACADIA CT,S ACADIA CT,,,,39.06856467,-86.67342809,LOCAL/CITY RD,N,URBAN,N,N,N,,DAYLIGHT,CLEAR,DRY,,NO JUNCTION INVOLVED,STRAIGHT/LEVEL,CONCRETE,RAN OFF RD RIGHT,RAN OFF RD,SOUTHACADIACT,NONE,2020-05-31 16:57:00,,,
ISP BLOOMINGTON 33,BLOOMINGTON,1,,0.0,0.0,0,,,,ST RD 45/46,E DISCOVERY PKWY,,739.0,N,39.15730576947913,-86.49785318154343,ST RD,,URBAN,N,N,Y,LN CLOSURE,DAYLIGHT,CLEAR,DRY,,NO JUNCTION INVOLVED,,CONCRETE,OTHER (DRIVER) - EXPLAIN IN NARRATIVE,RAN OFF RD,,,2020-05-31 17:50:00,,,
BLOOMINGTON PD,BLOOMINGTON,1,0.0,1.0,0.0,0,,,,S LIBERTY DR,ENTRANCE TO WHITEHALL PLAZA,,,,39.17139,-86.5386,LOCAL/CITY RD,N,URBAN,N,N,N,,DAYLIGHT,CLEAR,DRY,,FOUR-WAY INTERSECTION,STRAIGHT/GRADE,ASPHALT,IMPROPER TURNING,NON-COLLISION,PRIVATEACCESSRDSLIBERTYDR,NONE,2020-05-31 18:10:00,,,