Agency,City,Vehicles Involved,Trailers Involved,Number Injured,Number Dead,Number Deer,House Number,Roadway Interchange,Roadway Ramp,Roadway Id,Intersecting Road,Interchange,Feet From,Direction,Latitude,Longitude,Roadway Class,Hit and Run?,Locality,School Zone?,Rumble Strips?,Construction?,Construction Type,Light Condition,Weather Conditions,Surface Condition,Type of Median,Roadway Junction Type,Road Character,Roadway Surface,Primary Factor,Manner of Collision,Unique Location Id,Traffic Control,DateTime,Address Number,Cyclist Involved,Pedestrian Involved
MONROE SD,BLOOMINGTON,1,0.0,0.0,0.0,1,,,,ST RD 37,W MONROE DAM RD,,300.0,S,39.162295,-86.530858,ST RD,N,RURAL,N,N,N,,DARK (NOT LIGHTED),CLEAR,DRY,,NO JUNCTION INVOLVED,STRAIGHT/GRADE,ASPHALT,ANIMAL/OBJECT IN RDWAY,COLLISION WITH DEER,S ST RD 37WMONROEDAMRD,LN CONTROL,2020-06-20 23:14:00,,,
MONROE SD,BLOOMINGTON,1,0.0,0.0,0.0,0,,,,S FAIRFAX RD,E MARIE LN,,0.0,S,39.1354,-86.53124,COUNTY RD,N,URBAN,N,N,N,,DAYLIGHT,CLOUDY,WET,,NO JUNCTION INVOLVED,CURVE/GRADE,ASPHALT,RAN OFF RD RIGHT,RAN OFF RD,EASTMARIELNSOUTHFAIRFAXRD,NONE,2020-06-21 12:50:00,,,
MONROE SD,BLOOMINGTON,2,0.0,0.0,0.0,0,,,,S FAIRFAX RD,E MARIE LN,,,,39.28048277532258,-86.46302237617458,LOCAL/CITY RD,N,URBAN,N,N,N,,DAYLIGHT,RAIN,WET,,T-INTERSECTION,CURVE/GRADE,ASPHALT,FOLLOWING TOO CLOSELY,REAR END,EMARIELNFAIRFAXRD,NONE,2020-06-21 13:32:00,,,
MONROE SD,BLOOMINGTON,2,0.0,0.0,0.0,0,,,,ST RD 46,N CURRY PK,,,,39.182159275243706,-86.55693508048748,ST RD,N,RURAL,N,Y,N,,DAYLIGHT,CLEAR,DRY,,FOUR-WAY INTERSECTION,STRAIGHT/HILLCREST,ASPHALT,FOLLOWING TOO CLOSELY,REAR END,NORTHCURRYPKST RD 46 W,TRAFFIC CONTROL SIGNAL,2020-06-21 18:55:00,,,
MONROE SD,BLOOMINGTON,1,0.0,0.0,0.0,1,,,,ST RD 446,,,300.0,N,39.150188197503915,-86.48050211106003,ST RD,N,RURAL,N,N,N,,DARK (NOT LIGHTED),CLEAR,DRY,,NO JUNCTION INVOLVED,STRAIGHT/LEVEL,ASPHALT,ANIMAL/OBJECT IN RDWAY,COLLISION WITH DEER,HUNTERSCRKST RD 446S,NONE,2020-06-21 22:07:00,,,
ELLETTSVILLE PD,ELLETTSVILLE,1,0.0,1.0,0.0,0,,,,ST RD 46,N MATTHEWS DR (S),,,,39.05919,-86.50707,LOCAL/CITY RD,Y,URBAN,N,N,N,,DARK (LIGHTED),CLEAR,DRY,,NO JUNCTION INVOLVED,STRAIGHT/LEVEL,ASPHALT,OTHER (DRIVER) - EXPLAIN IN NARRATIVE,OTHER - EXPLAIN IN NARRATIVE,MATHEWSDRTEMPERANCEST,STOP SIGN,2020-06-21 22:47:00,,,
MONROE SD,BLOOMINGTON,1,0.0,1.0,0.0,1,,,,ST RD 37,,,5200.0,N,39.136541620160344,-86.55440894336459,ST RD,N,URBAN,N,N,N,,DARK (NOT LIGHTED),RAIN,WET,,NO JUNCTION INVOLVED,CURVE/GRADE,ASPHALT,ANIMAL/OBJECT IN RDWAY,COLLISION WITH DEER,MONROEDAMRDN ST RD 37,LN CONTROL,2020-06-23 05:51:00,,,
BLOOMINGTON PD,BLOOMINGTON,2,0.0,0.0,0.0,0,,,,ST RD 48,S CURRY PK,,,,39.18698488423738,-86.55502512960656,LOCAL/CITY RD,N,URBAN,N,N,N,,DAYLIGHT,CLEAR,DRY,,INTERCHANGE,STRAIGHT/LEVEL,ASPHALT,FOLLOWING TOO CLOSELY,REAR END,SCURRYPKPKW 3RDST,NONE,2020-06-24 06:23:00,,,
BLOOMINGTON PD,BLOOMINGTON,2,0.0,0.0,0.0,0,,,,E WINSLOW RD,S WALNUT ST PK,,,,39.105620257377474,-86.5512622287657,LOCAL/CITY RD,N,URBAN,N,N,N,,DAYLIGHT,CLEAR,DRY,,FOUR-WAY INTERSECTION,STRAIGHT/LEVEL,ASPHALT,FAILURE TO YIELD RIGHT OF WAY,RIGHT ANGLE,EWINSLOWRDSWALNUTSTPK,STOP SIGN,2020-06-24 10:11:00,,,
BLOOMINGTON PD,BLOOMINGTON,2,0.0,0.0,0.0,0,,,,S SARE RD,E MOORES PK,,200.0,S,39.1399468091321,-86.54517512337934,LOCAL/CITY RD,Y,URBAN,N,N,N,,DAYLIGHT,CLEAR,DRY,,NO JUNCTION INVOLVED,STRAIGHT/GRADE,ASPHALT,IMPROPER LN USAGE,SAME DIRECTION SIDESWIPE,EMOORESPKSSARERD,LN CONTROL,2020-06-24 12:00:00,,,
BLOOMINGTON PD,BLOOMINGTON,1,0.0,1.0,0.0,0,,,,E GRIMES LN,S LINCOLN ST,,,,39.1646043336064,-86.53491167054136,LOCAL/CITY RD,Y,URBAN,N,N,N,,DAYLIGHT,CLEAR,DRY,,FOUR-WAY INTERSECTION,STRAIGHT/LEVEL,ASPHALT,DISREGARD SIGNAL/REG SIGN,RIGHT ANGLE,EGRIMESLNSLINCOLNST,STOP SIGN,2020-06-24 12:15:00,,,True
MONROE SD,BLOOMINGTON,2,0.0,0.0,0.0,0,,,,W GORDON PK,S WICKENS ST,,,,39.16463,-86.53869,COUNTY RD,N,URBAN,N,N,N,,DAYLIGHT,CLOUDY,DRY,,T-INTERSECTION,STRAIGHT/LEVEL,ASPHALT,FAILURE TO YIELD RIGHT OF WAY,RIGHT ANGLE,GORDONPKWICKENSST,STOP SIGN,2020-06-24 12:19:00,,,
MONROE SD,BLOOMINGTON,1,0.0,0.0,0.0,0,,,,S VICTOR PK,,,800.0,N,39.02011613145594,-86.5366301444267,COUNTY RD,N,RURAL,N,N,N,,DAYLIGHT,CLEAR,DRY,,NO JUNCTION INVOLVED,CURVE/GRADE,ASPHALT,RAN OFF RD RIGHT,RAN OFF RD,FLUCKMILLRDVICTORPK,NONE,2020-06-24 15:06:00,,,
BLOOMINGTON PD,BLOOMINGTON,2,0.0,0.0,0.0,0,,,,W 3RD ST (N),S PATTERSON DR,,,,39.105662577376926,-86.52245171202019,LOCAL/CITY RD,N,URBAN,N,N,Y,LN CLOSURE,DAYLIGHT,CLEAR,DRY,,FOUR-WAY INTERSECTION,STRAIGHT/GRADE,ASPHALT,FOLLOWING TOO CLOSELY,REAR END,SPATTERSONDRW 3RDST,TRAFFIC CONTROL SIGNAL,2020-06-24 15:30:00,,,
BLOOMINGTON PD,BLOOMINGTON,2,0.0,0.0,0.0,0,,,,E WINSLOW RD,S THE STANDS DR,,200.0,E,39.10568869543281,-86.52246329390432,LOCAL/CITY RD,Y,URBAN,Y,N,Y,,DAYLIGHT,CLEAR,DRY,,T-INTERSECTION,STRAIGHT/GRADE,ASPHALT,UNSAFE LN MOVEMENT,OPPOSITE DIRECTION SIDESWIPE,EWINSLOWSTSTHESTANDSRD,NONE,2020-06-24 15:50:00,,,
BLOOMINGTON PD,BLOOMINGTON,2,0.0,2.0,0.0,0,,,,ST RD 48,I-69 S,,,,39.19364555091167,-86.57142964807929,LOCAL/CITY RD,N,URBAN,N,N,N,,DAYLIGHT,CLEAR,DRY,,FOUR-WAY INTERSECTION,STRAIGHT/LEVEL,ASPHALT,FAILURE TO YIELD RIGHT OF WAY,LEFT TURN,INTERSTATE69OPASW 3RDST,TRAFFIC CONTROL SIGNAL,2020-06-24 16:10:00,,,
BLOOMINGTON PD,BLOOMINGTON,2,0.0,0.0,0.0,0,,,,S PATTERSON DR,W 3RD ST (N),,,,-4.528385941171601e-06,-7.564194627649572e-06,LOCAL/CITY RD,N,URBAN,N,N,N,,DAYLIGHT,CLEAR,DRY,,NO JUNCTION INVOLVED,STRAIGHT/LEVEL,ASPHALT,OTHER (DRIVER) - EXPLAIN IN NARRATIVE,REAR END,PATTERSONAVE 3RDST,TRAFFIC CONTROL SIGNAL,2020-06-24 18:08:00,,,
MONROE SD,BLOOMINGTON,1,0.0,0.0,0.0,0,,,,I-69 S,,,500.0,S,39.234818101989276,-86.62633114519798,INTERSTATE,Y,RURAL,N,N,N,,DARK (LIGHTED),CLEAR,DRY,,NO JUNCTION INVOLVED,CURVE/GRADE,ASPHALT,RAN OFF RD RIGHT,RAN OFF RD,I-69SSAMPLERD,LN CONTROL,2020-06-25 00:02:00,,,
BLOOMINGTON PD,BLOOMINGTON,2,0.0,0.0,0.0,0,,,,S SARE RD,E ROGERS ST,,,,39.03411954470711,-86.5351793746427,LOCAL/CITY RD,N,URBAN,N,N,N,,DAYLIGHT,CLEAR,DRY,,TRAFFIC CIRCLE/ROUNDABOUT,STRAIGHT/LEVEL,ASPHALT,OTHER (DRIVER) - EXPLAIN IN NARRATIVE,REAR END,EROGERSRDSSARERD,YIELD SIGN,2020-06-25 09:18:00,,,
MONROE SD,BLOOMINGTON,1,0.0,1.0,0.0,0,,,,ST RD 46,,,1182.0,E,39.16458125632754,-86.58295114106714,ST RD,N,URBAN,N,N,N,,DAYLIGHT,CLEAR,DRY,,NO JUNCTION INVOLVED,STRAIGHT/GRADE,ASPHALT,CELL PHONE USAGE,RAN OFF RD,EKERRCREEKRDST RD 46E,LN CONTROL,2020-06-25 10:20:00,,,
MONROE SD,BLOOMINGTON,2,0.0,0.0,0.0,0,,,,N CURRY PK,W JONATHAN DR,,,,39.13597,-86.53111,LOCAL/CITY RD,N,URBAN,N,N,N,,DAYLIGHT,CLEAR,DRY,,T-INTERSECTION,STRAIGHT/LEVEL,ASPHALT,OTHER (DRIVER) - EXPLAIN IN NARRATIVE,REAR END,JONATHANDRNCURRYPK,TRAFFIC CONTROL SIGNAL,2020-06-25 11:47:00,,,
BLOOMINGTON PD,BLOOMINGTON,2,0.0,1.0,0.0,0,,,,S WALNUT ST,W PINEWOOD DR,,,,39.1504385156959,-86.49917076840576,LOCAL/CITY RD,N,URBAN,N,N,N,,DAYLIGHT,CLEAR,DRY,,T-INTERSECTION,STRAIGHT/LEVEL,ASPHALT,FOLLOWING TOO CLOSELY,REAR END,PINEWOODDRSWALNUTST,NONE,2020-06-25 13:13:00,,,
BLOOMINGTON PD,BLOOMINGTON,2,0.0,0.0,0.0,0,,,,S LIBERTY DR,W CONSTITUTION AVE,,,,39.15334,-86.53134,LOCAL/CITY RD,N,URBAN,N,N,N,,DAYLIGHT,CLEAR,DRY,,T-INTERSECTION,STRAIGHT/GRADE,ASPHALT,FOLLOWING TOO CLOSELY,REAR END,SLIBERTYDRWCONSTITUTIONAVE,NONE,2020-06-25 14:53:00,,,
BLOOMINGTON PD,BLOOMINGTON,2,0.0,0.0,0.0,0,,,,ST RD 45,S LIBERTY DR,,,,39.121763372015025,-86.54795140517574,ST RD,N,URBAN,N,N,N,,DAYLIGHT,CLEAR,DRY,,FOUR-WAY INTERSECTION,STRAIGHT/LEVEL,ASPHALT,FAILURE TO YIELD RIGHT OF WAY,LEFT TURN,SLIBERTYDRST RD 45E,TRAFFIC CONTROL SIGNAL,2020-06-25 15:45:00,,,
BLOOMINGTON PD,BLOOMINGTON,2,0.0,0.0,0.0,0,,,,KINGSTON DR S,ST RD 46,,100.0,S,39.157260035546855,-86.56914523781607,LOCAL/CITY RD,N,URBAN,N,N,N,,DAYLIGHT,CLEAR,DRY,,NO JUNCTION INVOLVED,STRAIGHT/LEVEL,ASPHALT,FOLLOWING TOO CLOSELY,SAME DIRECTION SIDESWIPE,E 3RDSTSKINGSTONDR,NONE,2020-06-25 15:50:00,,,
ISP BLOOMINGTON 33,BLOOMINGTON,4,,2.0,0.0,0,,103,A,I-69 N,ST RD 45/46,,211.0,W,39.164351616306185,-86.55198840835718,ST RD,,URBAN,N,N,Y,X-OVER/LN SHIFT,DAYLIGHT,CLEAR,DRY,,RAMP,,ASPHALT,FAILURE TO YIELD RIGHT OF WAY,REAR END,WArlingtonRdST RD 37,,2020-06-25 16:59:00,,,
MONROE SD,BLOOMINGTON,1,0.0,0.0,0.0,0,,,,ST RD 46,N LOWER BIRDIE GALYAN RD,,500.0,E,39.130846487494644,-86.5088615068358,ST RD,Y,RURAL,N,N,N,,DAYLIGHT,CLEAR,DRY,,NO JUNCTION INVOLVED,STRAIGHT/LEVEL,ASPHALT,RAN OFF RD RIGHT,RAN OFF RD,BIRDIEGALYANRDST RD 46E,NONE,2020-06-25 18:12:00,,,
ISP BLOOMINGTON 33,BLOOMINGTON,2,,0.0,0.0,0,,103,B,ST RD 45/46,I-69 N,,686.0,E,39.16449109127813,-86.57329836277503,ST RD,,URBAN,N,Y,Y,INTERMITTENT OR MOVING WORK,DAYLIGHT,CLEAR,DRY,,NO JUNCTION INVOLVED,,CONCRETE,FOLLOWING TOO CLOSELY,LEFT TURN,WArlingtonRdST RD 37,,2020-06-25 19:00:00,,,
MONROE SD,BLOOMINGTON,1,0.0,0.0,0.0,0,,,,ST RD 46,,,1000.0,E,39.164389406232225,-86.55198668479308,ST RD,Y,RURAL,N,N,N,,DAYLIGHT,CLEAR,DRY,,NO JUNCTION INVOLVED,CURVE/LEVEL,ASPHALT,RAN OFF RD RIGHT,RAN OFF RD,NSTINESVILLERDST RD 46 W,NONE,2020-06-25 20:55:00,,,
ELLETTSVILLE PD,ELLETTSVILLE,1,0.0,0.0,0.0,0,,,,E CHESTER DR,E TECUMSEH DR,,300.0,W,39.21285262960617,-86.52302984064755,LOCAL/CITY RD,Y,URBAN,N,N,N,,DARK (NOT LIGHTED),CLEAR,DRY,,NO JUNCTION INVOLVED,CURVE/LEVEL,ASPHALT,RAN OFF RD RIGHT,RAN OFF RD,CHESTERDRDEERRUNDR,LN CONTROL,2020-06-26 00:05:00,,,
BLOOMINGTON PD,BLOOMINGTON,1,0.0,1.0,0.0,0,,,,I-69 S,ST RD 45/46,,200.0,S,39.135690673311586,-86.49669154432753,INTERSTATE,N,URBAN,N,N,N,,DARK (LIGHTED),CLEAR,DRY,,NO JUNCTION INVOLVED,STRAIGHT/LEVEL,ASPHALT,OTHER (DRIVER) - EXPLAIN IN NARRATIVE,COLLISION WITH OBJECT IN RD,I-69S120,NONE,2020-06-26 03:09:00,,,
MONROE SD,BLOOMINGTON,2,0.0,0.0,0.0,0,,,,S HARMONY RD,,,2000.0,S,39.16684022380037,-86.45833583155884,COUNTY RD,N,RURAL,N,N,N,,DARK (LIGHTED),CLEAR,DRY,,NO JUNCTION INVOLVED,CURVE/GRADE,ASPHALT,LEFT OF CENTER,HEAD ON BETWEEN TWO MOTOR VEHICLES,HARMONYRDKOONTZRD,NONE,2020-06-26 05:39:00,,,
INDIANA UNIV BLOOMINGTON PD,BLOOMINGTON,2,1.0,0.0,0.0,0,2620.0,,,ALLEY,,,,,39.16833545902517,-86.58294333429001,UNKNOWN,Y,URBAN,N,N,N,,DAYLIGHT,CLEAR,DRY,,NO JUNCTION INVOLVED,STRAIGHT/LEVEL,ASPHALT,DRIVER DISTRACTED - EXPLAIN IN NARRATIVE,SAME DIRECTION SIDESWIPE,E 10THSTLN,NONE,2020-06-26 10:30:00,,,
BLOOMINGTON PD,BLOOMINGTON,2,0.0,2.0,0.0,0,,,,ST RD 46,S SMITH RD,,,,39.13146603488691,-86.53145665193607,LOCAL/CITY RD,N,URBAN,N,N,Y,LN CLOSURE,DAYLIGHT,CLEAR,DRY,,FOUR-WAY INTERSECTION,STRAIGHT/LEVEL,ASPHALT,FAILURE TO YIELD RIGHT OF WAY,LEFT TURN,E 3RDSTSMITHRD,TRAFFIC CONTROL SIGNAL,2020-06-26 11:43:00,,,
BLOOMINGTON PD,BLOOMINGTON,2,0.0,1.0,0.0,0,,,,S ROGERS ST,W PATTERSON DR,,50.0,E,39.1512,-86.57687,LOCAL/CITY RD,N,URBAN,N,N,N,,DAYLIGHT,CLEAR,DRY,,NO JUNCTION INVOLVED,STRAIGHT/LEVEL,ASPHALT,OTHER (DRIVER) - EXPLAIN IN NARRATIVE,REAR END,SROGERSSTWPATTERSONDR,TRAFFIC CONTROL SIGNAL,2020-06-26 15:50:00,,,
BLOOMINGTON PD,BLOOMINGTON,2,0.0,0.0,0.0,0,,,,S WALNUT ST,ENTRANCE TO CVS/AUTOVEST,,,,39.14496326950254,-86.57777308248929,LOCAL/CITY RD,N,URBAN,N,N,N,,DAYLIGHT,CLEAR,DRY,,NO JUNCTION INVOLVED,STRAIGHT/GRADE,ASPHALT,FAILURE TO YIELD RIGHT OF WAY,SAME DIRECTION SIDESWIPE,WCOUNTRYCLUBDRWALNUTST,NONE,2020-06-26 16:03:00,,,
MONROE SD,BLOOMINGTON,1,0.0,0.0,0.0,0,,,,N THOMPSON RIDGE RD,W SAMPLE RD,,250.0,N,39.164179421910276,-86.4930730626158,COUNTY RD,Y,RURAL,N,N,N,,DAYLIGHT,CLEAR,DRY,,NO JUNCTION INVOLVED,CURVE/GRADE,ASPHALT,UNSAFE SPEED,RAN OFF RD,SAMPLERDTHOMPSONRIDGERD,NONE,2020-06-26 18:23:00,,,
MONROE SD,BLOOMINGTON,1,0.0,0.0,0.0,0,,,,E ANDERSON RD,E FARR RD,,,,39.18703,-86.55501,COUNTY RD,N,RURAL,N,N,N,,DARK (NOT LIGHTED),CLEAR,LOOSE MATERIAL ON RD,,T-INTERSECTION,CURVE/LEVEL,GRAVEL,RAN OFF RD RIGHT,RAN OFF RD,EASTANDERSONRDEASTFARRRD,NONE,2020-06-26 21:17:00,,,
MONROE SD,BLOOMINGTON,1,0.0,0.0,0.0,0,,,,ST RD 446,S OLD RICHARDSON RD,,50.0,N,39.16269,-86.41334,ST RD,N,RURAL,N,N,N,,DARK (NOT LIGHTED),CLEAR,DRY,,NO JUNCTION INVOLVED,CURVE/LEVEL,ASPHALT,RAN OFF RD RIGHT,RAN OFF RD,OLDRICHARDSONRDST RD 446S,NONE,2020-06-27 01:25:00,,,
BLOOMINGTON PD,BLOOMINGTON,2,0.0,0.0,0.0,0,3881.0,,,E BARRINGTON DR,,,,,39.1870270649269,-86.54981594686727,UNKNOWN,N,URBAN,N,N,N,,DARK (LIGHTED),CLOUDY,DRY,,NO JUNCTION INVOLVED,STRAIGHT/LEVEL,ASPHALT,OTHER (DRIVER) - EXPLAIN IN NARRATIVE,SAME DIRECTION SIDESWIPE,EBARRINGTONDR,NONE,2020-06-27 02:00:00,,,
BLOOMINGTON PD,BLOOMINGTON,1,0.0,0.0,0.0,0,,,,S ROGERS ST,W HILLSIDE DR,,,,39.264525384968486,-86.66349815515225,LOCAL/CITY RD,N,URBAN,N,N,N,,DARK (LIGHTED),CLOUDY,DRY,,NO JUNCTION INVOLVED,STRAIGHT/GRADE,ASPHALT,RAN OFF RD RIGHT,RAN OFF RD,HILLSIDEAVEROGERST,NONE,2020-06-27 02:40:00,,,
BLOOMINGTON PD,BLOOMINGTON,2,0.0,0.0,0.0,0,,,,N WALNUT ST,W 11TH ST,,150.0,S,39.22422242894295,-86.62112715806222,LOCAL/CITY RD,Y,URBAN,N,N,N,,DARK (LIGHTED),CLEAR,DRY,,NO JUNCTION INVOLVED,STRAIGHT/GRADE,ASPHALT,UNSAFE LN MOVEMENT,REAR END,NWALNUTSTW11THST,NONE,2020-06-27 03:38:00,,,
MONROE SD,BLOOMINGTON,1,0.0,0.0,0.0,0,9687.0,,,ST RD 48,,,,,39.18216151151837,-86.55691402835792,US ROUTE,N,RURAL,N,N,N,,DAYLIGHT,CLEAR,WET,,NO JUNCTION INVOLVED,STRAIGHT/LEVEL,ASPHALT,OVERCORRECTING/OVERSTEERING,RAN OFF RD,US48W,NONE,2020-06-27 18:07:00,,,
MONROE SD,BLOOMINGTON,1,0.0,0.0,0.0,0,9687.0,,,ST RD 48,,,,,39.074409085703955,-86.6276054119563,ST RD,N,RURAL,N,N,N,,DAYLIGHT,CLEAR,WET,,NO JUNCTION INVOLVED,STRAIGHT/LEVEL,ASPHALT,RAN OFF RD RIGHT,RAN OFF RD,ST RD 48W,NONE,2020-06-27 18:26:00,,,
BLOOMINGTON PD,BLOOMINGTON,2,0.0,0.0,0.0,0,,,,S COLLEGE MALL RD,E 3RD ST,,,,39.1708216773315,-86.50066849805367,LOCAL/CITY RD,N,URBAN,N,N,N,,DAYLIGHT,CLEAR,DRY,,FOUR-WAY INTERSECTION,STRAIGHT/LEVEL,ASPHALT,IMPROPER LN USAGE,SAME DIRECTION SIDESWIPE,EAST3RDSTSOUTHCOLLEGEMALL,TRAFFIC CONTROL SIGNAL,2020-06-28 13:40:00,,,
BLOOMINGTON PD,BLOOMINGTON,2,0.0,0.0,0.0,0,,Y,,I-69 S,ST RD 48,,,,39.16415074438442,-86.48122813469384,INTERSTATE,N,URBAN,N,N,N,,DAYLIGHT,CLEAR,DRY,,FOUR-WAY INTERSECTION,STRAIGHT/GRADE,ASPHALT,FOLLOWING TOO CLOSELY,REAR END,I-69SWEST3RDST,NONE,2020-06-28 14:00:00,,,
BLOOMINGTON PD,BLOOMINGTON,2,0.0,0.0,0.0,0,,,,E WINSLOW RD,E ALLENDALE DR,,,,39.15381,-86.53873,LOCAL/CITY RD,N,URBAN,N,N,N,,DAYLIGHT,CLOUDY,WET,,FOUR-WAY INTERSECTION,STRAIGHT/HILLCREST,ASPHALT,SPEED TOO FAST FOR WEATHER CONDITIONS,REAR END,ALLENDALEDREWINSLOWRD,STOP SIGN,2020-06-28 15:50:00,,,
BLOOMINGTON PD,BLOOMINGTON,2,0.0,0.0,0.0,0,,,,S COLLEGE AVE,W 6TH ST,,,,39.14298402132338,-86.53152142062346,LOCAL/CITY RD,N,URBAN,N,N,N,,DAYLIGHT,CLOUDY,WET,,FOUR-WAY INTERSECTION,STRAIGHT/GRADE,ASPHALT,UNSAFE LN MOVEMENT,SAME DIRECTION SIDESWIPE,SCOLLEGEAVEW6THST,TRAFFIC CONTROL SIGNAL,2020-06-28 16:06:00,,,
MONROE SD,ELLETTSVILLE,2,0.0,0.0,0.0,0,,,,N SMITH PK,ST RD 46,,,,39.265811188221534,-86.52423396074889,LOCAL/CITY RD,N,URBAN,N,N,N,,DARK (NOT LIGHTED),CLEAR,DRY,,T-INTERSECTION,STRAIGHT/LEVEL,ASPHALT,OTHER (DRIVER) - EXPLAIN IN NARRATIVE,REAR END,NSMITHPKST RD 46 W,TRAFFIC CONTROL SIGNAL,2020-06-28 23:44:00,,,
MONROE SD,BLOOMINGTON,1,0.0,0.0,0.0,0,2713.0,,,N SMITH PK,,,200.0,N,39.28731909699716,-86.44118413459995,COUNTY RD,Y,URBAN,N,N,N,,DARK (NOT LIGHTED),CLEAR,DRY,,NO JUNCTION INVOLVED,STRAIGHT/LEVEL,ASPHALT,RAN OFF RD RIGHT,RAN OFF RD,NELSONLNSMITHPK,NONE,2020-06-29 00:11:00,,,
MONROE SD,BLOOMINGTON,1,0.0,1.0,0.0,0,,,,S ST RD 37,,,2500.0,S,39.112165803380265,-86.43135274412492,LOCAL/CITY RD,N,RURAL,N,N,N,,DARK (NOT LIGHTED),CLEAR,DRY,,NO JUNCTION INVOLVED,CURVE/GRADE,ASPHALT,RAN OFF RD RIGHT,RAN OFF RD,SOUTHHARRODSBURGRDSOUTHOLDSTATERD37RD,NONE,2020-06-29 00:20:00,,,
MONROE SD,BLOOMINGTON,1,0.0,1.0,0.0,0,,,,ST RD 45,,,2640.0,N,39.172591559497974,-86.48629938965583,ST RD,N,RURAL,N,N,N,,DARK (NOT LIGHTED),CLEAR,DRY,,NO JUNCTION INVOLVED,CURVE/GRADE,ASPHALT,ANIMAL/OBJECT IN RDWAY,RAN OFF RD,MTGILEADRDST RD 45E,LN CONTROL,2020-06-29 00:57:00,,,
ISP BLOOMINGTON 33,BLOOMINGTON,1,,0.0,0.0,1,,,,ST RD 37,S ZIKES RD,,0.0,S,39.15055340817367,-86.5387884364785,ST RD,,RURAL,N,N,N,,DARK (NOT LIGHTED),CLEAR,DRY,,NO JUNCTION INVOLVED,,ASPHALT,ANIMAL/OBJECT IN RDWAY,COLLISION WITH DEER,ST RD 37nearZikesRoad,,2020-06-29 01:20:00,,,
BLOOMINGTON PD,BLOOMINGTON,2,0.0,0.0,0.0,0,,Y,,I-69 S,ST RD 48,,,,39.173253044998575,-86.53359031470467,INTERSTATE,Y,URBAN,N,N,N,,DAWN/DUSK,CLOUDY,WET,,INTERCHANGE,STRAIGHT/GRADE,ASPHALT,IMPROPER TURNING,SAME DIRECTION SIDESWIPE,I-69S3RDST,TRAFFIC CONTROL SIGNAL,2020-06-29 06:38:00,,,
ISP BLOOMINGTON 33,BLOOMINGTON,1,,1.0,0.0,0,,Y,115,I-69 S,W FULLERTON PK,,317.0,E,39.17005538514641,-86.6822765416473,INTERSTATE,,RURAL,N,N,N,,DAWN/DUSK,CLOUDY,WET,,TRAFFIC CIRCLE/ROUNDABOUT,,ASPHALT,DRIVER ASLEEP OR FATIGUED,,I-69FullertonPike,,2020-06-29 07:23:00,,,
BLOOMINGTON PD,BLOOMINGTON,2,0.0,0.0,0.0,0,,,,W 6TH ST,N WALNUT ST,,50.0,W,39.17009505059523,-86.68229539933786,LOCAL/CITY RD,N,URBAN,N,N,Y,LN CLOSURE,DAYLIGHT,CLEAR,DRY,,NO JUNCTION INVOLVED,STRAIGHT/GRADE,ASPHALT,UNSAFE BACKING,BACKING CRASH,6THSTWALNUTST,NONE,2020-06-29 08:15:00,,,
MONROE SD,BLOOMINGTON,1,0.0,1.0,0.0,0,,,,N OARD,,,1000.0,E,39.164203421851916,-86.49828521282187,LOCAL/CITY RD,N,RURAL,N,N,N,,DAYLIGHT,CLEAR,DRY,,NO JUNCTION INVOLVED,CURVE/LEVEL,ASPHALT,RAN OFF RD RIGHT,RAN OFF RD,NOARDRDWVERANALPK,NONE,2020-06-29 13:45:00,,,
MONROE SD,BLOOMINGTON,1,0.0,1.0,0.0,0,,,,S ST RD 37,S DELLSVILLE RD,,,,39.16453,-86.57327,COUNTY RD,N,RURAL,N,N,N,,DAWN/DUSK,CLEAR,DRY,,T-INTERSECTION,CURVE/LEVEL,ASPHALT,RAN OFF RD RIGHT,RAN OFF RD,SDELLSVILLERDSOLDSTATE37RD,NONE,2020-06-29 21:07:00,,,
MONROE SD,BLOOMINGTON,1,0.0,0.0,0.0,1,,,,S WALNUT ST,,,250.0,N,39.13598309716432,-86.51591361856397,LOCAL/CITY RD,N,RURAL,N,N,N,,DAYLIGHT,CLEAR,DRY,,T-INTERSECTION,CURVE/GRADE,ASPHALT,ANIMAL/OBJECT IN RDWAY,COLLISION WITH DEER,SOLDSTATERDSROGERSST,NONE,2020-06-30 07:37:00,,,
BLOOMINGTON PD,BLOOMINGTON,2,0.0,0.0,0.0,0,,,,S SMITH RD,ST RD 46,,,,39.167550134125676,-86.53488321169468,LOCAL/CITY RD,Y,URBAN,N,N,Y,LN CLOSURE,DAYLIGHT,CLEAR,DRY,,FOUR-WAY INTERSECTION,STRAIGHT/LEVEL,ASPHALT,,BACKING CRASH,EAST3RDSTSOUTHSMITHRD,TRAFFIC CONTROL SIGNAL,2020-06-30 10:00:00,,,
ISP BLOOMINGTON 33,BLOOMINGTON,1,,0.0,0.0,0,,,,I-69 S,,,475.0,S,39.209957700139455,-86.58271845946962,INTERSTATE,,URBAN,N,N,N,,DAYLIGHT,CLEAR,DRY,,NO JUNCTION INVOLVED,,ASPHALT,ANIMAL/OBJECT IN RDWAY,COLLISION WITH OBJECT IN RD,WBurmaRdI-69,,2020-06-30 12:30:00,,,