Agency,City,Vehicles Involved,Trailers Involved,Number Injured,Number Dead,Number Deer,House Number,Roadway Interchange,Roadway Ramp,Roadway Id,Intersecting Road,Interchange,Feet From,Direction,Latitude,Longitude,Roadway Class,Hit and Run?,Locality,School Zone?,Rumble Strips?,Construction?,Construction Type,Light Condition,Weather Conditions,Surface Condition,Type of Median,Roadway Junction Type,Road Character,Roadway Surface,Primary Factor,Manner of Collision,Unique Location Id,Traffic Control,DateTime,Address Number,Cyclist Involved,Pedestrian Involved
MONROE SD,BLOOMINGTON,1,0.0,0.0,0.0,0,,,,I-69 S,,,1000.0,S,39.15029402510938,-86.53879057155629,INTERSTATE,N,RURAL,N,N,N,,DAYLIGHT,RAIN,WET,,NO JUNCTION INVOLVED,CURVE/GRADE,ASPHALT,RAN OFF RD RIGHT,RAN OFF RD,I-69SWESTSAMPLERD,NONE,2020-07-11 18:44:00,,,
MONROE SD,BLOOMINGTON,1,0.0,0.0,0.0,0,,,,E ROBINSON RD,,,500.0,W,39.159365154230514,-86.53505315685703,LOCAL/CITY RD,N,RURAL,N,N,N,,DAWN/DUSK,RAIN,WET,,NO JUNCTION INVOLVED,CURVE/GRADE,ASPHALT,RAN OFF RD RIGHT,RAN OFF RD,EASTNEHRTRDEASTROBINSONRD,NONE,2020-07-11 20:19:00,,,
BLOOMINGTON PD,BLOOMINGTON,2,0.0,0.0,0.0,0,,,,ST RD 48,S GATES DR,,,,39.13680704735778,-86.582647849921,LOCAL/CITY RD,N,URBAN,N,N,N,,DARK (LIGHTED),RAIN,WET,,FOUR-WAY INTERSECTION,STRAIGHT/LEVEL,ASPHALT,DRIVER ASLEEP OR FATIGUED,RIGHT ANGLE,NGATESDRW 3RDST,TRAFFIC CONTROL SIGNAL,2020-07-11 22:13:00,,,
INDIANA UNIV BLOOMINGTON PD,BLOOMINGTON,2,0.0,0.0,0.0,0,,,,N DUNN ST,E 9TH ST,,,,39.083459086216976,-86.40094815252147,LOCAL/CITY RD,Y,URBAN,N,N,N,,UNKNOWN,CLOUDY,WET,,NO JUNCTION INVOLVED,STRAIGHT/LEVEL,ASPHALT,OTHER (DRIVER) - EXPLAIN IN NARRATIVE,REAR END,9THSTDUNNST,NONE,2020-07-12 11:26:00,,,
BLOOMINGTON PD,BLOOMINGTON,1,0.0,0.0,0.0,0,,,,W 3RD ST,I-69 S,,,,39.16557425421489,-86.53365655371472,LOCAL/CITY RD,N,URBAN,N,N,N,,DAYLIGHT,CLOUDY,DRY,,FOUR-WAY INTERSECTION,STRAIGHT/LEVEL,ASPHALT,BRAKE FAILURE OR DEFECTIVE,RAN OFF RD,I-69SW 3RDST,TRAFFIC CONTROL SIGNAL,2020-07-12 11:45:00,,,
ELLETTSVILLE PD,ELLETTSVILLE,2,0.0,1.0,0.0,0,,,,ST RD 46,N UNION VALLEY RD,,,,39.09207706501822,-86.42286794764182,ST RD,N,URBAN,N,N,N,,DAYLIGHT,CLEAR,DRY,,FOUR-WAY INTERSECTION,STRAIGHT/LEVEL,CONCRETE,FAILURE TO YIELD RIGHT OF WAY,LEFT TURN,ST RD 46 WUNIONVALLEYRD,TRAFFIC CONTROL SIGNAL,2020-07-12 14:30:00,,,
BLOOMINGTON PD,BLOOMINGTON,1,0.0,0.0,0.0,0,1206.0,,,W 6TH ST,N PINE ST,,,,39.18058102,-86.53868777,UNKNOWN,Y,URBAN,N,N,N,,DARK (NOT LIGHTED),RAIN,WET,,NO JUNCTION INVOLVED,STRAIGHT/HILLCREST,CONCRETE,OTHER (ENVIRONMENTAL) - EXPLAIN IN NARR,OTHER - EXPLAIN IN NARRATIVE,W6THST,NONE,2020-07-12 15:25:00,,,
BLOOMINGTON PD,BLOOMINGTON,2,0.0,0.0,0.0,0,,,,N WALNUT ST,W KIRKWOOD AVE,,,,39.146859457048194,-86.52429892404929,LOCAL/CITY RD,N,URBAN,N,N,N,,DAYLIGHT,CLEAR,DRY,,FOUR-WAY INTERSECTION,STRAIGHT/GRADE,ASPHALT,DISREGARD SIGNAL/REG SIGN,LEFT TURN,NWALNUTSTWKIRKWOODAVE,TRAFFIC CONTROL SIGNAL,2020-07-12 16:05:00,,,
BLOOMINGTON PD,BLOOMINGTON,2,0.0,0.0,0.0,0,,,,N WALNUT ST,E KIRKWOOD AVE,,,,39.05819772328266,-86.48898694284796,LOCAL/CITY RD,N,URBAN,N,N,N,,DAYLIGHT,CLEAR,DRY,,FOUR-WAY INTERSECTION,STRAIGHT/GRADE,ASPHALT,UNSAFE BACKING,BACKING CRASH,EKIRKWOODAVENWALNUTST,NONE,2020-07-12 16:25:00,,,
BLOOMINGTON PD,BLOOMINGTON,1,0.0,1.0,0.0,0,,,,W 3RD ST,S MULLER PKWY,,,,39.17915,-86.58308,LOCAL/CITY RD,N,URBAN,N,N,N,,DAYLIGHT,CLEAR,DRY,,T-INTERSECTION,STRAIGHT/GRADE,ASPHALT,FAILURE TO YIELD RIGHT OF WAY,COLLISION WITH OBJECT IN RD,SMULLERPKWYW 3RDST,NONE,2020-07-12 17:24:00,,,True
BLOOMINGTON PD,BLOOMINGTON,1,0.0,0.0,0.0,0,1820.0,,,W FOUNTAIN DR,ENTRANCE TO ROTO-ROOTER PLUMBING,,,,39.16658,-86.53361,LOCAL/CITY RD,Y,URBAN,N,N,N,,DAYLIGHT,CLEAR,DRY,,NO JUNCTION INVOLVED,STRAIGHT/HILLCREST,ASPHALT,RAN OFF RD RIGHT,RAN OFF RD,WFOUNTAINDR,NONE,2020-07-12 17:54:00,,,
BLOOMINGTON PD,BLOOMINGTON,1,0.0,0.0,0.0,0,2920.0,,,ST RD 45,,,,,39.28473293638557,-86.47290185395127,LOCAL/CITY RD,Y,URBAN,N,N,N,,DARK (NOT LIGHTED),CLEAR,DRY,,NO JUNCTION INVOLVED,STRAIGHT/LEVEL,ASPHALT,RAN OFF RD RIGHT,RAN OFF RD,E 10THST,NONE,2020-07-12 23:00:00,,,
BLOOMINGTON PD,BLOOMINGTON,1,0.0,0.0,0.0,1,,,,W BLOOMFIELD RD,I-69 N,,45.0,E,39.15987384694715,-86.52319971569159,ST RD,N,URBAN,N,Y,N,,DAWN/DUSK,CLEAR,DRY,,INTERCHANGE,STRAIGHT/LEVEL,ASPHALT,ANIMAL/OBJECT IN RDWAY,COLLISION WITH DEER,I-69 NST RD 45 W,NONE,2020-07-13 06:45:00,,,
ISP BLOOMINGTON 33,BLOOMINGTON,3,,0.0,0.0,0,,,,E SMITHVILLE RD,S FAIRFAX RD,,0.0,W,39.240604811721965,-86.44322783273549,COUNTY RD,,RURAL,N,N,N,,DAYLIGHT,CLEAR,DRY,,FOUR-WAY INTERSECTION,,ASPHALT,FAILURE TO YIELD RIGHT OF WAY,RIGHT ANGLE,SFairfaxRdESmithvilleRd,,2020-07-13 07:59:00,,,
BLOOMINGTON PD,BLOOMINGTON,2,1.0,1.0,0.0,0,,,,ST RD 48,S LIBERTY DR,,,,39.16453342754414,-86.57622037289349,LOCAL/CITY RD,N,URBAN,N,N,N,,DAYLIGHT,CLEAR,DRY,,FOUR-WAY INTERSECTION,STRAIGHT/LEVEL,ASPHALT,DISREGARD SIGNAL/REG SIGN,RIGHT ANGLE,LIBERTYDR3RDST,TRAFFIC CONTROL SIGNAL,2020-07-13 08:17:00,,,
BLOOMINGTON PD,BLOOMINGTON,2,0.0,0.0,0.0,0,,,,ST RD 48,I-69 S,,,,39.17040894609586,-86.52829312924256,LOCAL/CITY RD,N,URBAN,N,N,N,,DAYLIGHT,CLEAR,DRY,,FOUR-WAY INTERSECTION,STRAIGHT/GRADE,ASPHALT,DISREGARD SIGNAL/REG SIGN,SAME DIRECTION SIDESWIPE,3RDSTI-69S,TRAFFIC CONTROL SIGNAL,2020-07-13 10:05:00,,,
MONROE SD,BLOOMINGTON,2,0.0,0.0,0.0,0,,,,ST RD 46,N LOWER BIRDIE GALYAN RD,,,,39.164524650735494,-86.5732966622429,ST RD,N,RURAL,N,N,N,,DAYLIGHT,CLEAR,DRY,,T-INTERSECTION,CURVE/GRADE,ASPHALT,UNSAFE SPEED,REAR END,LOWERBIRDIEGALYANRDST RD 46E,NONE,2020-07-13 13:38:00,,,
ISP BLOOMINGTON 33,BLOOMINGTON,2,,0.0,0.0,0,,,,ST RD 45,,,0.0,S,39.215116712354806,-86.59270251811606,ST RD,,RURAL,N,N,Y,WORK ON SHOULDER,DAYLIGHT,CLEAR,DRY,,NO JUNCTION INVOLVED,,OTHER - EXPLAIN IN NARRATIVE,IMPROPER TURNING,LEFT/RIGHT TURN,StateRd45,,2020-07-13 13:55:00,,,
MONROE SD,BLOOMINGTON,2,0.0,0.0,0.0,0,,,,ST RD 46,N LOWER BIRDIE GALYAN RD,,,,39.16760471000451,-86.54844351961941,ST RD,N,URBAN,N,N,N,,DAYLIGHT,CLEAR,DRY,,T-INTERSECTION,CURVE/GRADE,ASPHALT,DRIVER DISTRACTED - EXPLAIN IN NARRATIVE,REAR END,LOWERBIRDIEGALYANRDST RD 46E,NONE,2020-07-13 14:24:00,,,
BLOOMINGTON PD,BLOOMINGTON,2,0.0,0.0,0.0,0,,,,S PECAN LN,,,300.0,S,39.16656564766157,-86.53363296445866,LOCAL/CITY RD,Y,URBAN,N,N,N,,DAYLIGHT,CLEAR,DRY,,NO JUNCTION INVOLVED,STRAIGHT/LEVEL,ASPHALT,DRIVER DISTRACTED - EXPLAIN IN NARRATIVE,REAR END,SOAKDALESQAUREDRSPECANLN,NONE,2020-07-13 17:30:00,,,
ISP BLOOMINGTON 33,BLOOMINGTON,2,,0.0,0.0,0,,,,I-69 N,,,581.0,S,39.166554334908554,-86.53364605991716,INTERSTATE,,RURAL,N,Y,N,,DAYLIGHT,CLEAR,DRY,,NO JUNCTION INVOLVED,,ASPHALT,OTHER (ENVIRONMENTAL) - EXPLAIN IN NARR,OTHER - EXPLAIN IN NARRATIVE,NFoxHollowRdI-69,,2020-07-14 09:00:00,,,
INDIANA UNIV BLOOMINGTON PD,BLOOMINGTON,2,0.0,0.0,0.0,0,,,,E 3RD ST,S HAWTHORNE DR,,,,39.1645,-86.56269,LOCAL/CITY RD,N,URBAN,N,N,N,,DAYLIGHT,CLEAR,DRY,,FOUR-WAY INTERSECTION,STRAIGHT/LEVEL,ASPHALT,IMPROPER TURNING,LEFT TURN,HAWTHORNELN3RDST,TRAFFIC CONTROL SIGNAL,2020-07-14 12:37:00,,,
MONROE SD,BLOOMINGTON,2,1.0,0.0,0.0,0,6240.0,,,S WALNUT ST,,,1000.0,S,39.172519581619134,-86.55383951442879,ST RD,N,RURAL,N,N,N,,DAYLIGHT,CLEAR,DRY,,NO JUNCTION INVOLVED,STRAIGHT/LEVEL,ASPHALT,LEFT OF CENTER,OPPOSITE DIRECTION SIDESWIPE,SROGERSSTS ST RD 37,NONE,2020-07-14 15:13:00,,,
BLOOMINGTON PD,BLOOMINGTON,2,0.0,0.0,0.0,0,,,,N KINSER PK,W GOURLEY PK,,,,39.17159394,-86.49946061,LOCAL/CITY RD,N,URBAN,N,N,Y,WORK ON SHOULDER,DAYLIGHT,CLEAR,DRY,,FOUR-WAY INTERSECTION,STRAIGHT/LEVEL,CONCRETE,FAILURE TO YIELD RIGHT OF WAY,LEFT TURN,NKINSERPKWGOURLEYPK,NONE,2020-07-14 15:34:00,,,
BLOOMINGTON PD,BLOOMINGTON,2,0.0,0.0,0.0,0,,,,S WALNUT ST,E VERMILYA AVE,,30.0,N,39.14753,-86.57294,LOCAL/CITY RD,N,URBAN,N,N,N,,DAYLIGHT,CLEAR,DRY,,T-INTERSECTION,STRAIGHT/LEVEL,ASPHALT,FOLLOWING TOO CLOSELY,REAR END,EVERMILYAAVESWALNUTST,NONE,2020-07-14 16:16:00,,,
MONROE SD,BLOOMINGTON,2,0.0,1.0,0.0,0,,,,ST RD 37,S WALNUT ST,,200.0,S,39.07109387204476,-86.50320923592975,ST RD,N,RURAL,N,N,N,,DAYLIGHT,CLEAR,DRY,,FOUR-WAY INTERSECTION,CURVE/LEVEL,ASPHALT,LEFT OF CENTER,OPPOSITE DIRECTION SIDESWIPE,SOLDST RD 37RDS ST RD 37,TRAFFIC CONTROL SIGNAL,2020-07-14 17:28:00,,,
BLOOMINGTON PD,BLOOMINGTON,2,0.0,0.0,0.0,0,,,,W 2ND ST,S COLLEGE AVE,,,,39.16457330191982,-86.5791711239034,LOCAL/CITY RD,N,URBAN,N,N,N,,DAYLIGHT,CLEAR,DRY,,FOUR-WAY INTERSECTION,STRAIGHT/LEVEL,ASPHALT,FAILURE TO YIELD RIGHT OF WAY,RIGHT ANGLE,SOUTHCOLLEGEAVEWEST2NDST,TRAFFIC CONTROL SIGNAL,2020-07-14 19:38:00,,,
BLOOMINGTON PD,BLOOMINGTON,1,0.0,1.0,0.0,0,,,,S LEONARD SPRINGS RD,W FAIRINGTON DR,,,,39.16453,-86.57327,LOCAL/CITY RD,N,URBAN,N,N,N,,DARK (NOT LIGHTED),CLOUDY,DRY,,T-INTERSECTION,STRAIGHT/GRADE,ASPHALT,PEDESTRIAN ACTION,SAME DIRECTION SIDESWIPE,FAIRINGTONDRLEONARDSPRINGSRD,NONE,2020-07-14 21:51:00,,,True
MONROE SD,ELLETTSVILLE,1,0.0,0.0,0.0,0,,,,ST RD 46,W DEPOT ST,,200.0,E,39.16269,-86.41334,LOCAL/CITY RD,N,URBAN,N,N,N,,DARK (LIGHTED),CLEAR,DRY,,NO JUNCTION INVOLVED,CURVE/LEVEL,ASPHALT,DRIVER DISTRACTED - EXPLAIN IN NARRATIVE,RAN OFF RD,DEPOTRDW MAINST,NONE,2020-07-15 02:50:00,,,
ISP BLOOMINGTON 33,BLOOMINGTON,1,,0.0,0.0,0,,,,ST RD 46,,,370.0,W,39.13960107249293,-86.58932421003102,ST RD,,RURAL,N,N,N,,DAYLIGHT,CLEAR,DRY,,NO JUNCTION INVOLVED,,ASPHALT,HOLES/RUTS IN SURFACE,NON-COLLISION,StateRd46NBrummettsCreekRd,,2020-07-15 07:40:00,,,
MONROE SD,BLOOMINGTON,2,0.0,0.0,0.0,0,4738.0,,,W VERNAL PK,ENTRANCE TO UNITED STATES POSTAL SERVICE,,500.0,W,39.16269,-86.41334,COUNTY RD,N,RURAL,N,N,N,,DAYLIGHT,CLEAR,DRY,,FOUR-WAY INTERSECTION,STRAIGHT/HILLCREST,ASPHALT,FOLLOWING TOO CLOSELY,REAR END,NCURRYPKWVERNALPK,NONE,2020-07-15 17:55:00,,,
INDIANA UNIV BLOOMINGTON PD,BLOOMINGTON,2,0.0,0.0,0.0,0,,,,E 3RD ST,S SWAIN AVE,,,,-4.34010878847288e-05,-2.742367575640159e-05,LOCAL/CITY RD,N,URBAN,N,N,N,,DAYLIGHT,CLEAR,DRY,,NO JUNCTION INVOLVED,STRAIGHT/LEVEL,ASPHALT,UNSAFE LN MOVEMENT,SAME DIRECTION SIDESWIPE,SWAINAVE 3RDST,NONE,2020-07-15 18:37:00,,,
BLOOMINGTON PD,BLOOMINGTON,2,0.0,0.0,0.0,0,,,,S WALNUT ST,E GRIMES LN,,,,39.286979179256704,-86.5197228414206,LOCAL/CITY RD,N,URBAN,N,N,N,,DAYLIGHT,CLEAR,DRY,,FOUR-WAY INTERSECTION,STRAIGHT/LEVEL,ASPHALT,FAILURE TO YIELD RIGHT OF WAY,RIGHT ANGLE,GRIMESLNSWALNUTST,TRAFFIC CONTROL SIGNAL,2020-07-16 13:29:00,,,
ISP BLOOMINGTON 33,BLOOMINGTON,2,,0.0,0.0,0,,,,ST RD 46,I-69 S,,528.0,W,39.16420909512904,-86.52009704304223,ST RD,,RURAL,N,N,N,,DAYLIGHT,CLEAR,DRY,,INTERCHANGE,,CONCRETE,FAILURE TO YIELD RIGHT OF WAY,SAME DIRECTION SIDESWIPE,ST RD 46I-69,,2020-07-16 14:33:00,,,
BLOOMINGTON PD,BLOOMINGTON,2,0.0,1.0,0.0,0,,,,S WALNUT ST,E 3RD ST,,,,38.99371053400475,-86.53791890634002,LOCAL/CITY RD,N,URBAN,N,N,N,,DAYLIGHT,CLEAR,DRY,,FOUR-WAY INTERSECTION,STRAIGHT/LEVEL,ASPHALT,DISREGARD SIGNAL/REG SIGN,LEFT/RIGHT TURN,E 3RDSTSWALNUTST,TRAFFIC CONTROL SIGNAL,2020-07-16 19:23:00,,,
BLOOMINGTON PD,BLOOMINGTON,2,0.0,0.0,0.0,0,,,,W 3RD ST,S MADISON ST,,,,39.18500214779758,-86.53775895544273,LOCAL/CITY RD,N,URBAN,N,N,N,,DAYLIGHT,CLEAR,DRY,,FOUR-WAY INTERSECTION,STRAIGHT/GRADE,ASPHALT,DISREGARD SIGNAL/REG SIGN,RIGHT ANGLE,SMADISONSTW 3RDST,TRAFFIC CONTROL SIGNAL,2020-07-16 19:26:00,,,
MONROE SD,BLOOMINGTON,2,1.0,0.0,0.0,0,,,,ST RD 446,S KNIGHTRIDGE RD (MID),,,,39.14892,-86.53324,ST RD,N,RURAL,N,N,N,,DAYLIGHT,CLEAR,DRY,,T-INTERSECTION,STRAIGHT/LEVEL,ASPHALT,FOLLOWING TOO CLOSELY,REAR END,SKNIGHTRIDGERDST RD 446N,NONE,2020-07-17 13:05:00,,,
DNR LAW ENFORCEMENT,BLOOMINGTON,2,0.0,1.0,0.0,0,,,,E MORNING BROOK LN,S STRAIN RIDGE RD,,,,39.16636,-86.53353,COUNTY RD,N,RURAL,N,N,N,,DAYLIGHT,CLEAR,DRY,,NO JUNCTION INVOLVED,STRAIGHT/LEVEL,ASPHALT,IMPROPER PASSING,SAME DIRECTION SIDESWIPE,EMORNINGBROOKLNSTRAINRIDGERD,LN CONTROL,2020-07-17 13:45:00,,,
BLOOMINGTON PD,BLOOMINGTON,2,0.0,0.0,0.0,0,,,,W GOURLEY PK,N MONROE ST,,,,39.16135133628978,-86.53502712550606,LOCAL/CITY RD,N,URBAN,N,N,N,,DAYLIGHT,CLEAR,DRY,,FOUR-WAY INTERSECTION,STRAIGHT/LEVEL,CONCRETE,DISREGARD SIGNAL/REG SIGN,RIGHT ANGLE,NORTHMONROESTWESTGOURLEYPK,STOP SIGN,2020-07-17 18:10:00,,,
BLOOMINGTON PD,BLOOMINGTON,1,0.0,0.0,0.0,0,,,,N DUNN ST,E 17TH ST,,,,39.135853408556535,-86.58262484611117,,Y,URBAN,N,N,N,,DAYLIGHT,CLEAR,DRY,,FOUR-WAY INTERSECTION,STRAIGHT/LEVEL,ASPHALT,IMPROPER TURNING,,DUNNSTEAST17THST,TRAFFIC CONTROL SIGNAL,2020-07-17 18:19:00,,True,
MONROE SD,BLOOMINGTON,1,0.0,0.0,0.0,0,,,,N SMITH PK,W NELSON LN,,100.0,N,39.23126,-86.61862,COUNTY RD,N,URBAN,N,N,N,,DARK (LIGHTED),CLEAR,DRY,,NO JUNCTION INVOLVED,STRAIGHT/LEVEL,ASPHALT,RAN OFF RD RIGHT,RAN OFF RD,NSMITHPKNELSONDR,NONE,2020-07-17 23:09:00,,,
BLOOMINGTON PD,BLOOMINGTON,1,0.0,1.0,0.0,0,,,,S COLLEGE MALL RD,E COVENANTER DR,,,,39.151827304300866,-86.39054239289176,LOCAL/CITY RD,N,URBAN,N,N,N,,DARK (LIGHTED),CLEAR,DRY,,FOUR-WAY INTERSECTION,STRAIGHT/LEVEL,ASPHALT,CELL PHONE USAGE,RAN OFF RD,ECOVENANTERDRSCOLLEGEMALLRD,NONE,2020-07-17 23:20:00,,,
MONROE SD,BLOOMINGTON,2,0.0,0.0,0.0,0,,,,S LEONARD SPRINGS RD,,,800.0,S,39.184046788107544,-86.59446284044452,COUNTY RD,N,RURAL,N,N,N,,DAYLIGHT,CLEAR,DRY,,NO JUNCTION INVOLVED,CURVE/HILLCREST,ASPHALT,LEFT OF CENTER,HEAD ON BETWEEN TWO MOTOR VEHICLES,SOUTHLEONARDSPRINGSRDWESTLEONARDSSPRINGSRD,LN CONTROL,2020-07-18 13:09:00,,,
BLOOMINGTON PD,BLOOMINGTON,1,0.0,0.0,0.0,0,,,,N DUNN ST,E 14TH ST,,500.0,S,39.164220417707554,-86.51527829919235,LOCAL/CITY RD,N,URBAN,N,N,N,,DAYLIGHT,CLEAR,DRY,,NO JUNCTION INVOLVED,CURVE/GRADE,ASPHALT,RAN OFF RD RIGHT,RAN OFF RD,E14THSTNDUNNST,NONE,2020-07-18 15:52:00,,,
BLOOMINGTON PD,BLOOMINGTON,2,0.0,2.0,0.0,0,,,,S LIBERTY DR,ENTRANCE TO KROGER (S),,500.0,S,39.15335,-86.53371,LOCAL/CITY RD,N,URBAN,N,N,N,,DAYLIGHT,CLEAR,DRY,,T-INTERSECTION,STRAIGHT/LEVEL,CONCRETE,FAILURE TO YIELD RIGHT OF WAY,RIGHT ANGLE,SOUTHLIBERTYDRWEST3RDST,NONE,2020-07-18 16:46:00,,,
BLOOMINGTON PD,BLOOMINGTON,2,0.0,0.0,0.0,0,,,,S COLLEGE MALL RD,E COVENANTER DR,,200.0,S,39.18702205464984,-86.55528953121404,LOCAL/CITY RD,N,URBAN,N,N,N,,DAYLIGHT,CLEAR,DRY,,T-INTERSECTION,STRAIGHT/LEVEL,ASPHALT,FAILURE TO YIELD RIGHT OF WAY,RIGHT ANGLE,ECOVENANTERDRSCOLLEGEMALLRD,STOP SIGN,2020-07-18 17:37:00,,,
ELLETTSVILLE PD,ELLETTSVILLE,2,0.0,0.0,0.0,0,4727.0,,,ST RD 46,,,,,39.164542881165545,-86.53367628845896,ST RD,N,URBAN,N,N,N,,DAYLIGHT,CLEAR,DRY,,NO JUNCTION INVOLVED,STRAIGHT/LEVEL,ASPHALT,DRIVER DISTRACTED - EXPLAIN IN NARRATIVE,REAR END,ST RD 46 W,NONE,2020-07-18 18:45:00,,,
INDIANA UNIV BLOOMINGTON PD,BLOOMINGTON,1,0.0,0.0,0.0,0,,,,N FEE LN,N EAGLESON AVE,,,,39.16459340550198,-86.53742788642802,LOCAL/CITY RD,N,URBAN,N,N,Y,LN CLOSURE,DAWN/DUSK,CLEAR,DRY,,FOUR-WAY INTERSECTION,STRAIGHT/LEVEL,ASPHALT,RAN OFF RD RIGHT,RAN OFF RD,NFEELNNEAGLESON AVEAVE,STOP SIGN,2020-07-18 20:35:00,,,
MONROE SD,BLOOMINGTON,1,0.0,0.0,0.0,0,,,,I-69 N,,,0.0,N,39.1441605730199,-86.46690103555967,INTERSTATE,N,URBAN,N,N,Y,LN CLOSURE,DARK (NOT LIGHTED),CLEAR,DRY,,NO JUNCTION INVOLVED,STRAIGHT/LEVEL,ASPHALT,DRIVER ASLEEP OR FATIGUED,RAN OFF RD,I-69 N110.5,LN CONTROL,2020-07-19 02:40:00,,,
BLOOMINGTON PD,BLOOMINGTON,1,0.0,0.0,0.0,0,,,,W 3RD ST,S COLLEGE AVE,,,,39.02863710827278,-86.52142581229737,LOCAL/CITY RD,N,URBAN,N,N,N,,DARK (LIGHTED),CLEAR,DRY,,NO JUNCTION INVOLVED,STRAIGHT/LEVEL,ASPHALT,UNSAFE SPEED,RAN OFF RD,3RDSTCOLLEGEAVE,TRAFFIC CONTROL SIGNAL,2020-07-19 02:50:00,,,
MONROE SD,BLOOMINGTON,2,0.0,0.0,0.0,0,,,,I-69 N,,,300.0,N,39.1863675485763,-86.54670374762405,INTERSTATE,N,RURAL,N,Y,N,,DAWN/DUSK,RAIN,WET,,NO JUNCTION INVOLVED,STRAIGHT/LEVEL,ASPHALT,SPEED TOO FAST FOR WEATHER CONDITIONS,SAME DIRECTION SIDESWIPE,I-69 N130.0,NONE,2020-07-19 18:25:00,,,
MONROE SD,BLOOMINGTON,1,0.0,0.0,0.0,0,,,,S SMITH RD,E LARRY WAYNE DR,,1142.0,N,39.17896466435863,-86.52834237392537,COUNTY RD,N,URBAN,N,N,N,,DAYLIGHT,RAIN,WATER (STANDING OR MOVING),,NO JUNCTION INVOLVED,STRAIGHT/GRADE,ASPHALT,RAN OFF RD RIGHT,RAN OFF RD,ESADDLEBROOKLNSMITHRD,NONE,2020-07-19 19:11:00,,,
ISP BLOOMINGTON 33,BLOOMINGTON,1,,0.0,0.0,0,,,,I-69 N,,,0.0,S,39.19917105784731,-86.58316602953778,INTERSTATE,,RURAL,N,N,N,,DAYLIGHT,RAIN,WET,,NO JUNCTION INVOLVED,,ASPHALT,,RAN OFF RD,I-69109.7,,2020-07-19 20:40:00,,,
BLOOMINGTON PD,BLOOMINGTON,2,0.0,0.0,0.0,0,,,,E 7TH ST,,,400.0,E,39.1551606197807,-86.49777751766561,LOCAL/CITY RD,Y,URBAN,N,N,N,,DARK (LIGHTED),CLEAR,DRY,,FOUR-WAY INTERSECTION,STRAIGHT/GRADE,ASPHALT,UNSAFE LN MOVEMENT,SAME DIRECTION SIDESWIPE,E7THSTNWALNUTST,NONE,2020-07-19 22:00:00,,,
BLOOMINGTON PD,BLOOMINGTON,2,0.0,0.0,0.0,0,,,,W 17TH ST,N COLLEGE AVE,,,,-1.9861196429912644e-05,-4.943313835093684e-05,LOCAL/CITY RD,N,URBAN,N,N,N,,DAYLIGHT,CLEAR,DRY,,FOUR-WAY INTERSECTION,STRAIGHT/LEVEL,ASPHALT,DISREGARD SIGNAL/REG SIGN,RIGHT ANGLE,17THSTWALNUTST,TRAFFIC CONTROL SIGNAL,2020-07-20 00:24:00,,,
MONROE SD,BLOOMINGTON,1,0.0,0.0,0.0,1,,,,S FAIRFAX RD,S STRAIN RDIGE RD,,1.0,N,39.17598,-86.52833,LOCAL/CITY RD,N,RURAL,N,N,N,,DARK (NOT LIGHTED),CLEAR,DRY,,NO JUNCTION INVOLVED,STRAIGHT/LEVEL,ASPHALT,ANIMAL/OBJECT IN RDWAY,COLLISION WITH DEER,SFAIRFAXRDSSTRAINRDIGERD,NONE,2020-07-20 01:00:00,,,
BLOOMINGTON PD,BLOOMINGTON,2,0.0,1.0,0.0,0,,,,S WALKER,ALLEY/ENTRANCE TO DUKE NERGY,,,,39.15502,-86.57526,LOCAL/CITY RD,N,URBAN,N,N,N,,DAYLIGHT,CLEAR,DRY,,T-INTERSECTION,STRAIGHT/GRADE,ASPHALT,FAILURE TO YIELD RIGHT OF WAY,RIGHT ANGLE,PRIVATEALYSWALKERST,NONE,2020-07-20 14:49:00,,,
BLOOMINGTON PD,BLOOMINGTON,2,0.0,1.0,0.0,0,,,,ST RD 48,S CURRY PK,,,,39.15515411377547,-86.49777299298319,LOCAL/CITY RD,Y,URBAN,N,N,N,,DAYLIGHT,CLEAR,DRY,,FOUR-WAY INTERSECTION,STRAIGHT/GRADE,ASPHALT,FAILURE TO YIELD RIGHT OF WAY,RIGHT ANGLE,SCURRYPKW 3RDST,TRAFFIC CONTROL SIGNAL,2020-07-20 16:59:00,,,
BLOOMINGTON PD,BLOOMINGTON,2,0.0,0.0,0.0,0,,,,S WALNUT ST,E BURKS DR,,,,39.251157259756866,-86.65253077774148,LOCAL/CITY RD,N,URBAN,N,N,N,,DAYLIGHT,CLOUDY,DRY,,T-INTERSECTION,STRAIGHT/LEVEL,ASPHALT,FOLLOWING TOO CLOSELY,REAR END,BURKSDRSWALNUTST,LN CONTROL,2020-07-21 08:43:00,,,
BLOOMINGTON PD,BLOOMINGTON,2,0.0,1.0,0.0,0,,,,ST RD 46,KINGSTON DR S,,,,39.18372720711236,-86.51920872984098,LOCAL/CITY RD,N,URBAN,N,N,N,,DAYLIGHT,CLOUDY,DRY,,INTERCHANGE,STRAIGHT/GRADE,ASPHALT,FAILURE TO YIELD RIGHT OF WAY,RIGHT ANGLE,3RDSTSKINGSTONDR,STOP SIGN,2020-07-21 13:58:00,,,
ISP BLOOMINGTON 33,BLOOMINGTON,1,,1.0,0.0,0,,,,S CURRY PK,W BEASLEY DR,,106.0,S,0.0,0.0,COUNTY RD,,RURAL,N,N,N,,DAYLIGHT,CLEAR,DRY,,NO JUNCTION INVOLVED,,ASPHALT,,RAN OFF RD,WBeasleyDrCurryPike,,2020-07-21 14:08:00,,,