Agency,City,Vehicles Involved,Trailers Involved,Number Injured,Number Dead,Number Deer,House Number,Roadway Interchange,Roadway Ramp,Roadway Id,Intersecting Road,Interchange,Feet From,Direction,Latitude,Longitude,Roadway Class,Hit and Run?,Locality,School Zone?,Rumble Strips?,Construction?,Construction Type,Light Condition,Weather Conditions,Surface Condition,Type of Median,Roadway Junction Type,Road Character,Roadway Surface,Primary Factor,Manner of Collision,Unique Location Id,Traffic Control,DateTime,Address Number,Cyclist Involved,Pedestrian Involved
BLOOMINGTON PD,BLOOMINGTON,2,1.0,0.0,0.0,0,,,,N ADAMS ST,W KIRKWOOD AVE,,,,39.15573242755903,-86.52268579115746,LOCAL/CITY RD,Y,,N,N,N,,DAYLIGHT,CLEAR,DRY,,FOUR-WAY INTERSECTION,STRAIGHT/LEVEL,ASPHALT,FOLLOWING TOO CLOSELY,REAR END,ADAMSSTWKIRKWOODAVE,TRAFFIC CONTROL SIGNAL,2020-08-10 14:53:00,,,
BLOOMINGTON PD,BLOOMINGTON,2,0.0,0.0,0.0,0,,,,S CURRY PK,ST RD 48,,,,39.186268374720925,-86.53167976905718,LOCAL/CITY RD,N,URBAN,N,N,N,,DAYLIGHT,CLEAR,DRY,,NO JUNCTION INVOLVED,STRAIGHT/LEVEL,ASPHALT,FAILURE TO YIELD RIGHT OF WAY,LEFT/RIGHT TURN,SCURRYPKW 3RDST,NONE,2020-08-10 14:55:00,,,
MONROE SD,BLOOMINGTON,1,0.0,0.0,0.0,0,,,,E SMITHVILLE RD,,,1000.0,W,39.17196671775499,-86.58300962986246,LOCAL/CITY RD,N,RURAL,N,N,N,,DAYLIGHT,CLEAR,DRY,,NO JUNCTION INVOLVED,CURVE/GRADE,ASPHALT,UNSAFE SPEED,RAN OFF RD,SMITHVILLERDZIKESRD,NONE,2020-08-10 15:39:00,,,
ISP BLOOMINGTON 33,BLOOMINGTON,1,,0.0,0.0,0,,,,I-69 S,,,1003.0,N,39.092924356803564,-86.55333033790541,INTERSTATE,,RURAL,N,N,N,,DARK (LIGHTED),RAIN,WATER (STANDING OR MOVING),,NO JUNCTION INVOLVED,,ASPHALT,OVERCORRECTING/OVERSTEERING,,StoneBeltDrI-69,,2020-08-10 21:10:00,,,
MONROE SD,BLOOMINGTON,1,0.0,0.0,0.0,0,,,,E RAYLETOWN RD,,,3000.0,E,39.032429332370405,-86.49012616995124,LOCAL/CITY RD,N,RURAL,N,N,N,,DARK (NOT LIGHTED),RAIN,WET,,NO JUNCTION INVOLVED,STRAIGHT/LEVEL,ASPHALT,ANIMAL/OBJECT IN RDWAY,COLLISION WITH OBJECT IN RD,ERAYLETOWNRDSFAIRFAXRD,NONE,2020-08-10 21:27:00,,,
ELLETTSVILLE PD,ELLETTSVILLE,2,0.0,0.0,0.0,0,,,,CLOVER DR,MEADOWLANDS DR,,150.0,E,39.2118636,-86.55384652,LOCAL/CITY RD,N,URBAN,N,Y,N,,DAYLIGHT,CLEAR,DRY,,NO JUNCTION INVOLVED,STRAIGHT/GRADE,ASPHALT,RAN OFF RD RIGHT,RAN OFF RD,CLOVERDRMEADOWLANDSDR,LN CONTROL,2020-08-11 00:44:00,,,
BLOOMINGTON PD,BLOOMINGTON,2,0.0,0.0,0.0,0,,,,W 14TH ST,,,200.0,S,39.183154295222515,-86.58310074033074,LOCAL/CITY RD,Y,,N,N,N,,UNKNOWN,CLEAR,DRY,,NO JUNCTION INVOLVED,STRAIGHT/LEVEL,ASPHALT,OTHER (DRIVER) - EXPLAIN IN NARRATIVE,SAME DIRECTION SIDESWIPE,14THSTWOODBURNST,STOP SIGN,2020-08-11 01:00:00,,,
MONROE SD,BLOOMINGTON,1,0.0,0.0,0.0,0,,114,1,I-69 S,ST RD 37,,,,-1.4262170725204746e-05,-2.522339772955239e-05,INTERSTATE,N,RURAL,N,N,N,,DARK (LIGHTED),CLEAR,DRY,,RAMP,CURVE/GRADE,ASPHALT,RAN OFF RD RIGHT,RAN OFF RD,I-69S,NONE,2020-08-11 01:09:00,,,
ISP BLOOMINGTON 33,BLOOMINGTON,2,,0.0,0.0,0,,,,ST RD 46,E KENT RD,,106.0,N,39.24548676,-86.62216317,ST RD,,RURAL,N,N,Y,LN CLOSURE,DAYLIGHT,CLEAR,DRY,,NO JUNCTION INVOLVED,,CONCRETE,FOLLOWING TOO CLOSELY,REAR END,StateRd46EKentRd,,2020-08-11 10:33:00,,,
MONROE SD,BLOOMINGTON,2,1.0,0.0,0.0,0,,,,W ROGERS ST,,,1000.0,W,39.16854703674805,-86.5386781158622,COUNTY RD,N,RURAL,N,N,N,,DAWN/DUSK,CLEAR,DRY,,NO JUNCTION INVOLVED,STRAIGHT/LEVEL,ASPHALT,IMPROPER PASSING,SAME DIRECTION SIDESWIPE,SOLDSTATE37RDWROGERSRD,NONE,2020-08-11 13:54:00,,,
BLOOMINGTON PD,BLOOMINGTON,2,0.0,0.0,0.0,0,,,,ST RD 48,S CURRY PK,,,,39.1641888726235,-86.48123085478746,LOCAL/CITY RD,N,URBAN,N,N,N,,DAYLIGHT,CLEAR,DRY,,FOUR-WAY INTERSECTION,STRAIGHT/GRADE,ASPHALT,FAILURE TO YIELD RIGHT OF WAY,RIGHT ANGLE,SCURRYPKW 3RDST,TRAFFIC CONTROL SIGNAL,2020-08-11 14:38:00,,,
BLOOMINGTON PD,BLOOMINGTON,2,0.0,0.0,0.0,0,,,,S SARE RD,S SPICEWOOD LN,,,,39.23543,-86.62562,LOCAL/CITY RD,Y,URBAN,N,N,N,,DAYLIGHT,CLEAR,DRY,,T-INTERSECTION,STRAIGHT/LEVEL,CONCRETE,IMPROPER LN USAGE,RAN OFF RD,EASTSPICEWOODLNSOUTHSARERD,NONE,2020-08-11 15:00:00,,,
MONROE SD,BLOOMINGTON,2,0.0,0.0,0.0,0,,,,W 3RD ST,I-69,,,,39.16415235109056,-86.49498075627804,LOCAL/CITY RD,N,RURAL,N,N,N,,DAYLIGHT,CLEAR,DRY,,FOUR-WAY INTERSECTION,STRAIGHT/LEVEL,ASPHALT,DRIVER DISTRACTED - EXPLAIN IN NARRATIVE,REAR END,I-69SW 3RDST,TRAFFIC CONTROL SIGNAL,2020-08-11 16:20:00,,,
INDIANA UNIV BLOOMINGTON PD,BLOOMINGTON,2,0.0,1.0,0.0,0,,,,S EAGLESON AVE,E 3RD ST,,,,39.16973148809666,-86.52971222806218,LOCAL/CITY RD,N,URBAN,N,N,N,,DAYLIGHT,CLEAR,DRY,,FOUR-WAY INTERSECTION,STRAIGHT/LEVEL,ASPHALT,DISREGARD SIGNAL/REG SIGN,OTHER - EXPLAIN IN NARRATIVE,EAGLESON AVEAVE 3RDST,TRAFFIC CONTROL SIGNAL,2020-08-11 16:21:00,,,
INDIANA UNIV BLOOMINGTON PD,BLOOMINGTON,2,0.0,0.0,0.0,0,,,,ST RD 45/46,E 17TH ST,,,,39.1450083485038,-86.5777761084247,ST RD,N,URBAN,N,N,N,,DAYLIGHT,CLEAR,DRY,,FOUR-WAY INTERSECTION,STRAIGHT/LEVEL,ASPHALT,FOLLOWING TOO CLOSELY,REAR END,EAST17THSTST RD 46,TRAFFIC CONTROL SIGNAL,2020-08-11 17:30:00,,,
BLOOMINGTON PD,BLOOMINGTON,2,0.0,2.0,0.0,0,,,,S ROGERS ST,W PATTERSON DR,,,,39.338686448900376,-86.50945800032194,LOCAL/CITY RD,N,URBAN,N,N,N,,DAYLIGHT,CLEAR,DRY,,FOUR-WAY INTERSECTION,STRAIGHT/GRADE,ASPHALT,DISREGARD SIGNAL/REG SIGN,RIGHT ANGLE,SROGERSSTWPATTERSONDR,TRAFFIC CONTROL SIGNAL,2020-08-11 17:34:00,,,
MONROE SD,BLOOMINGTON,3,0.0,0.0,0.0,0,,,,ST RD 45,,,500.0,W,39.16668589232782,-86.54964372267165,ST RD,N,RURAL,N,N,N,,DAYLIGHT,CLEAR,DRY,,NO JUNCTION INVOLVED,STRAIGHT/GRADE,ASPHALT,FOLLOWING TOO CLOSELY,REAR END,LEONARDSPRINGSRDST RD 45 W,NONE,2020-08-11 18:52:00,,,
MONROE SD,BLOOMINGTON,2,0.0,0.0,0.0,0,,,,W 7TH ST,N ROGERS ST,,,,39.16461992796529,-86.58299572784497,LOCAL/CITY RD,N,URBAN,N,N,N,,DAYLIGHT,CLEAR,DRY,,FOUR-WAY INTERSECTION,STRAIGHT/GRADE,ASPHALT,OTHER (ENVIRONMENTAL) - EXPLAIN IN NARR,LEFT TURN,7THSTNROGERST,STOP SIGN,2020-08-11 18:57:00,,,
BLOOMINGTON PD,BLOOMINGTON,2,0.0,0.0,0.0,0,,,,W 3RD ST,S FRANKLIN RD,,,,39.07084555541629,-86.52865038683943,LOCAL/CITY RD,Y,URBAN,N,N,N,,DARK (LIGHTED),CLEAR,DRY,,FOUR-WAY INTERSECTION,STRAIGHT/LEVEL,ASPHALT,DISREGARD SIGNAL/REG SIGN,HEAD ON BETWEEN TWO MOTOR VEHICLES,FRANKLINRDWHITEHALLPK,TRAFFIC CONTROL SIGNAL,2020-08-11 23:00:00,,,
BLOOMINGTON PD,BLOOMINGTON,2,0.0,0.0,0.0,0,,,,N ROGERS ST,W 10TH ST,,15.0,S,39.255480711754174,-86.52688399047989,LOCAL/CITY RD,Y,,N,N,N,,DARK (LIGHTED),CLEAR,DRY,,T-INTERSECTION,STRAIGHT/LEVEL,ASPHALT,FOLLOWING TOO CLOSELY,REAR END,NROGERSSTW10THST,NONE,2020-08-12 02:38:00,,,
BLOOMINGTON PD,BLOOMINGTON,1,0.0,0.0,0.0,0,,120,A,I-69 S,ST RD 46,,,,39.09259661227085,-86.5167603400815,INTERSTATE,N,URBAN,N,Y,N,,DARK (LIGHTED),CLEAR,DRY,,RAMP,CURVE/GRADE,ASPHALT,INSECURE/LEAKY LOAD,RAN OFF RD,I-69S,NONE,2020-08-12 03:55:00,,,
MONROE SD,BLOOMINGTON,2,1.0,0.0,0.0,0,,,,S SMITH RD,E LORELEI WAY,,,,39.23266,-86.61114,LOCAL/CITY RD,N,RURAL,N,N,N,,DAYLIGHT,CLEAR,DRY,,T-INTERSECTION,STRAIGHT/GRADE,ASPHALT,FOLLOWING TOO CLOSELY,REAR END,LORELEIWAYSMITHRD,NONE,2020-08-12 17:19:00,,,
BLOOMINGTON PD,BLOOMINGTON,2,0.0,0.0,0.0,0,,,,W 3RD ST,I-69 N,,,,39.175449761337966,-86.5361287146165,LOCAL/CITY RD,N,URBAN,N,N,B,,DAYLIGHT,CLEAR,DRY,,FOUR-WAY INTERSECTION,STRAIGHT/GRADE,ASPHALT,FOLLOWING TOO CLOSELY,REAR END,INTERSTATE69NBOPASW 3RDST,TRAFFIC CONTROL SIGNAL,2020-08-12 18:45:00,,,
BLOOMINGTON PD,BLOOMINGTON,2,0.0,0.0,0.0,0,,,,S COLLEGE AVE,W 1ST,,,,39.182134966971205,-86.55690524212706,LOCAL/CITY RD,N,URBAN,N,N,N,,DAYLIGHT,CLOUDY,DRY,,FOUR-WAY INTERSECTION,STRAIGHT/GRADE,ASPHALT,UNSAFE LN MOVEMENT,SAME DIRECTION SIDESWIPE,1STSTCOLLEGEAVE,LN CONTROL,2020-08-13 11:42:00,,,
BLOOMINGTON PD,BLOOMINGTON,2,0.0,0.0,0.0,0,,,,S LIBERTY DR,ENTRANCE TO WHITEHALL PLAZA (N),,300.0,S,39.15250083699488,-86.4004449814492,LOCAL/CITY RD,N,URBAN,N,N,N,,DAYLIGHT,CLOUDY,DRY,,NO JUNCTION INVOLVED,STRAIGHT/LEVEL,ASPHALT,FAILURE TO YIELD RIGHT OF WAY,RIGHT ANGLE,LIBERTYDRW 3RDST,OTHER REGULATORY SIGN/MARKING,2020-08-13 11:55:00,,,
INDIANA UNIV BLOOMINGTON PD,BLOOMINGTON,2,0.0,0.0,0.0,0,,,,N CAMPBELL ST,,,,,39.06390379891819,-86.54094189477728,LOCAL/CITY RD,N,URBAN,N,N,N,,DAYLIGHT,CLEAR,DRY,,NO JUNCTION INVOLVED,STRAIGHT/GRADE,ASPHALT,IMPROPER TURNING,SAME DIRECTION SIDESWIPE,NCAMPBELLSTNSUNRISEDR,NONE,2020-08-13 12:45:00,,,
BLOOMINGTON PD,BLOOMINGTON,2,0.0,0.0,0.0,0,,,,S ADAMS ST,,,300.0,S,39.16462229113857,-86.5829631576599,LOCAL/CITY RD,N,URBAN,N,N,N,,DARK (LIGHTED),CLEAR,DRY,,NO JUNCTION INVOLVED,CURVE/GRADE,ASPHALT,IMPROPER TURNING,RIGHT ANGLE,SADAMSSTWKIRKWOODAVE,NONE,2020-08-14 00:09:00,,,
MONROE SD,BLOOMINGTON,2,0.0,0.0,0.0,0,,,,N SMITH PK,W WOODYARD,,100.0,N,39.14089017137734,-86.49657081513365,COUNTY RD,N,RURAL,N,N,N,,DAYLIGHT,CLEAR,DRY,,T-INTERSECTION,STRAIGHT/GRADE,ASPHALT,FOLLOWING TOO CLOSELY,REAR END,NSMITHPKWOODYARDRD,LN CONTROL,2020-08-14 12:58:00,,,
MONROE SD,BLOOMINGTON,2,0.0,0.0,0.0,0,,,,S WALNUT ST,W CHURCH LN,,,,39.16453,-86.57327,COUNTY RD,N,RURAL,N,N,N,,DAYLIGHT,CLEAR,DRY,,FOUR-WAY INTERSECTION,STRAIGHT/GRADE,ASPHALT,FOLLOWING TOO CLOSELY,RIGHT ANGLE,OLDSTATERD37RDSOUTHFAIRFAXRD,NONE,2020-08-14 16:56:00,,,
BLOOMINGTON PD,BLOOMINGTON,2,0.0,1.0,0.0,0,,,,ST RD 48,S CURRY PK,,,,39.1642202512609,-86.51643082011255,LOCAL/CITY RD,N,URBAN,N,N,N,,DAYLIGHT,CLEAR,DRY,,FOUR-WAY INTERSECTION,STRAIGHT/LEVEL,CONCRETE,DISREGARD SIGNAL/REG SIGN,RIGHT ANGLE,SCURRYPKW 3RDST,TRAFFIC CONTROL SIGNAL,2020-08-14 19:16:00,,,
BLOOMINGTON PD,BLOOMINGTON,4,0.0,1.0,0.0,0,,,,W 17TH ST,N KINSER PK,,,,39.17968920737819,-86.50727582319202,LOCAL/CITY RD,N,URBAN,N,N,N,,DARK (LIGHTED),CLEAR,DRY,,FOUR-WAY INTERSECTION,STRAIGHT/LEVEL,ASPHALT,UNSAFE SPEED,REAR END,NKINSERPKW17THST,TRAFFIC CONTROL SIGNAL,2020-08-14 22:31:00,,,
MONROE SD,BLOOMINGTON,1,0.0,1.0,0.0,0,,,,S FAIRFAX RD,E BERNICE DR,,,,39.15378050785945,-86.5387926122476,COUNTY RD,N,RURAL,N,N,N,,DAYLIGHT,CLEAR,DRY,,T-INTERSECTION,STRAIGHT/GRADE,ASPHALT,RAN OFF RD RIGHT,RAN OFF RD,EBERNICEDRSOUTHFAIRFAXRD,NONE,2020-08-15 15:03:00,,,
MONROE SD,BLOOMINGTON,2,0.0,0.0,0.0,0,,,,ST RD 37,E MONROE DAM RD,,300.0,N,39.141452916952225,-86.58420637163903,ST RD,N,RURAL,N,Y,N,,DAYLIGHT,CLEAR,DRY,,NO JUNCTION INVOLVED,STRAIGHT/GRADE,ASPHALT,OTHER (VEHICLE) - EXPLAIN IN NARRATIVE,OTHER - EXPLAIN IN NARRATIVE,EMONROEDAMRDS ST RD 37,NONE,2020-08-15 17:45:00,,,
BLOOMINGTON PD,BLOOMINGTON,3,0.0,0.0,0.0,0,,,,S WASHINGTON ST,E 4TH ST,,70.0,N,39.16853368279426,-86.53866649642507,LOCAL/CITY RD,Y,URBAN,N,N,N,,DARK (LIGHTED),CLEAR,DRY,,NO JUNCTION INVOLVED,STRAIGHT/LEVEL,ASPHALT,IMPROPER LN USAGE,SAME DIRECTION SIDESWIPE,4THSTWASHINGTONST,LN CONTROL,2020-08-16 02:30:00,,,
MONROE SD,BLOOMINGTON,2,0.0,1.0,0.0,0,,,,ST RD 46,N LOWER BIRDIE GALYAN RD,,500.0,E,39.16452411386963,-86.5701820421245,ST RD,N,RURAL,N,N,N,,DAYLIGHT,CLEAR,DRY,,NO JUNCTION INVOLVED,CURVE/LEVEL,ASPHALT,OTHER (ENVIRONMENTAL) - EXPLAIN IN NARR,REAR END,NLOWERBIRDIEGALYANRDST RD 46E,NO PASSING ZONE,2020-08-16 15:09:00,,,
BLOOMINGTON PD,BLOOMINGTON,2,0.0,0.0,0.0,0,,,,ST RD 48,S CURRY PK,,100.0,W,39.1713613433718,-86.53863989297842,LOCAL/CITY RD,N,URBAN,N,N,N,,DAYLIGHT,CLEAR,DRY,,FOUR-WAY INTERSECTION,STRAIGHT/LEVEL,ASPHALT,FAILURE TO YIELD RIGHT OF WAY,RIGHT ANGLE,SCURRYPKW 3RDST,TRAFFIC CONTROL SIGNAL,2020-08-16 16:30:00,,,
MONROE SD,BLOOMINGTON,1,0.0,1.0,0.0,0,,,,ST RD 45,,,500.0,E,39.187019566793225,-86.55527033186144,ST RD,N,RURAL,N,N,N,,DAYLIGHT,CLEAR,DRY,,NO JUNCTION INVOLVED,CURVE/LEVEL,ASPHALT,RAN OFF RD RIGHT,RAN OFF RD,NORTHRICHARDSONRDST RD 45E,NONE,2020-08-16 16:40:00,,,
BLOOMINGTON PD,BLOOMINGTON,2,0.0,1.0,0.0,0,,,,E MAXWELL LN,S FESS AVE,,,,39.14658643711074,-86.48043068440732,LOCAL/CITY RD,N,URBAN,N,N,N,,DAYLIGHT,CLEAR,DRY,,FOUR-WAY INTERSECTION,STRAIGHT/GRADE,ASPHALT,FAILURE TO YIELD RIGHT OF WAY,RIGHT ANGLE,FESSAVEMAXWELLLN,STOP SIGN,2020-08-17 08:58:00,,,
INDIANA UNIV BLOOMINGTON PD,BLOOMINGTON,1,0.0,0.0,0.0,0,,,,E 10TH ST,N FEE LN,,,,39.16451704626586,-86.57303630329119,LOCAL/CITY RD,N,URBAN,N,N,N,,DAYLIGHT,CLEAR,DRY,,T-INTERSECTION,STRAIGHT/LEVEL,ASPHALT,RDWAY SURFACE CONDITION,COLLISION WITH OBJECT IN RD,FEELNTENTHST,TRAFFIC CONTROL SIGNAL,2020-08-17 10:00:00,,,
INDIANA UNIV BLOOMINGTON PD,BLOOMINGTON,1,0.0,1.0,0.0,0,801.0,,,ST RD 45/46,ENTRANCE TO IU  11,,,,39.15938,-86.53505,LOCAL/CITY RD,N,URBAN,N,N,N,,DAYLIGHT,CLEAR,DRY,,T-INTERSECTION,STRAIGHT/LEVEL,CONCRETE,FAILURE TO YIELD RIGHT OF WAY,RIGHT TURN,ESTATERD4546RD,NONE,2020-08-17 10:55:00,,True,
BLOOMINGTON PD,BLOOMINGTON,2,0.0,0.0,0.0,0,1400.0,,,E ATWATER AVE,,,,,39.15497677906549,-86.5752882257333,LOCAL/CITY RD,Y,URBAN,N,N,N,,UNKNOWN,CLEAR,DRY,,FOUR-WAY INTERSECTION,STRAIGHT/LEVEL,GRAVEL,OVERCORRECTING/OVERSTEERING,SAME DIRECTION SIDESWIPE,EATWATERDR,NONE,2020-08-17 11:00:00,,,
MONROE SD,BLOOMINGTON,2,0.0,2.0,0.0,0,,,,ST RD 46,S TWINLEAF TRACE,,,,0.0,0.0,ST RD,N,URBAN,N,N,N,,DAYLIGHT,CLEAR,DRY,,T-INTERSECTION,STRAIGHT/LEVEL,ASPHALT,FOLLOWING TOO CLOSELY,RIGHT TURN,ST RD 46ETWINLEAFLN,NONE,2020-08-17 11:13:00,,,
BLOOMINGTON PD,BLOOMINGTON,2,0.0,2.0,0.0,0,,,,ST RD 48,ENTRANCE TO KROGER FUEL CENTER,,200.0,W,39.16680672231923,-86.54950968114484,LOCAL/CITY RD,N,URBAN,N,N,N,,DAYLIGHT,CLEAR,DRY,,NO JUNCTION INVOLVED,STRAIGHT/LEVEL,ASPHALT,FAILURE TO YIELD RIGHT OF WAY,LEFT TURN,SLIBERTYDRW 3RDST,NONE,2020-08-17 15:40:00,,,
BLOOMINGTON PD,BLOOMINGTON,2,0.0,1.0,0.0,0,,,,W COUNTRY CLUB DR,S WALNUT ST,,,,39.19061046638832,-86.58315001769958,LOCAL/CITY RD,N,URBAN,Y,N,N,,DARK (LIGHTED),CLOUDY,DRY,,FOUR-WAY INTERSECTION,STRAIGHT/GRADE,ASPHALT,FOLLOWING TOO CLOSELY,REAR END,COUNTRYCLUBDRWALNUTST,TRAFFIC CONTROL SIGNAL,2020-08-17 21:54:00,,,
INDIANA UNIV BLOOMINGTON PD,BLOOMINGTON,2,0.0,1.0,0.0,0,,,,N WALNUT ST,E 10TH ST,,,,39.14300488257834,-86.53150058490453,LOCAL/CITY RD,N,URBAN,N,N,N,,DARK (LIGHTED),CLEAR,DRY,,FOUR-WAY INTERSECTION,STRAIGHT/LEVEL,ASPHALT,FAILURE TO YIELD RIGHT OF WAY,RIGHT ANGLE,TENTHSTWALNUTST,TRAFFIC CONTROL SIGNAL,2020-08-18 00:20:00,,,
MONROE SD,BLOOMINGTON,1,0.0,0.0,0.0,0,,,,E MONROE DAM CT,E MONROE DAM RD,,,,39.1645870953855,-86.5829769232444,LOCAL/CITY RD,N,RURAL,N,N,N,,DARK (NOT LIGHTED),CLEAR,DRY,,T-INTERSECTION,CURVE/LEVEL,ASPHALT,UNSAFE SPEED,RAN OFF RD,EMONROEDAMCTEMONROEDAMRD,LN CONTROL,2020-08-18 00:40:00,,,
MONROE SD,BLOOMINGTON,1,0.0,0.0,0.0,0,6915.0,,,ST RD 45,E COX DR,,,,39.17904,-86.53774,ST RD,N,RURAL,N,N,N,,DARK (NOT LIGHTED),CLEAR,DRY,,NO JUNCTION INVOLVED,CURVE/LEVEL,ASPHALT,UNSAFE SPEED,RAN OFF RD,ST RD 45E,LN CONTROL,2020-08-18 05:58:00,,,
INDIANA UNIV BLOOMINGTON PD,BLOOMINGTON,1,0.0,1.0,0.0,0,,,,E 10TH ST,N JEFFERSON ST,,,,39.06837,-86.50314,LOCAL/CITY RD,N,URBAN,N,N,N,,DAWN/DUSK,RAIN,WET,,T-INTERSECTION,STRAIGHT/GRADE,ASPHALT,FAILURE TO YIELD RIGHT OF WAY,LEFT TURN,JEFFERSONSTUNIONVILLERD,NONE,2020-08-18 06:55:00,,True,
BLOOMINGTON PD,BLOOMINGTON,3,0.0,0.0,0.0,0,,,,KINGSTON DR S,ENTRY DR TO OLD KMART,,150.0,S,39.02002,-86.53633,LOCAL/CITY RD,N,URBAN,N,N,N,,DAYLIGHT,RAIN,WET,,FOUR-WAY INTERSECTION,STRAIGHT/LEVEL,ASPHALT,FAILURE TO YIELD RIGHT OF WAY,RIGHT ANGLE,E 3RDSTSKINGSTONDR,STOP SIGN,2020-08-18 14:03:00,,,
MONROE SD,BLOOMINGTON,2,0.0,0.0,0.0,0,,,,S ROGERS ST,ENTRANCE TO POST OFFICE (CLEAR CREEK),,1000.0,S,39.16558,-86.53235,LOCAL/CITY RD,N,RURAL,N,N,N,,DAYLIGHT,CLOUDY,WET,,NO JUNCTION INVOLVED,STRAIGHT/GRADE,ASPHALT,UNSAFE BACKING,BACKING CRASH,SOUTHROGERSSTWESTTHATRD,NONE,2020-08-18 14:08:00,,,
ISP BLOOMINGTON 33,BLOOMINGTON,2,,0.0,0.0,0,,,,ST RD 37,,,0.0,S,39.162673736328294,-86.41338878632624,ST RD,,RURAL,N,N,N,,DAYLIGHT,CLOUDY,DRY,,NO JUNCTION INVOLVED,,ASPHALT,,RIGHT ANGLE,App.1500ftSofSmithvilleRd,,2020-08-18 16:26:00,,,
ISP BLOOMINGTON 33,BLOOMINGTON,2,,0.0,0.0,0,,,,N WALNUT ST,ST RD 45/46,,0.0,S,39.16460293398039,-86.58299055303418,LOCAL/CITY RD,,URBAN,N,N,N,,DAYLIGHT,CLEAR,DRY,,FOUR-WAY INTERSECTION,,CONCRETE,UNSAFE SPEED,REAR END,NWalnutStEMattlockRd,,2020-08-18 16:39:00,,,
MONROE SD,BLOOMINGTON,1,0.0,0.0,0.0,0,,,,E POINTE RD,S FAIRFAX RD,,200.0,W,39.239795838063316,-86.38626094789628,LOCAL/CITY RD,N,RURAL,N,N,N,,DAWN/DUSK,CLEAR,DRY,,T-INTERSECTION,STRAIGHT/GRADE,CONCRETE,UNSAFE SPEED,RAN OFF RD,EPOINTRDSFAIRFAXRD,NONE,2020-08-18 20:14:00,,,
ISP BLOOMINGTON 33,BLOOMINGTON,2,,0.0,0.0,0,,,,ST RD 46,,,475.0,W,39.15782378371112,-86.52598217746139,ST RD,,RURAL,N,N,Y,LN CLOSURE,DAYLIGHT,CLEAR,DRY,,NO JUNCTION INVOLVED,,ASPHALT,UNSAFE SPEED,REAR END,StateRd46EKentRd,,2020-08-19 08:45:00,,,
BLOOMINGTON PD,BLOOMINGTON,2,0.0,2.0,0.0,0,,,,W PATTERSON DR,SERVICE RD TO SOCIAL SECURITY OFFICE,,200.0,E,39.1716,-86.51901,LOCAL/CITY RD,N,URBAN,N,N,N,,DAYLIGHT,CLEAR,DRY,,NO JUNCTION INVOLVED,STRAIGHT/LEVEL,ASPHALT,LEFT OF CENTER,SAME DIRECTION SIDESWIPE,FAIRVIEWSTPATTERSONDR,LN CONTROL,2020-08-19 08:54:00,,,
BLOOMINGTON PD,BLOOMINGTON,2,0.0,0.0,0.0,0,,,,E 3RD ST,S SWAIN AVE,,50.0,E,39.17149218423145,-86.49796010439191,LOCAL/CITY RD,N,URBAN,N,N,N,,DAYLIGHT,CLEAR,DRY,,NO JUNCTION INVOLVED,STRAIGHT/GRADE,ASPHALT,IMPROPER TURNING,LEFT TURN,3RDSTSWAINAVE,NONE,2020-08-19 09:05:00,,,
BLOOMINGTON PD,BLOOMINGTON,3,0.0,0.0,0.0,0,,,,W 3RD ST,S WESTPLEX AVE,,,,39.16281936908006,-86.51582711835263,LOCAL/CITY RD,N,URBAN,N,N,N,,DAYLIGHT,CLEAR,DRY,,NO JUNCTION INVOLVED,STRAIGHT/LEVEL,ASPHALT,DRIVER DISTRACTED - EXPLAIN IN NARRATIVE,REAR END,W 3RDSTWESTPLEXAVE,NONE,2020-08-19 09:58:00,,,
BLOOMINGTON PD,BLOOMINGTON,2,0.0,0.0,0.0,0,,,,ST RD 46,S SMITH RD,,200.0,E,39.16358507237894,-86.44436807581384,LOCAL/CITY RD,N,URBAN,N,N,N,,DAYLIGHT,CLEAR,DRY,,NO JUNCTION INVOLVED,STRAIGHT/GRADE,ASPHALT,FOLLOWING TOO CLOSELY,REAR END,E 3RDSTSSMITHRD,LN CONTROL,2020-08-19 12:35:00,,,
INDIANA UNIV BLOOMINGTON PD,BLOOMINGTON,3,0.0,0.0,0.0,0,,,,ST RD 45/46,E 10TH ST,,300.0,N,39.153674183363265,-86.49527300746034,ST RD,Y,URBAN,Y,N,N,,DAYLIGHT,CLEAR,DRY,,NO JUNCTION INVOLVED,STRAIGHT/LEVEL,ASPHALT,FOLLOWING TOO CLOSELY,REAR END,10THSTST RD 46S,NONE,2020-08-19 14:38:00,,,
MONROE SD,BLOOMINGTON,2,0.0,0.0,0.0,0,,,,ST RD 46,E ST RD 46,,221.0,E,39.13597,-86.53111,ST RD,N,RURAL,N,N,Y,LN CLOSURE,DAYLIGHT,CLEAR,DRY,,NO JUNCTION INVOLVED,CURVE/LEVEL,ASPHALT,FOLLOWING TOO CLOSELY,REAR END,OLDSTATERD46RDST RD 46E,OFFICER/CROSSING GUARD/FLAGMAN,2020-08-19 14:40:00,,,
BLOOMINGTON PD,BLOOMINGTON,2,0.0,0.0,0.0,0,,,,W 2ND ST,B-LINE TRAIL / S MORTON ST,,,,39.1716518936686,-86.53360978785844,LOCAL/CITY RD,N,URBAN,N,N,N,,DAYLIGHT,CLEAR,DRY,,FOUR-WAY INTERSECTION,STRAIGHT/LEVEL,ASPHALT,FOLLOWING TOO CLOSELY,REAR END,2NDSTMORTONST,LN CONTROL,2020-08-20 11:35:00,,,