Agency,City,Vehicles Involved,Trailers Involved,Number Injured,Number Dead,Number Deer,House Number,Roadway Interchange,Roadway Ramp,Roadway Id,Intersecting Road,Interchange,Feet From,Direction,Latitude,Longitude,Roadway Class,Hit and Run?,Locality,School Zone?,Rumble Strips?,Construction?,Construction Type,Light Condition,Weather Conditions,Surface Condition,Type of Median,Roadway Junction Type,Road Character,Roadway Surface,Primary Factor,Manner of Collision,Unique Location Id,Traffic Control,DateTime,Address Number,Cyclist Involved,Pedestrian Involved
MONROE SD,BLOOMINGTON,1,0.0,0.0,0.0,1,,,,ST RD 45,N VIKING RIDGE RD,,100.0,W,39.12146,-86.53134,ST RD,N,RURAL,N,N,N,,DARK (NOT LIGHTED),CLEAR,DRY,,NO JUNCTION INVOLVED,STRAIGHT/GRADE,ASPHALT,ANIMAL/OBJECT IN RDWAY,COLLISION WITH DEER,ST RD 45EVIKINGRIDGERD,NONE,2020-09-05 23:09:00,,,
BLOOMINGTON PD,BLOOMINGTON,2,0.0,0.0,0.0,0,,,,N SUMMIT ST,W 13TH ST,,,,39.15897982,-86.57300284,LOCAL/CITY RD,Y,,N,N,N,,DAYLIGHT,CLEAR,DRY,,T-INTERSECTION,STRAIGHT/LEVEL,ASPHALT,UNSAFE SPEED,REAR END,13THSTSUMMITRD,STOP SIGN,2020-09-06 04:05:00,,,
MONROE SD,BLOOMINGTON,2,0.0,0.0,0.0,0,,,,N ST RD 37,E WHISNAND RD,,,,39.148464,-86.471256,LOCAL/CITY RD,N,RURAL,N,N,N,,DAYLIGHT,CLOUDY,DRY,,T-INTERSECTION,STRAIGHT/LEVEL,ASPHALT,FOLLOWING TOO CLOSELY,REAR END,EWHISNANDRDNSTATERD37BUSINESSRD,NONE,2020-09-06 12:28:00,,,
MONROE SD,BLOOMINGTON,1,0.0,0.0,0.0,0,,,,SCOUT RIDGE RD,MAIN FOREST RD,,,,39.164229251079014,-86.52012795742712,COUNTY RD,N,RURAL,N,N,N,,DAYLIGHT,CLEAR,DRY,,T-INTERSECTION,STRAIGHT/LEVEL,ASPHALT,IMPROPER TURNING,OTHER - EXPLAIN IN NARRATIVE,MAINFORESTRD,NONE,2020-09-06 15:00:00,,,
INDIANA UNIV BLOOMINGTON PD,BLOOMINGTON,2,0.0,0.0,0.0,0,,,,S SWAIN AVE,E 3RD ST,,,,39.17917036377106,-86.56808586944543,LOCAL/CITY RD,N,URBAN,N,N,N,,DAYLIGHT,CLEAR,DRY,,T-INTERSECTION,STRAIGHT/LEVEL,ASPHALT,UNSAFE LN MOVEMENT,LEFT TURN,SWAINAVE 3RDST,NONE,2020-09-06 15:55:00,,,
MONROE SD,BLOOMINGTON,2,0.0,0.0,0.0,0,,,,ST RD 46,,,500.0,E,40.43446093050081,-86.06053505324816,ST RD,N,RURAL,N,N,N,,DAYLIGHT,CLOUDY,DRY,,NO JUNCTION INVOLVED,STRAIGHT/GRADE,ASPHALT,FOLLOWING TOO CLOSELY,REAR END,DUBLINDRST RD 46E,NONE,2020-09-06 16:07:00,,,
BLOOMINGTON PD,BLOOMINGTON,2,0.0,0.0,0.0,0,,,,E ALLEN ST,S HENDERSON ST,,,,39.142985621142834,-86.53152764824732,LOCAL/CITY RD,Y,URBAN,N,N,N,,UNKNOWN,CLEAR,DRY,,NO JUNCTION INVOLVED,STRAIGHT/LEVEL,ASPHALT,OTHER (DRIVER) - EXPLAIN IN NARRATIVE,OPPOSITE DIRECTION SIDESWIPE,EALLENSTSOUTHHENDERSONST,NONE,2020-09-06 21:00:00,,,
MONROE SD,BLOOMINGTON,1,0.0,0.0,0.0,0,,,,W BURMA RD,,,4300.0,N,39.16946801361401,-86.53237679134878,LOCAL/CITY RD,N,RURAL,N,N,N,,DAYLIGHT,CLEAR,DRY,,NO JUNCTION INVOLVED,CURVE/HILLCREST,ASPHALT,ANIMAL/OBJECT IN RDWAY,RAN OFF RD,WBURMARDWSYLVANLN,NONE,2020-09-07 00:16:00,,,
MONROE SD,BLOOMINGTON,2,0.0,1.0,0.0,0,6560.0,,,ST RD 45,,,100.0,W,39.17684208466832,-86.53476420780513,ST RD,N,URBAN,N,N,N,,DAYLIGHT,CLEAR,DRY,,T-INTERSECTION,STRAIGHT/LEVEL,ASPHALT,IMPROPER LN USAGE,LEFT/RIGHT TURN,DUNLAPRDST RD 45 W,NONE,2020-09-07 14:55:00,,,
INDIANA UNIV BLOOMINGTON PD,BLOOMINGTON,2,0.0,0.0,0.0,0,,,,E 3RD ST,S EAGLESON AVE,,,,39.20991510467383,-86.58273433224075,LOCAL/CITY RD,N,URBAN,N,N,N,,DAYLIGHT,CLEAR,DRY,,FOUR-WAY INTERSECTION,STRAIGHT/LEVEL,ASPHALT,UNSAFE LN MOVEMENT,LEFT TURN,EAGLESON AVEAVE 3RDST,TRAFFIC CONTROL SIGNAL,2020-09-07 18:49:00,,,
MONROE SD,BLOOMINGTON,2,0.0,0.0,0.0,0,,,,ST RD 37,S ST RD 37,,,,39.14752630442768,-86.5729819986164,ST RD,N,RURAL,N,N,N,,DARK (NOT LIGHTED),CLEAR,DRY,,NO JUNCTION INVOLVED,STRAIGHT/LEVEL,ASPHALT,FAILURE TO YIELD RIGHT OF WAY,RIGHT ANGLE,OLDSTATERD37RDN ST RD 37,TRAFFIC CONTROL SIGNAL,2020-09-07 21:02:00,,,
ISP BLOOMINGTON 33,BLOOMINGTON,1,,2.0,0.0,0,,,,ST RD 446,,,0.0,S,39.1414015630907,-86.54364470311965,ST RD,,RURAL,N,N,N,,DARK (NOT LIGHTED),CLEAR,DRY,,NO JUNCTION INVOLVED,,ASPHALT,,RAN OFF RD,ST RD 4462000SofEHaysRoad,,2020-09-07 22:45:00,,,
MONROE SD,BLOOMINGTON,3,0.0,1.0,0.0,0,,,,ST RD 46,W HEDRICK RD,,1000.0,E,39.16417502806389,-86.4949631946666,ST RD,N,RURAL,N,N,N,,DARK (NOT LIGHTED),CLEAR,DRY,,NO JUNCTION INVOLVED,STRAIGHT/HILLCREST,ASPHALT,FOLLOWING TOO CLOSELY,REAR END,ST RD 46 WWHEDRICKRD,NONE,2020-09-08 06:21:00,,,
INDIANA UNIV BLOOMINGTON PD,BLOOMINGTON,2,0.0,0.0,0.0,0,,,,ST RD 45/46,E DISCOVERY PKWY,,,,39.21509213812559,-86.59267071277388,ST RD,N,URBAN,N,N,N,,DAYLIGHT,CLEAR,DRY,,T-INTERSECTION,STRAIGHT/GRADE,ASPHALT,OTHER (DRIVER) - EXPLAIN IN NARRATIVE,REAR END,EDISCOVERYPKWYST RD 46S,TRAFFIC CONTROL SIGNAL,2020-09-08 09:20:00,,,
ELLETTSVILLE PD,ELLETTSVILLE,2,1.0,0.0,0.0,0,,,,ST RD 46,N MATTHEWS DR (N),,,,39.186267031635126,-86.53167286162176,ST RD,N,URBAN,N,N,N,,DAYLIGHT,CLEAR,DRY,,NO JUNCTION INVOLVED,STRAIGHT/LEVEL,ASPHALT,FAILURE TO YIELD RIGHT OF WAY,SAME DIRECTION SIDESWIPE,MATTHEWSDRST RD 46 W,TRAFFIC CONTROL SIGNAL,2020-09-08 11:19:00,,,
BLOOMINGTON PD,BLOOMINGTON,2,0.0,1.0,0.0,0,,,,E 16TH ST,N LINCOLN ST,,,,38.99312694271814,-86.49060543476057,LOCAL/CITY RD,N,URBAN,N,N,N,,DAYLIGHT,CLEAR,DRY,,FOUR-WAY INTERSECTION,STRAIGHT/LEVEL,ASPHALT,VIEW OBSTRUCTED,RIGHT ANGLE,E16THSTNLINCOLNST,STOP SIGN,2020-09-08 13:45:00,,,
MONROE SD,BLOOMINGTON,2,0.0,0.0,0.0,0,,,,W COUNTRY CLUB DR,S ROGERS ST,,50.0,E,39.21940094972477,-86.44455417884454,LOCAL/CITY RD,N,URBAN,N,N,N,,DAYLIGHT,CLEAR,DRY,,NO JUNCTION INVOLVED,STRAIGHT/GRADE,ASPHALT,FOLLOWING TOO CLOSELY,REAR END,SOUTHROGERSSTWESTCOUNTRYCLUBDR,NONE,2020-09-08 13:58:00,,,
INDIANA UNIV BLOOMINGTON PD,BLOOMINGTON,2,0.0,1.0,0.0,0,,,,ST RD 45,N PETE LLIS DR,,,,39.17498399538287,-86.54810406089953,LOCAL/CITY RD,N,URBAN,N,N,N,,DAYLIGHT,CLEAR,DRY,,FOUR-WAY INTERSECTION,STRAIGHT/GRADE,ASPHALT,FAILURE TO YIELD RIGHT OF WAY,LEFT TURN,PETEELLISDRST RD 45,TRAFFIC CONTROL SIGNAL,2020-09-08 14:28:00,,,
ELLETTSVILLE PD,ELLETTSVILLE,3,0.0,0.0,0.0,0,,,,ST RD 46,N SALE ST (N),,,,39.22471,-86.53947,ST RD,N,URBAN,N,N,N,,DAYLIGHT,CLEAR,DRY,,T-INTERSECTION,STRAIGHT/LEVEL,ASPHALT,UNSAFE SPEED,REAR END,SSALESTST RD 46 W,TRAFFIC CONTROL SIGNAL,2020-09-08 15:44:00,,,
BLOOMINGTON PD,BLOOMINGTON,1,0.0,1.0,0.0,0,,,,N ST RD 37,W ST RD 37,,,,39.32684528438077,-86.4723858596247,ST RD,N,URBAN,N,N,N,,DAYLIGHT,CLEAR,DRY,,FOUR-WAY INTERSECTION,STRAIGHT/GRADE,ASPHALT,PEDESTRIAN ACTION,OTHER - EXPLAIN IN NARRATIVE,NWALNUTSTN ST RD 37,TRAFFIC CONTROL SIGNAL,2020-09-09 08:40:00,,,True
BLOOMINGTON PD,BLOOMINGTON,3,0.0,0.0,0.0,0,,,,E HILLSIDE DR,S DORCHESTER DR,,,,39.16425,-86.51526,LOCAL/CITY RD,N,URBAN,N,N,N,,DAYLIGHT,CLEAR,DRY,,T-INTERSECTION,STRAIGHT/GRADE,ASPHALT,LEFT OF CENTER,OPPOSITE DIRECTION SIDESWIPE,DORCHESTERDRHILLSIDEDR,STOP SIGN,2020-09-09 08:45:00,,,
ELLETTSVILLE PD,ELLETTSVILLE,2,0.0,0.0,0.0,0,,,,ST RD 46,N UNION VALLEY RD,,,,39.16361040126068,-86.43801067109102,ST RD,N,URBAN,N,N,N,,DAYLIGHT,CLEAR,DRY,,FOUR-WAY INTERSECTION,STRAIGHT/LEVEL,ASPHALT,FOLLOWING TOO CLOSELY,REAR END,ST RD 46 WUNIONVALLEYRD,TRAFFIC CONTROL SIGNAL,2020-09-09 13:33:00,,,
BLOOMINGTON PD,BLOOMINGTON,2,0.0,1.0,0.0,0,,,,N WALNUT ST,E 19TH ST,,,,39.15554078706915,-86.52702137315322,LOCAL/CITY RD,N,URBAN,N,N,N,,DAYLIGHT,CLEAR,DRY,,T-INTERSECTION,STRAIGHT/LEVEL,ASPHALT,FOLLOWING TOO CLOSELY,REAR END,E19THSTNWALNUTST,NONE,2020-09-09 14:10:00,,,
MONROE SD,BLOOMINGTON,2,0.0,0.0,0.0,0,1322.0,,,S CURRY PK,W CURRY CT,,,,0.0,0.0,COUNTY RD,N,RURAL,N,N,N,,DAYLIGHT,CLEAR,DRY,,T-INTERSECTION,STRAIGHT/LEVEL,ASPHALT,IMPROPER TURNING,LEFT TURN,CURRYCTCURRYPK,NONE,2020-09-09 15:49:00,,,
MONROE SD,BLOOMINGTON,1,0.0,1.0,0.0,0,,,,S DERBY DR,E CITATION DR,,,,39.11918383,-86.61918243,COUNTY RD,N,RURAL,N,N,N,,DAYLIGHT,CLEAR,DRY,,T-INTERSECTION,STRAIGHT/LEVEL,ASPHALT,OTHER (DRIVER) - EXPLAIN IN NARRATIVE,RAN OFF RD,CITATIONDRDERBYDR,NONE,2020-09-09 17:25:00,,,
MONROE SD,BLOOMINGTON,1,0.0,1.0,0.0,0,,,,I-69 N,,,100.0,N,39.164246081584395,-86.51641468001516,INTERSTATE,N,URBAN,N,N,N,,DARK (NOT LIGHTED),CLEAR,DRY,,NO JUNCTION INVOLVED,STRAIGHT/LEVEL,ASPHALT,STEERING FAILURE,RAN OFF RD,I-69 N127.0,LN CONTROL,2020-09-10 00:31:00,,,
MONROE SD,ELLETTSVILLE,1,0.0,1.0,0.0,0,9879.0,,,W REEVES RD,,,,,39.085218866241135,-86.54276443290068,LOCAL/CITY RD,N,RURAL,N,N,N,,DAYLIGHT,CLEAR,DRY,,NO JUNCTION INVOLVED,CURVE/GRADE,ASPHALT,RAN OFF RD RIGHT,RAN OFF RD,WREEVESRD,NONE,2020-09-10 01:42:00,,,
MONROE SD,BLOOMINGTON,1,0.0,0.0,0.0,0,,,,ST RD 37,E MONROE DAM RD,,200.0,N,39.041157229445005,-86.40715485700161,ST RD,N,RURAL,N,N,N,,DARK (NOT LIGHTED),CLEAR,DRY,,NO JUNCTION INVOLVED,STRAIGHT/HILLCREST,ASPHALT,ANIMAL/OBJECT IN RDWAY,COLLISION WITH OBJECT IN RD,EASTMONROEDAMRDS ST RD 37,NONE,2020-09-10 07:01:00,,,
BLOOMINGTON PD,BLOOMINGTON,3,0.0,0.0,0.0,0,,,,W SUNSTONE DR,S DELILA STAR DR,,,,39.27761,-86.67732,LOCAL/CITY RD,N,URBAN,N,N,N,,DAYLIGHT,CLEAR,DRY,,FOUR-WAY INTERSECTION,STRAIGHT/LEVEL,ASPHALT,CELL PHONE USAGE,OPPOSITE DIRECTION SIDESWIPE,DELILASTARDRSUNSTONEDR,NONE,2020-09-10 13:38:00,,,
INDIANA UNIV BLOOMINGTON PD,BLOOMINGTON,2,0.0,1.0,0.0,0,,,,N FEE LN,N EAGLESON AVE,,,,39.171464944773845,-86.49541919360071,LOCAL/CITY RD,N,URBAN,N,N,N,,DAYLIGHT,CLEAR,DRY,,FOUR-WAY INTERSECTION,STRAIGHT/LEVEL,ASPHALT,FAILURE TO YIELD RIGHT OF WAY,RIGHT ANGLE,NFEELNNEAGLESON AVEAVE,STOP SIGN,2020-09-10 14:17:00,,,
BLOOMINGTON PD,BLOOMINGTON,2,0.0,3.0,0.0,0,,,,ST RD 48,S CURRY PK,,,,39.234831197414294,-86.62630084203522,LOCAL/CITY RD,N,URBAN,N,N,N,,DAYLIGHT,CLEAR,DRY,,FOUR-WAY INTERSECTION,STRAIGHT/LEVEL,CONCRETE,FAILURE TO YIELD RIGHT OF WAY,HEAD ON BETWEEN TWO MOTOR VEHICLES,SCURRYPKW 3RDST,TRAFFIC CONTROL SIGNAL,2020-09-10 18:16:00,,,
MONROE SD,BLOOMINGTON,1,1.0,1.0,0.0,0,,,,I-69 N,,,10.0,S,39.17772118257066,-86.53101002496923,INTERSTATE,N,RURAL,N,N,N,,DARK (NOT LIGHTED),CLEAR,DRY,,NO JUNCTION INVOLVED,CURVE/GRADE,ASPHALT,DRIVER ASLEEP OR FATIGUED,RAN OFF RD,I-69 N130.5,NONE,2020-09-10 23:16:00,,,
ISP BLOOMINGTON 33,BLOOMINGTON,1,,0.0,0.0,1,,,,ST RD 37,,,950.0,N,39.136019595453085,-86.53827842687718,ST RD,,URBAN,N,N,N,,DARK (NOT LIGHTED),CLEAR,DRY,,NO JUNCTION INVOLVED,,ASPHALT,ANIMAL/OBJECT IN RDWAY,COLLISION WITH DEER,WSmithvilleRdStateRd37,,2020-09-11 05:30:00,,,
MONROE SD,BLOOMINGTON,1,0.0,0.0,0.0,0,,,,S BREEDEN RD,,,890.0,N,39.171489294714156,-86.49538387612597,COUNTY RD,N,RURAL,N,N,N,,DAYLIGHT,CLOUDY,DRY,,NO JUNCTION INVOLVED,CURVE/GRADE,ASPHALT,RAN OFF RD RIGHT,RAN OFF RD,SOUTHBREEDENRDWESTGRAVESRD,NONE,2020-09-11 10:30:00,,,
BLOOMINGTON PD,BLOOMINGTON,2,0.0,0.0,0.0,0,,Y,N,I-69 N,W 3RD ST,,,,39.2337320369103,-86.62471249124435,INTERSTATE,N,URBAN,N,N,N,,DAYLIGHT,CLOUDY,DRY,,RAMP,STRAIGHT/GRADE,ASPHALT,FAILURE TO YIELD RIGHT OF WAY,SAME DIRECTION SIDESWIPE,I-69 N,LN CONTROL,2020-09-11 11:00:00,,,
BLOOMINGTON PD,BLOOMINGTON,1,0.0,1.0,0.0,0,,,,S COLLEGE AVE,W 1ST,,,,39.33395983502651,-86.51274556812713,LOCAL/CITY RD,N,URBAN,N,N,N,,DAYLIGHT,CLEAR,DRY,,FOUR-WAY INTERSECTION,STRAIGHT/GRADE,ASPHALT,FAILURE TO YIELD RIGHT OF WAY,NON-COLLISION,E1STSTSCOLLEGEAVE,TRAFFIC CONTROL SIGNAL,2020-09-11 11:44:00,,,
INDIANA UNIV BLOOMINGTON PD,BLOOMINGTON,2,0.0,0.0,0.0,0,,,,S HAWTHORNE DR,E ATWATER AVE,,,,39.15049983953464,-86.5125558980641,LOCAL/CITY RD,N,URBAN,N,N,N,,DAYLIGHT,CLOUDY,DRY,,FOUR-WAY INTERSECTION,STRAIGHT/GRADE,ASPHALT,DISREGARD SIGNAL/REG SIGN,RIGHT ANGLE,ATWATERAVEHAWTHORNELN,STOP SIGN,2020-09-11 13:45:00,,,
BLOOMINGTON PD,BLOOMINGTON,2,0.0,0.0,0.0,0,,,,W 3RD ST,I-69 S,,,,39.21508099583022,-86.59267453465094,LOCAL/CITY RD,Y,URBAN,N,N,N,,DAYLIGHT,CLOUDY,DRY,,FOUR-WAY INTERSECTION,STRAIGHT/LEVEL,ASPHALT,FAILURE TO YIELD RIGHT OF WAY,RIGHT ANGLE,I-69OPASW 3RDST,TRAFFIC CONTROL SIGNAL,2020-09-11 15:20:00,,,
BLOOMINGTON PD,BLOOMINGTON,2,0.0,0.0,0.0,0,,,,ST RD 46,E 3RD ST,,500.0,N,39.181434270302255,-86.53377917015497,LOCAL/CITY RD,N,URBAN,N,N,N,,DAYLIGHT,CLEAR,DRY,,FOUR-WAY INTERSECTION,STRAIGHT/GRADE,ASPHALT,FOLLOWING TOO CLOSELY,REAR END,E 3RDSTESTATERD46HWY,NONE,2020-09-11 17:10:00,,,
INDIANA UNIV BLOOMINGTON PD,BLOOMINGTON,2,0.0,1.0,0.0,0,,,,ST RD 45/46,E 10TH ST,,440.0,S,39.154033825516954,-86.58260454633124,ST RD,N,URBAN,N,N,N,,DAYLIGHT,CLOUDY,DRY,,NO JUNCTION INVOLVED,STRAIGHT/LEVEL,ASPHALT,CELL PHONE USAGE,REAR END,DISCOVERYPKWYST RD 45S,NONE,2020-09-11 17:50:00,,,
BLOOMINGTON PD,BLOOMINGTON,1,0.0,1.0,0.0,0,,,,N DUNN ST,E 7TH ST,,,,39.119609821370766,-86.52149352035555,LOCAL/CITY RD,Y,URBAN,N,N,N,,DARK (LIGHTED),CLEAR,DRY,,FOUR-WAY INTERSECTION,STRAIGHT/LEVEL,CONCRETE,DISREGARD SIGNAL/REG SIGN,RIGHT TURN,EAST7THSTNORTHDUNNST,STOP SIGN,2020-09-12 01:48:00,,,
MONROE SD,BLOOMINGTON,2,0.0,0.0,0.0,0,,,,ST RD 45,S BUNGER RD,,,,-3.262589089234494e-05,-4.2263092153268684e-05,ST RD,N,RURAL,N,N,N,,DAYLIGHT,CLEAR,DRY,,T-INTERSECTION,STRAIGHT/GRADE,ASPHALT,FOLLOWING TOO CLOSELY,REAR END,BUNGERRDST RD 45 W,NONE,2020-09-12 01:49:00,,,
BLOOMINGTON PD,BLOOMINGTON,2,0.0,0.0,0.0,0,,,,ST RD 45/46,N WALNUT ST,,,,39.24150475885983,-86.68118775096833,ST RD,N,URBAN,N,N,N,,DAYLIGHT,CLEAR,DRY,,FOUR-WAY INTERSECTION,STRAIGHT/LEVEL,ASPHALT,FAILURE TO YIELD RIGHT OF WAY,RIGHT TURN,NWALNUTSTST RD 46 W,TRAFFIC CONTROL SIGNAL,2020-09-12 09:42:00,,,
ELLETTSVILLE PD,ELLETTSVILLE,2,0.0,0.0,0.0,0,4724.0,,,ST RD 46,N BRIAR GATE DR,,80.0,E,39.019987305337416,-86.53636030039287,ST RD,N,URBAN,N,N,N,,DAYLIGHT,CLEAR,DRY,,NO JUNCTION INVOLVED,STRAIGHT/LEVEL,ASPHALT,FAILURE TO YIELD RIGHT OF WAY,RIGHT ANGLE,BRIARGATEDRST RD 46 W,LN CONTROL,2020-09-12 12:35:00,,,
ELLETTSVILLE PD,ELLETTSVILLE,2,0.0,0.0,0.0,0,,,,ST RD 46,N RIDGEWOOD DR,,,,39.139156919146416,-86.5572855614375,ST RD,N,URBAN,N,N,N,,DAYLIGHT,CLEAR,DRY,,T-INTERSECTION,STRAIGHT/LEVEL,ASPHALT,FAILURE TO YIELD RIGHT OF WAY,SAME DIRECTION SIDESWIPE,RIDGEWOODDRST RD 46 W,LN CONTROL,2020-09-12 13:25:00,,,
ELLETTSVILLE PD,ELLETTSVILLE,1,0.0,1.0,0.0,0,,,,W REEVES RD,N THOMAS RD,,50.0,S,39.18375,-86.51919,LOCAL/CITY RD,N,URBAN,N,N,N,,DAYLIGHT,CLEAR,DRY,,NO JUNCTION INVOLVED,STRAIGHT/LEVEL,ASPHALT,RAN OFF RD RIGHT,RAN OFF RD,REEVESRDTHOMASRD,NONE,2020-09-12 14:05:00,,,
ISP BLOOMINGTON 33,BLOOMINGTON,1,,1.0,0.0,0,,,,I-69 S,,,0.0,S,39.16459966245098,-86.58297958841905,INTERSTATE,,URBAN,N,N,N,,DAYLIGHT,CLEAR,DRY,,NO JUNCTION INVOLVED,,CONCRETE,FOLLOWING TOO CLOSELY,SAME DIRECTION SIDESWIPE,I-69117.5,,2020-09-12 15:15:00,,,
MONROE SD,BLOOMINGTON,2,0.0,1.0,0.0,0,8860.0,,,ST RD 45,,,,,-3.5646485182524044e-05,-4.9279022593077854e-05,ST RD,Y,RURAL,N,N,N,,DAYLIGHT,CLEAR,DRY,,NO JUNCTION INVOLVED,STRAIGHT/LEVEL,ASPHALT,RAN OFF RD RIGHT,RAN OFF RD,ST RD 45 W,NONE,2020-09-12 15:46:00,,,
BLOOMINGTON PD,BLOOMINGTON,3,0.0,0.0,0.0,0,,,,ST RD 46,S PARK RIDGE RD,,,,39.072586251012986,-86.53609375149297,LOCAL/CITY RD,N,URBAN,N,N,N,,DAYLIGHT,CLOUDY,DRY,,NO JUNCTION INVOLVED,STRAIGHT/GRADE,ASPHALT,FOLLOWING TOO CLOSELY,REAR END,E 3RDSTSPARKRIDGERD,NONE,2020-09-12 17:59:00,,,
BLOOMINGTON PD,BLOOMINGTON,2,0.0,0.0,0.0,0,2036.0,,,WALNUT KNOLLS APARTMENT DR,,,,,39.05816645338523,-86.6712981236114,UNKNOWN,Y,URBAN,N,N,N,,UNKNOWN,CLEAR,DRY,,NO JUNCTION INVOLVED,STRAIGHT/LEVEL,ASPHALT,IMPROPER TURNING,LEFT TURN,NWALNUTST,NONE,2020-09-13 00:00:00,,,
MONROE SD,BLOOMINGTON,1,0.0,0.0,0.0,0,,,,ST RD 48,,,2600.0,W,39.16450430958172,-86.57307148935068,ST RD,N,RURAL,N,N,N,,DAYLIGHT,CLOUDY,WET,,NO JUNCTION INVOLVED,CURVE/LEVEL,ASPHALT,SPEED TOO FAST FOR WEATHER CONDITIONS,RAN OFF RD,ST RD 48WWVERNALPK,NONE,2020-09-13 08:38:00,,,
BLOOMINGTON PD,BLOOMINGTON,2,0.0,1.0,0.0,0,,,,E 3RD ST,S JEFFERSON ST,,,,39.15935478621891,-86.53509971292445,LOCAL/CITY RD,N,URBAN,N,N,N,,DAYLIGHT,CLOUDY,DRY,,NO JUNCTION INVOLVED,STRAIGHT/GRADE,ASPHALT,FOLLOWING TOO CLOSELY,REAR END,E 3RDSTSJEFFERSONST,NONE,2020-09-13 13:45:00,,,
BLOOMINGTON PD,BLOOMINGTON,2,0.0,0.0,0.0,0,,,,W 3RD ST,I-69 N,,,,39.1630679481567,-86.5202185601277,LOCAL/CITY RD,Y,URBAN,N,N,N,,DAYLIGHT,CLEAR,DRY,,FOUR-WAY INTERSECTION,STRAIGHT/LEVEL,ASPHALT,DISREGARD SIGNAL/REG SIGN,RIGHT ANGLE,INTERSTATE69HWYW 3RDST,TRAFFIC CONTROL SIGNAL,2020-09-13 14:00:00,,,
BLOOMINGTON PD,BLOOMINGTON,2,0.0,1.0,0.0,0,,,,N ADAMS ST,W 7TH ST,,,,39.164494216500124,-86.57327246218507,LOCAL/CITY RD,N,URBAN,N,N,N,,DAYLIGHT,CLEAR,DRY,,NO JUNCTION INVOLVED,STRAIGHT/LEVEL,ASPHALT,OTHER (DRIVER) - EXPLAIN IN NARRATIVE,RAN OFF RD,NADAMSSTW7THST,NONE,2020-09-13 15:47:00,,,
BLOOMINGTON PD,BLOOMINGTON,1,0.0,1.0,0.0,0,,,,ST RD 45/46,N MARTHA ST,,,,39.16433,-86.47207,ST RD,N,URBAN,N,N,N,,DAYLIGHT,CLEAR,DRY,,NO JUNCTION INVOLVED,STRAIGHT/LEVEL,ASPHALT,FOLLOWING TOO CLOSELY,NON-COLLISION,NMARTHASTST RD 45E,NONE,2020-09-13 18:26:00,,,
MONROE SD,BLOOMINGTON,1,0.0,0.0,0.0,1,,,,W ST RD 37,,,1500.0,N,39.17160730242705,-86.50217938518031,ST RD,N,RURAL,N,N,N,,DAYLIGHT,CLEAR,DRY,,NO JUNCTION INVOLVED,CURVE/GRADE,ASPHALT,ANIMAL/OBJECT IN RDWAY,COLLISION WITH DEER,BETHELLNN ST RD 37,NONE,2020-09-13 18:29:00,,,
BLOOMINGTON PD,BLOOMINGTON,1,0.0,1.0,0.0,0,,,,E COTTAGE GROVE AVE,N INDIANA AVE,,,,39.16849262855796,-86.52828834797117,LOCAL/CITY RD,N,URBAN,N,N,N,,DARK (LIGHTED),CLEAR,DRY,,FOUR-WAY INTERSECTION,STRAIGHT/LEVEL,ASPHALT,UNSAFE SPEED,RAN OFF RD,ECOTTAGEGROVEAVENINDIANAAVE,NONE,2020-09-13 23:50:00,,,
BLOOMINGTON PD,BLOOMINGTON,2,0.0,0.0,0.0,0,,,,N DUNN ST,ST RD 45/46,,,,39.12920597725574,-86.60431936689974,LOCAL/CITY RD,N,URBAN,N,N,N,,DAYLIGHT,CLEAR,DRY,,FOUR-WAY INTERSECTION,STRAIGHT/GRADE,ASPHALT,FOLLOWING TOO CLOSELY,REAR END,EASTST RD 4546HWYNORTHDUNNST,TRAFFIC CONTROL SIGNAL,2020-09-14 13:20:00,,,
MONROE SD,BLOOMINGTON,1,0.0,0.0,0.0,0,,,,S STRAIN RIDGE RD,S ANNE AVE,,100.0,E,39.18620386541668,-86.53456542653728,LOCAL/CITY RD,N,RURAL,N,N,N,,DAYLIGHT,CLEAR,DRY,,NO JUNCTION INVOLVED,CURVE/LEVEL,CONCRETE,UNSAFE SPEED,RAN OFF RD,SANNEAVESSTRAINRIDGERD,NONE,2020-09-14 14:57:00,,,
INDIANA UNIV BLOOMINGTON PD,BLOOMINGTON,3,0.0,2.0,0.0,0,,,,S HAWTHORNE DR,E ATWATER AVE,,,,39.216584756516,-86.59644779238937,LOCAL/CITY RD,N,URBAN,N,N,N,,DAYLIGHT,CLEAR,DRY,,FOUR-WAY INTERSECTION,STRAIGHT/LEVEL,ASPHALT,DISREGARD SIGNAL/REG SIGN,RIGHT ANGLE,ATWATERAVEHAWTHORNELN,STOP SIGN,2020-09-14 15:25:00,,,
INDIANA UNIV BLOOMINGTON PD,BLOOMINGTON,2,0.0,0.0,0.0,0,,,,E 3RD ST,S EAGLESON AVE,,,,39.21733069390079,-86.59897726512082,LOCAL/CITY RD,N,URBAN,N,N,N,,DAYLIGHT,CLEAR,DRY,,FOUR-WAY INTERSECTION,STRAIGHT/LEVEL,ASPHALT,UNSAFE LN MOVEMENT,SAME DIRECTION SIDESWIPE,E 3RDSTSEAGLESON AVEAVE,TRAFFIC CONTROL SIGNAL,2020-09-14 15:32:00,,,