Agency,City,Vehicles Involved,Trailers Involved,Number Injured,Number Dead,Number Deer,House Number,Roadway Interchange,Roadway Ramp,Roadway Id,Intersecting Road,Interchange,Feet From,Direction,Latitude,Longitude,Roadway Class,Hit and Run?,Locality,School Zone?,Rumble Strips?,Construction?,Construction Type,Light Condition,Weather Conditions,Surface Condition,Type of Median,Roadway Junction Type,Road Character,Roadway Surface,Primary Factor,Manner of Collision,Unique Location Id,Traffic Control,DateTime,Address Number,Cyclist Involved,Pedestrian Involved
BLOOMINGTON PD,BLOOMINGTON,2,0.0,0.0,0.0,0,,,,W 3RD ST (N),S PATTERSON DR,,,,39.23713166305455,-86.62769541765633,LOCAL/CITY RD,N,URBAN,N,N,N,,DARK (LIGHTED),CLEAR,DRY,,FOUR-WAY INTERSECTION,STRAIGHT/LEVEL,ASPHALT,FAILURE TO YIELD RIGHT OF WAY,LEFT TURN,SPATTERSONSTW 3RDST,TRAFFIC CONTROL SIGNAL,2020-09-23 22:06:00,,,
BLOOMINGTON PD,BLOOMINGTON,2,0.0,0.0,0.0,0,3081.0,,,E AMY LN,,,,,39.15933773740647,-86.53368101427581,UNKNOWN,Y,URBAN,N,N,N,,UNKNOWN,CLEAR,DRY,,NO JUNCTION INVOLVED,STRAIGHT/LEVEL,ASPHALT,OTHER (DRIVER) - EXPLAIN IN NARRATIVE,SAME DIRECTION SIDESWIPE,EAMYLN,NONE,2020-09-24 00:00:00,,,
BLOOMINGTON PD,BLOOMINGTON,1,0.0,0.0,0.0,0,1100.0,,,W 2ND ST,,,,,39.13602788197674,-86.53879617383411,LOCAL/CITY RD,N,URBAN,N,N,N,,DARK (LIGHTED),CLOUDY,DRY,,NO JUNCTION INVOLVED,STRAIGHT/GRADE,ASPHALT,RAN OFF RD RIGHT,RAN OFF RD,2NDST,NONE,2020-09-24 02:15:00,,,
MONROE SD,BLOOMINGTON,1,0.0,0.0,0.0,0,7465.0,,,S ST RD 37,W ROGERS ST,,,,39.17974,-86.54109217,ST RD,N,RURAL,N,N,N,,DAYLIGHT,RAIN,WET,,NO JUNCTION INVOLVED,CURVE/HILLCREST,ASPHALT,RAN OFF RD RIGHT,RAN OFF RD,S ST RD 37,NONE,2020-09-24 07:39:00,,,
INDIANA UNIV BLOOMINGTON PD,BLOOMINGTON,2,0.0,0.0,0.0,0,,,,E 10TH ST,N GRANT ST,,,,39.150460308289084,-86.50298465205128,LOCAL/CITY RD,N,URBAN,N,N,N,,DAYLIGHT,CLEAR,DRY,,FOUR-WAY INTERSECTION,STRAIGHT/GRADE,ASPHALT,FAILURE TO YIELD RIGHT OF WAY,RIGHT ANGLE,GRANTSTTENTHST,STOP SIGN,2020-09-24 11:30:00,,,
MONROE SD,BLOOMINGTON,2,0.0,1.0,0.0,0,,,,ST RD 48,S GARRISON CHAPEL RD,,1580.0,E,39.190243322973096,-86.58252274356124,ST RD,N,RURAL,N,N,N,,DAYLIGHT,CLEAR,DRY,,NO JUNCTION INVOLVED,STRAIGHT/GRADE,ASPHALT,FOLLOWING TOO CLOSELY,REAR END,SGARRISONCHAPELRDST RD 48W,NONE,2020-09-24 11:32:00,,,
BLOOMINGTON PD,BLOOMINGTON,2,0.0,0.0,0.0,0,,,,S ADAMS ST,W KIRKWOOD AVE,,,,39.15367568264143,-86.49524512475821,LOCAL/CITY RD,Y,URBAN,N,N,N,,DAYLIGHT,CLEAR,DRY,,FOUR-WAY INTERSECTION,STRAIGHT/GRADE,ASPHALT,FAILURE TO YIELD RIGHT OF WAY,LEFT TURN,ADAMSSTKIRKWOODAVE,TRAFFIC CONTROL SIGNAL,2020-09-24 13:12:00,,,
BLOOMINGTON PD,BLOOMINGTON,2,0.0,0.0,0.0,0,,,,W 2ND ST,B-LINE TRAIL / S MORTON ST,,,,39.14580897135788,-86.53166044500709,LOCAL/CITY RD,Y,URBAN,N,N,N,,DAYLIGHT,CLEAR,DRY,,FOUR-WAY INTERSECTION,STRAIGHT/GRADE,ASPHALT,FOLLOWING TOO CLOSELY,REAR END,SMORTONSTW 2NDST,NONE,2020-09-24 14:17:00,,,
ISP BLOOMINGTON 33,BLOOMINGTON,2,,0.0,0.0,0,,,,N CURRY PK,W VERNAL PK,,53.0,S,39.05012747380278,-86.60930331057534,LOCAL/CITY RD,,URBAN,N,N,N,,DAYLIGHT,CLEAR,DRY,,FOUR-WAY INTERSECTION,,ASPHALT,OTHER (DRIVER) - EXPLAIN IN NARRATIVE,REAR END,WVernalPikeNCurryPike,,2020-09-24 15:30:00,,,
BLOOMINGTON PD,BLOOMINGTON,3,0.0,0.0,0.0,0,,,,S ROGERS ST,W PATTERSON DR,,,,39.1627022345064,-86.5505056821653,LOCAL/CITY RD,N,URBAN,N,N,N,,DAYLIGHT,CLEAR,DRY,,FOUR-WAY INTERSECTION,STRAIGHT/LEVEL,ASPHALT,UNSAFE SPEED,REAR END,SROGERSSTWPATTERSONDR,TRAFFIC CONTROL SIGNAL,2020-09-24 15:49:00,,,
BLOOMINGTON PD,BLOOMINGTON,2,0.0,0.0,0.0,0,,,,W 17TH ST,N KINSER PK,,,,39.16659191151308,-86.53491390991017,LOCAL/CITY RD,Y,URBAN,N,N,N,,DAYLIGHT,CLEAR,DRY,,FOUR-WAY INTERSECTION,STRAIGHT/LEVEL,ASPHALT,UNSAFE LN MOVEMENT,SAME DIRECTION SIDESWIPE,NKINSERPKW17THST,TRAFFIC CONTROL SIGNAL,2020-09-24 17:42:00,,,
BLOOMINGTON PD,BLOOMINGTON,2,0.0,0.0,0.0,0,,,,S HENDERSON ST,E HILLSIDE DR,,50.0,S,39.10543197610445,-86.63992571695367,LOCAL/CITY RD,Y,URBAN,N,N,N,,DARK (LIGHTED),CLEAR,DRY,,FOUR-WAY INTERSECTION,STRAIGHT/GRADE,ASPHALT,UNSAFE LN MOVEMENT,SAME DIRECTION SIDESWIPE,EHILLSIDEDRSHENDERSONST,NONE,2020-09-24 21:14:00,,,
ISP BLOOMINGTON 33,BLOOMINGTON,3,,0.0,0.0,0,,,,I-69 S,ST RD 45/46,,0.0,S,39.027476490157234,-86.53413217492941,INTERSTATE,,URBAN,N,N,N,,DARK (NOT LIGHTED),CLEAR,DRY,,NO JUNCTION INVOLVED,,ASPHALT,UNSAFE LN MOVEMENT,SAME DIRECTION SIDESWIPE,I-69120,,2020-09-25 06:27:00,,,
BLOOMINGTON PD,BLOOMINGTON,2,0.0,0.0,0.0,0,3219.0,,,E BRAESIDE DR,,,,,39.17390775782929,-86.51893498354598,LOCAL/CITY RD,Y,URBAN,N,N,N,,DAYLIGHT,CLEAR,DRY,,NO JUNCTION INVOLVED,STRAIGHT/GRADE,ASPHALT,UNSAFE BACKING,BACKING CRASH,BRAESIDEDR,NONE,2020-09-25 08:00:00,,,
MONROE SD,BLOOMINGTON,3,0.0,0.0,0.0,0,,,,ST RD 46,N CURRY PK,,161.0,S,39.135957461276014,-86.53115448541847,ST RD,N,RURAL,N,N,N,,DAYLIGHT,CLEAR,DRY,,FOUR-WAY INTERSECTION,STRAIGHT/LEVEL,ASPHALT,DRIVER DISTRACTED - EXPLAIN IN NARRATIVE,REAR END,CURRYPKST RD 46,STOP SIGN,2020-09-25 16:05:00,,,
BLOOMINGTON PD,BLOOMINGTON,2,0.0,0.0,0.0,0,,,,S COLLEGE AVE,W 1ST,,,,39.18620047206399,-86.53453526890988,LOCAL/CITY RD,Y,URBAN,N,N,N,,DAYLIGHT,CLEAR,DRY,,FOUR-WAY INTERSECTION,STRAIGHT/LEVEL,ASPHALT,FOLLOWING TOO CLOSELY,REAR END,SCOLLEGEAVEW1STST,TRAFFIC CONTROL SIGNAL,2020-09-25 16:08:00,,,
MONROE SD,BLOOMINGTON,1,0.0,0.0,0.0,0,,,,S ROCKPORT RD,W TAPP RD,,,,39.164382559606025,-86.55200618787869,LOCAL/CITY RD,Y,URBAN,N,N,N,,DAYLIGHT,CLEAR,DRY,,FOUR-WAY INTERSECTION,STRAIGHT/GRADE,ASPHALT,FAILURE TO YIELD RIGHT OF WAY,OTHER - EXPLAIN IN NARRATIVE,ROCKPORTRDTAPPRD,TRAFFIC CONTROL SIGNAL,2020-09-25 16:15:00,,,
BLOOMINGTON PD,BLOOMINGTON,2,0.0,0.0,0.0,0,,,,N MADISON ST,W KENWOOD DR,,,,39.16946568,-86.49707912,LOCAL/CITY RD,Y,URBAN,N,N,N,,DAYLIGHT,CLEAR,DRY,,T-INTERSECTION,STRAIGHT/LEVEL,ASPHALT,FOLLOWING TOO CLOSELY,REAR END,NMADISONSTWKENWOODDR,NONE,2020-09-25 17:06:00,,,
INDIANA UNIV BLOOMINGTON PD,BLOOMINGTON,2,0.0,0.0,0.0,0,,,,E 17TH ST,N DUNN ST,,,,39.16080406730169,-86.52005033033932,LOCAL/CITY RD,Y,URBAN,N,N,N,,DAYLIGHT,CLEAR,DRY,,FOUR-WAY INTERSECTION,STRAIGHT/LEVEL,ASPHALT,FOLLOWING TOO CLOSELY,REAR END,E17THSTNDUNNST,TRAFFIC CONTROL SIGNAL,2020-09-25 18:04:00,,,
INDIANA UNIV BLOOMINGTON PD,BLOOMINGTON,2,0.0,0.0,0.0,0,,,,ST RD 45/46,E 10TH ST,,,,39.083491376582195,-86.54161425816402,ST RD,N,URBAN,N,N,N,,DAYLIGHT,CLEAR,DRY,,FOUR-WAY INTERSECTION,STRAIGHT/LEVEL,ASPHALT,FAILURE TO YIELD RIGHT OF WAY,RIGHT TURN,ST RD 46UNIONVILLERD,TRAFFIC CONTROL SIGNAL,2020-09-25 18:40:00,,,
BLOOMINGTON PD,BLOOMINGTON,2,0.0,3.0,0.0,0,,,,ST RD 45,S LEONARD SPRINGS RD,,,,39.171631843853284,-86.52976297838745,ST RD,N,URBAN,N,N,N,,DAYLIGHT,CLOUDY,DRY,,FOUR-WAY INTERSECTION,STRAIGHT/GRADE,ASPHALT,FAILURE TO YIELD RIGHT OF WAY,LEFT TURN,SOUTHLEONARDSPRINGSRDST RD 45 W,TRAFFIC CONTROL SIGNAL,2020-09-25 19:35:00,,,
MONROE SD,BLOOMINGTON,1,0.0,0.0,0.0,0,,,,S ST RD 37,,,1425.0,N,39.16361782707625,-86.64989660153134,LOCAL/CITY RD,N,RURAL,N,N,N,,DARK (NOT LIGHTED),CLEAR,DRY,,NO JUNCTION INVOLVED,CURVE/GRADE,ASPHALT,RAN OFF RD RIGHT,RAN OFF RD,SOLDST RD 37RDSROGERSST,LN CONTROL,2020-09-26 00:40:00,,,
BLOOMINGTON PD,BLOOMINGTON,2,0.0,0.0,0.0,0,,,,W 3RD ST,I-69 S,,,,39.16669289251974,-86.54965622004703,LOCAL/CITY RD,N,URBAN,N,N,N,,DAYLIGHT,CLOUDY,DRY,,FOUR-WAY INTERSECTION,STRAIGHT/GRADE,ASPHALT,FOLLOWING TOO CLOSELY,REAR END,I-69SW 3RDST,TRAFFIC CONTROL SIGNAL,2020-09-26 12:18:00,,,
BLOOMINGTON PD,BLOOMINGTON,2,0.0,0.0,0.0,0,,,,W SUNSTONE DR,S DELILA STAR DR,,,,39.01344365422297,-86.54736733327701,LOCAL/CITY RD,Y,URBAN,N,N,N,,DAYLIGHT,CLEAR,DRY,,NO JUNCTION INVOLVED,STRAIGHT/GRADE,ASPHALT,,,SDELILASTARDRWSUNSTONEDR,NONE,2020-09-26 14:30:00,,,
MONROE SD,BLOOMINGTON,2,0.0,0.0,0.0,0,8660.0,,,S FAIRFAX RD,,,,,39.179110432452184,-86.58308053380141,UNKNOWN,Y,RURAL,N,N,N,,DARK (LIGHTED),CLEAR,DRY,,T-INTERSECTION,STRAIGHT/LEVEL,ASPHALT,UNSAFE BACKING,BACKING CRASH,FAIRFAXRD,NONE,2020-09-26 19:30:00,,,
BLOOMINGTON PD,BLOOMINGTON,2,0.0,0.0,0.0,0,,,,W 17TH ST,N JACKSON ST,,,,39.15381,-86.53873,LOCAL/CITY RD,N,URBAN,N,N,N,,DAWN/DUSK,CLEAR,DRY,,FOUR-WAY INTERSECTION,STRAIGHT/GRADE,ASPHALT,FAILURE TO YIELD RIGHT OF WAY,RIGHT ANGLE,NJACKSONSTW17THST,STOP SIGN,2020-09-27 07:45:00,,,
BLOOMINGTON PD,BLOOMINGTON,2,0.0,0.0,0.0,0,116.0,,,N WALNUT ST,ALLEY,,150.0,S,39.17899443663536,-86.53776876993287,LOCAL/CITY RD,Y,URBAN,N,N,N,,DAYLIGHT,CLEAR,DRY,,NO JUNCTION INVOLVED,STRAIGHT/GRADE,ASPHALT,IMPROPER LN USAGE,SAME DIRECTION SIDESWIPE,6THSTWALNUTST,NONE,2020-09-27 09:00:00,,,
BLOOMINGTON PD,BLOOMINGTON,2,0.0,0.0,0.0,0,,,,N WALNUT ST,ST RD 45/46,,,,39.15053033870759,-86.52694808085023,LOCAL/CITY RD,N,URBAN,N,N,N,,DARK (LIGHTED),CLOUDY,DRY,,FOUR-WAY INTERSECTION,STRAIGHT/GRADE,ASPHALT,FOLLOWING TOO CLOSELY,REAR END,NWALNUTSTST RD 46E,TRAFFIC CONTROL SIGNAL,2020-09-27 20:53:00,,,
BLOOMINGTON PD,BLOOMINGTON,2,0.0,0.0,0.0,0,,,,W 6TH ST,,,100.0,E,39.1821274319625,-86.5569037882527,LOCAL/CITY RD,Y,URBAN,N,N,N,,DARK (NOT LIGHTED),CLEAR,DRY,,FOUR-WAY INTERSECTION,STRAIGHT/LEVEL,CONCRETE,,OTHER - EXPLAIN IN NARRATIVE,NMAPLESTW6THST,NONE,2020-09-28 00:01:00,,,
BLOOMINGTON PD,BLOOMINGTON,2,0.0,1.0,0.0,0,,,,N HEADLEY RD,,,500.0,S,39.168183255701905,-86.49503416349582,LOCAL/CITY RD,N,URBAN,N,N,N,,DAYLIGHT,RAIN,WET,,NO JUNCTION INVOLVED,CURVE/GRADE,ASPHALT,SPEED TOO FAST FOR WEATHER CONDITIONS,RIGHT ANGLE,NHEADLYRDTREADWELLDR,NONE,2020-09-28 00:06:00,,,
BLOOMINGTON PD,BLOOMINGTON,2,0.0,1.0,0.0,0,,,,ST RD 48,S GATES DR,,,,39.19364220188104,-86.57141685268384,LOCAL/CITY RD,N,URBAN,N,N,N,,DARK (LIGHTED),RAIN,WET,,FOUR-WAY INTERSECTION,STRAIGHT/GRADE,ASPHALT,DISREGARD SIGNAL/REG SIGN,RIGHT ANGLE,E 3RDSTNGATESDR,TRAFFIC CONTROL SIGNAL,2020-09-28 06:42:00,,,
MONROE SD,BLOOMINGTON,1,0.0,0.0,0.0,0,,,,E SAMPLE RD,,,2500.0,W,39.15935433538964,-86.53507326720833,LOCAL/CITY RD,N,RURAL,N,N,N,,DAYLIGHT,RAIN,WET,,T-INTERSECTION,STRAIGHT/GRADE,ASPHALT,RAN OFF RD RIGHT,RAN OFF RD,ESAMPLERDNOLD37HWY,NONE,2020-09-28 08:46:00,,,
ISP BLOOMINGTON 33,BLOOMINGTON,1,,0.0,0.0,0,,,,W GIFFORD,,,,,39.136346495651814,-86.54874639864659,COUNTY RD,,RURAL,N,N,N,,DAYLIGHT,CLOUDY,WET,,NO JUNCTION INVOLVED,,ASPHALT,SPEED TOO FAST FOR WEATHER CONDITIONS,RAN OFF RD,WGiffordRdW.ofCurryPike,,2020-09-28 09:19:00,,,
MONROE SD,BLOOMINGTON,2,0.0,0.0,0.0,0,,,,E MEL CURRIE RD,,,2500.0,E,39.17832598434337,-86.53778781971397,LOCAL/CITY RD,Y,RURAL,N,N,N,,DAYLIGHT,RAIN,WET,,T-INTERSECTION,STRAIGHT/HILLCREST,ASPHALT,LEFT OF CENTER,,EMELCURRIERDSHOWERSRD,NONE,2020-09-28 09:42:00,,,
MONROE SD,BLOOMINGTON,1,0.0,1.0,0.0,0,,,,N BOTTOM RD,,,900.0,N,39.17897119840369,-86.52834527175243,LOCAL/CITY RD,N,RURAL,N,N,N,,DAYLIGHT,CLOUDY,DRY,,NO JUNCTION INVOLVED,CURVE/LEVEL,ASPHALT,RAN OFF RD RIGHT,RAN OFF RD,NBOTTOMRDWMAPLEGROVERD,NONE,2020-09-28 10:14:00,,,
INDIANA UNIV BLOOMINGTON PD,BLOOMINGTON,1,0.0,0.0,0.0,0,,,,N WALNUT ST,ST RD 45/46,,,,39.171599472863285,-86.50219267961968,ST RD,N,URBAN,N,N,N,,DAYLIGHT,RAIN,WET,,FOUR-WAY INTERSECTION,STRAIGHT/LEVEL,ASPHALT,SPEED TOO FAST FOR WEATHER CONDITIONS,OTHER - EXPLAIN IN NARRATIVE,COLLEGEAVEWALNUTST,TRAFFIC CONTROL SIGNAL,2020-09-28 10:30:00,,,
BLOOMINGTON PD,BLOOMINGTON,1,0.0,0.0,0.0,0,,,,N WALNUT ST,ST RD 45/46,,,,39.1419115582869,-86.58263489939971,LOCAL/CITY RD,N,URBAN,Y,N,N,,DAYLIGHT,RAIN,WET,,NO JUNCTION INVOLVED,STRAIGHT/LEVEL,ASPHALT,SPEED TOO FAST FOR WEATHER CONDITIONS,RAN OFF RD,NWALNUTST,LN CONTROL,2020-09-28 10:45:00,,,
BLOOMINGTON PD,BLOOMINGTON,2,0.0,1.0,0.0,0,,,,E HILLSIDE DR,S OLIVE ST,,50.0,W,39.099408,-86.537904,LOCAL/CITY RD,N,URBAN,N,N,N,,DAYLIGHT,CLOUDY,WET,,NO JUNCTION INVOLVED,STRAIGHT/LEVEL,ASPHALT,CELL PHONE USAGE,REAR END,EHILLSIDEDRSOLIVEST,NONE,2020-09-28 12:15:00,,,
INDIANA UNIV BLOOMINGTON PD,BLOOMINGTON,2,0.0,0.0,0.0,0,,,,N DUNN ST,E 17TH ST,,,,39.164523549541094,-86.57330847130844,LOCAL/CITY RD,N,URBAN,N,N,N,,DAYLIGHT,RAIN,WET,,FOUR-WAY INTERSECTION,STRAIGHT/LEVEL,ASPHALT,FOLLOWING TOO CLOSELY,REAR END,DUNNSTEAST17THST,TRAFFIC CONTROL SIGNAL,2020-09-28 12:50:00,,,
BLOOMINGTON PD,BLOOMINGTON,2,0.0,0.0,0.0,0,,,,W 2ND ST,S WALKER ST,,,,39.13915028769635,-86.5572818663602,LOCAL/CITY RD,N,URBAN,N,N,N,,DAYLIGHT,RAIN,WET,,FOUR-WAY INTERSECTION,STRAIGHT/GRADE,ASPHALT,FOLLOWING TOO CLOSELY,REAR END,2NDSTWALKERST,TRAFFIC CONTROL SIGNAL,2020-09-28 13:05:00,,,
INDIANA UNIV BLOOMINGTON PD,BLOOMINGTON,2,0.0,0.0,0.0,0,,,,E 3RD ST,S FESS AVE,,,,39.03423308389336,-86.49086517346083,LOCAL/CITY RD,N,URBAN,N,N,N,,DAYLIGHT,RAIN,WET,,T-INTERSECTION,STRAIGHT/LEVEL,ASPHALT,FOLLOWING TOO CLOSELY,REAR END,FESSAVE 3RDST,NONE,2020-09-28 13:55:00,,,
MONROE SD,BLOOMINGTON,2,0.0,0.0,0.0,0,2450.0,,,W KARST FARM PARK RD,S ENDWRIGHT RD,,,,39.17902,-86.53967,LOCAL/CITY RD,N,URBAN,N,N,N,,DAYLIGHT,RAIN,WET,,T-INTERSECTION,STRAIGHT/LEVEL,ASPHALT,UNSAFE BACKING,OTHER - EXPLAIN IN NARRATIVE,SENDWRIGHTRD,NONE,2020-09-28 14:15:00,,,
BLOOMINGTON PD,BLOOMINGTON,3,0.0,0.0,0.0,0,,,,ST RD 46,E 3RD ST,,,,39.155598654466594,-86.53369580374068,ST RD,N,URBAN,N,N,N,,DAYLIGHT,RAIN,WET,,FOUR-WAY INTERSECTION,STRAIGHT/LEVEL,ASPHALT,STEERING FAILURE,OTHER - EXPLAIN IN NARRATIVE,E 3RDSTST RD 46S,TRAFFIC CONTROL SIGNAL,2020-09-28 14:44:00,,,
ISP BLOOMINGTON 33,BLOOMINGTON,1,,0.0,0.0,0,,Y,123C,I-69 S,N ST RD 37,,1690.0,W,39.1862140434985,-86.53455701596025,INTERSTATE,,RURAL,N,N,N,,DAYLIGHT,CLOUDY,WET,,RAMP,,CONCRETE,SPEED TOO FAST FOR WEATHER CONDITIONS,RAN OFF RD,NWalnutStI-69-123-C,,2020-09-28 14:56:00,,,
INDIANA UNIV BLOOMINGTON PD,BLOOMINGTON,2,0.0,0.0,0.0,0,,,,N EAGLESON AVE,E LAW LN,,,,39.16766954003506,-86.54212739739334,LOCAL/CITY RD,N,URBAN,N,N,N,,DAYLIGHT,CLOUDY,WET,,FOUR-WAY INTERSECTION,STRAIGHT/LEVEL,ASPHALT,SPEED TOO FAST FOR WEATHER CONDITIONS,REAR END,EASTLAWLNNORTHEAGLESON AVEAVE,TRAFFIC CONTROL SIGNAL,2020-09-28 15:20:00,,,
INDIANA UNIV BLOOMINGTON PD,BLOOMINGTON,3,0.0,0.0,0.0,0,,,,E 3RD ST,S FACULTY AVE,,,,39.190061169096694,-86.51430418828039,LOCAL/CITY RD,N,URBAN,N,N,N,,DAYLIGHT,CLEAR,DRY,,NO JUNCTION INVOLVED,STRAIGHT/LEVEL,ASPHALT,UNSAFE LN MOVEMENT,SAME DIRECTION SIDESWIPE,FACULTYAVE 3RDST,NONE,2020-09-28 16:50:00,,,
INDIANA UNIV BLOOMINGTON PD,BLOOMINGTON,2,0.0,1.0,1.0,0,,,,S INDIANA AVE,E 3RD ST,,,,-3.017479576668893e-05,-1.567602024450699e-05,LOCAL/CITY RD,N,URBAN,N,N,N,,DAYLIGHT,CLEAR,DRY,,T-INTERSECTION,STRAIGHT/LEVEL,ASPHALT,DISREGARD SIGNAL/REG SIGN,RIGHT ANGLE,INDIANAAVE 3RDST,TRAFFIC CONTROL SIGNAL,2020-09-29 09:30:00,,,True
BLOOMINGTON PD,BLOOMINGTON,3,0.0,0.0,0.0,0,,,,W COUNTRY CLUB DR,S MADISON ST,,,,,,LOCAL/CITY RD,N,URBAN,N,N,N,,DAYLIGHT,CLEAR,DRY,,T-INTERSECTION,STRAIGHT/LEVEL,ASPHALT,FOLLOWING TOO CLOSELY,REAR END,COUNTRYCLUBDRMADISONST,NONE,2020-09-29 11:47:00,,,
BLOOMINGTON PD,BLOOMINGTON,2,0.0,0.0,0.0,0,,,,S MULLER PKWY,ENTRANCE TO LONGVIEW MOBILE PARK (E),,75.0,W,39.15490363,-86.58597655,LOCAL/CITY RD,N,URBAN,N,N,N,,DAYLIGHT,CLEAR,DRY,,NO JUNCTION INVOLVED,STRAIGHT/GRADE,CONCRETE,UNSAFE BACKING,BACKING CRASH,SMULLERPKWYW 3RDST,NONE,2020-09-29 14:14:00,,,
INDIANA UNIV BLOOMINGTON PD,BLOOMINGTON,2,0.0,0.0,0.0,0,,,,E 3RD ST,S SWAIN AVE,,,,39.23718058518437,-86.52917182184684,LOCAL/CITY RD,N,URBAN,N,N,N,,DAWN/DUSK,CLEAR,DRY,,T-INTERSECTION,STRAIGHT/LEVEL,ASPHALT,IMPROPER TURNING,LEFT TURN,SWAINAVE 3RDST,LN CONTROL,2020-09-29 19:00:00,,,
MONROE SD,BLOOMINGTON,1,0.0,0.0,0.0,1,,,,S HANDY RD,,,3000.0,N,39.24742952318753,-86.54781963826959,LOCAL/CITY RD,N,RURAL,N,N,N,,DARK (NOT LIGHTED),CLEAR,DRY,,NO JUNCTION INVOLVED,STRAIGHT/LEVEL,ASPHALT,ANIMAL/OBJECT IN RDWAY,COLLISION WITH DEER,SFISCUSRDSHANDYRD,NONE,2020-09-29 21:50:00,,,
MONROE SD,BLOOMINGTON,1,0.0,1.0,0.0,0,6694.0,,,ST RD 45,,,,,39.18623692176386,-86.5345498728517,ST RD,N,RURAL,N,N,N,,DARK (NOT LIGHTED),CLEAR,DRY,,NO JUNCTION INVOLVED,STRAIGHT/GRADE,ASPHALT,RAN OFF RD RIGHT,RAN OFF RD,ST RD 45 W,NONE,2020-09-29 22:21:00,,,
MONROE SD,BLOOMINGTON,2,0.0,1.0,0.0,0,,,,N OARD,,,4752.0,N,39.18622346372249,-86.5345348068324,LOCAL/CITY RD,N,RURAL,N,N,N,,DARK (NOT LIGHTED),CLEAR,WET,,NO JUNCTION INVOLVED,STRAIGHT/GRADE,ASPHALT,FAILURE TO YIELD RIGHT OF WAY,REAR END,OARDRDST RD 48W,NONE,2020-09-30 00:27:00,,,
ISP BLOOMINGTON 33,BLOOMINGTON,2,,0.0,0.0,0,,,,I-69 S,,,0.0,S,39.15054365863818,-86.51887805199065,INTERSTATE,,RURAL,N,N,N,,DAYLIGHT,CLEAR,DRY,,NO JUNCTION INVOLVED,,ASPHALT,OVERCORRECTING/OVERSTEERING,,I-69127,,2020-09-30 17:40:00,,,
BLOOMINGTON PD,BLOOMINGTON,2,0.0,0.0,0.0,0,,,,E 10TH ST,N FEE LN,,,,39.17895404718006,-86.52836495385932,LOCAL/CITY RD,N,URBAN,N,N,N,,DAYLIGHT,CLEAR,DRY,,T-INTERSECTION,STRAIGHT/GRADE,CONCRETE,FOLLOWING TOO CLOSELY,REAR END,E 10THSTNFEELN,NONE,2020-09-30 18:24:00,,,
MONROE SD,BLOOMINGTON,1,0.0,0.0,0.0,0,728.0,,,S TUPLIP AVE,,,,,39.161396256475555,-86.5461503381846,UNKNOWN,Y,URBAN,Y,N,N,,DARK (NOT LIGHTED),CLEAR,DRY,,NO JUNCTION INVOLVED,NON-RDWAY CRASH,OTHER - EXPLAIN IN NARRATIVE,OTHER (DRIVER) - EXPLAIN IN NARRATIVE,RAN OFF RD,WHITEHORNPL,NONE,2020-10-01 01:08:00,,,
BLOOMINGTON PD,BLOOMINGTON,2,0.0,0.0,0.0,0,,,,S WALNUT ST,E DODDS ST,,,,39.16428,-86.52586,LOCAL/CITY RD,N,URBAN,N,N,N,,DAYLIGHT,CLEAR,DRY,,NO JUNCTION INVOLVED,STRAIGHT/LEVEL,ASPHALT,UNSAFE LN MOVEMENT,SAME DIRECTION SIDESWIPE,EDODDSSTSWALNUTST,LN CONTROL,2020-10-01 13:00:00,,,
MONROE SD,BLOOMINGTON,2,0.0,0.0,0.0,0,,,,ST RD 37,E SMITHVILLE RD,,,,39.14039452856001,-86.59635074287964,ST RD,N,RURAL,N,N,N,,DAYLIGHT,CLEAR,DRY,,FOUR-WAY INTERSECTION,STRAIGHT/LEVEL,ASPHALT,DRIVER DISTRACTED - EXPLAIN IN NARRATIVE,REAR END,ESMITHVILLERDS ST RD 37,STOP SIGN,2020-10-01 13:50:00,,,
BLOOMINGTON PD,BLOOMINGTON,2,0.0,0.0,0.0,0,,,,S SARE RD,E MOORES PK,,,,39.16432083364734,-86.47211813064729,LOCAL/CITY RD,N,URBAN,N,N,Y,LN CLOSURE,DAYLIGHT,CLOUDY,DRY,,FOUR-WAY INTERSECTION,STRAIGHT/GRADE,ASPHALT,IMPROPER TURNING,LEFT TURN,EMOORESPKSSARERD,TRAFFIC CONTROL SIGNAL,2020-10-01 15:14:00,,,
INDIANA UNIV BLOOMINGTON PD,BLOOMINGTON,2,0.0,0.0,0.0,0,,,,ST RD 45/46,E 10TH ST,,,,39.338712024207055,-86.5094331034759,ST RD,N,URBAN,N,N,N,,DAYLIGHT,CLEAR,WET,,FOUR-WAY INTERSECTION,STRAIGHT/LEVEL,CONCRETE,SPEED TOO FAST FOR WEATHER CONDITIONS,REAR END,ST RD 46UNIONVILLERD,TRAFFIC CONTROL SIGNAL,2020-10-01 17:25:00,,,
BLOOMINGTON PD,BLOOMINGTON,2,0.0,0.0,0.0,0,,,,E 10TH ST,N GRANT ST,,,,39.173371895439665,-86.51545072709858,LOCAL/CITY RD,N,URBAN,N,N,N,,DAYLIGHT,CLEAR,DRY,,FOUR-WAY INTERSECTION,STRAIGHT/GRADE,ASPHALT,FAILURE TO YIELD RIGHT OF WAY,RIGHT ANGLE,E 10THSTNGRANTST,STOP SIGN,2020-10-01 18:05:00,,,