Agency,City,Vehicles Involved,Trailers Involved,Number Injured,Number Dead,Number Deer,House Number,Roadway Interchange,Roadway Ramp,Roadway Id,Intersecting Road,Interchange,Feet From,Direction,Latitude,Longitude,Roadway Class,Hit and Run?,Locality,School Zone?,Rumble Strips?,Construction?,Construction Type,Light Condition,Weather Conditions,Surface Condition,Type of Median,Roadway Junction Type,Road Character,Roadway Surface,Primary Factor,Manner of Collision,Unique Location Id,Traffic Control,DateTime,Address Number,Cyclist Involved,Pedestrian Involved
ISP BLOOMINGTON 33,BLOOMINGTON,3,,0.0,0.0,0,,,,ST RD 48,S GATES DR,,211.0,W,,,ST RD,,URBAN,N,N,N,,DAYLIGHT,CLEAR,DRY,,NO JUNCTION INVOLVED,,ASPHALT,IMPROPER LN USAGE,REAR END,ST RD 48200ftEofNGatesDriveKmart,,2020-10-09 13:10:00,,,
INDIANA UNIV BLOOMINGTON PD,BLOOMINGTON,2,0.0,0.0,0.0,0,,,,N EAGLESON AVE,E 7TH ST,,,,39.1593771414336,-86.53509677900912,LOCAL/CITY RD,N,URBAN,N,N,N,,DAYLIGHT,CLEAR,DRY,,T-INTERSECTION,STRAIGHT/GRADE,ASPHALT,FOLLOWING TOO CLOSELY,REAR END,E7THSTEAGLESON AVEAVE,NONE,2020-10-09 16:40:00,,,
BLOOMINGTON PD,BLOOMINGTON,2,0.0,0.0,0.0,0,,,,N MORTON ST,W 11TH ST,,,,39.17968722022894,-86.5072974070237,LOCAL/CITY RD,Y,URBAN,N,N,N,,DARK (NOT LIGHTED),CLEAR,DRY,,T-INTERSECTION,STRAIGHT/GRADE,ASPHALT,FAILURE TO YIELD RIGHT OF WAY,RIGHT ANGLE,E11THSTNMORTONAVE,STOP SIGN,2020-10-09 19:40:00,,,
MONROE SD,BLOOMINGTON,1,0.0,0.0,0.0,1,,,,ST RD 37,,,4225.0,S,39.15733166036356,-86.54650930905942,ST RD,N,RURAL,N,N,N,,DARK (NOT LIGHTED),CLEAR,DRY,,NO JUNCTION INVOLVED,STRAIGHT/LEVEL,ASPHALT,ANIMAL/OBJECT IN RDWAY,COLLISION WITH DEER,S ST RD 37ZIKESRD,NONE,2020-10-09 21:34:00,,,
MONROE SD,BLOOMINGTON,1,0.0,0.0,0.0,1,,,,ST RD 37,,,4225.0,S,38.99885286875513,-86.50653709177817,ST RD,N,RURAL,N,N,N,,DARK (NOT LIGHTED),CLEAR,DRY,,NO JUNCTION INVOLVED,STRAIGHT/GRADE,ASPHALT,ANIMAL/OBJECT IN RDWAY,COLLISION WITH DEER,S ST RD 37ZIKESRD,NONE,2020-10-09 21:40:00,,,
BLOOMINGTON PD,BLOOMINGTON,1,0.0,0.0,0.0,0,3817.0,,,S SMITH RD,,,,,39.1647816399756,-86.60168997235557,UNKNOWN,N,RURAL,N,N,N,,DARK (LIGHTED),CLEAR,DRY,,NO JUNCTION INVOLVED,STRAIGHT/LEVEL,ASPHALT,DRIVER DISTRACTED - EXPLAIN IN NARRATIVE,RAN OFF RD,ECAMERONDR,NONE,2020-10-09 22:14:00,,,
INDIANA UNIV BLOOMINGTON PD,BLOOMINGTON,1,0.0,0.0,0.0,0,,,,S HENDERSON ST,E ATWATER AVE,,,,39.164551418932916,-86.53237884273275,LOCAL/CITY RD,N,URBAN,N,N,N,,DARK (LIGHTED),CLEAR,DRY,,FOUR-WAY INTERSECTION,STRAIGHT/LEVEL,ASPHALT,IMPROPER LN USAGE,RAN OFF RD,ATWATERAVEHENDERSONST,TRAFFIC CONTROL SIGNAL,2020-10-09 23:20:00,,,
INDIANA UNIV BLOOMINGTON PD,BLOOMINGTON,2,0.0,0.0,0.0,0,,,,E 10TH ST,N FESS AVE,,,,39.212019189488494,-86.58701684206676,LOCAL/CITY RD,N,URBAN,N,N,N,,DARK (LIGHTED),CLEAR,DRY,,FOUR-WAY INTERSECTION,STRAIGHT/LEVEL,ASPHALT,FAILURE TO YIELD RIGHT OF WAY,LEFT/RIGHT TURN,FESSAVETENTHST,STOP SIGN,2020-10-10 01:07:00,,,
BLOOMINGTON PD,BLOOMINGTON,2,0.0,0.0,0.0,0,,,,ST RD 46,E ASTGATE LN (N),,,,39.15380770403038,-86.53877310318406,ST RD,N,URBAN,N,N,N,,DAYLIGHT,CLOUDY,DRY,,NO JUNCTION INVOLVED,STRAIGHT/GRADE,ASPHALT,FOLLOWING TOO CLOSELY,REAR END,EASTGATELNST RD 46S,LN CONTROL,2020-10-10 12:02:00,,,
MONROE SD,BLOOMINGTON,2,0.0,1.0,0.0,0,1900.0,,,E MOFFETT LN,,,2200.0,E,39.13633667635291,-86.54875114903297,LOCAL/CITY RD,N,RURAL,N,N,N,,DAYLIGHT,CLEAR,DRY,,NO JUNCTION INVOLVED,STRAIGHT/HILLCREST,ASPHALT,FAILURE TO YIELD RIGHT OF WAY,RIGHT ANGLE,EMOFFETTLNSFAIRFAXRD,NONE,2020-10-10 12:15:00,,,
INDIANA UNIV BLOOMINGTON PD,BLOOMINGTON,2,0.0,0.0,0.0,0,,,,N WALNUT ST,,,220.0,N,39.21190343114853,-86.49621149301721,LOCAL/CITY RD,Y,URBAN,N,N,N,,DARK (LIGHTED),CLEAR,DRY,,NO JUNCTION INVOLVED,STRAIGHT/GRADE,ASPHALT,UNSAFE LN MOVEMENT,SAME DIRECTION SIDESWIPE,E12THSTNWALNUTST,LN CONTROL,2020-10-11 01:44:00,,,
BLOOMINGTON PD,BLOOMINGTON,1,0.0,1.0,0.0,0,,,,E 3RD ST,S HIGH ST,,,,39.10713874784463,-86.5264909178001,LOCAL/CITY RD,N,URBAN,N,N,N,,DARK (LIGHTED),CLEAR,DRY,,T-INTERSECTION,STRAIGHT/GRADE,ASPHALT,RAN OFF RD RIGHT,RAN OFF RD,E 3RDSTHIGHST,TRAFFIC CONTROL SIGNAL,2020-10-11 04:11:00,,,
MONROE SD,BLOOMINGTON,2,0.0,0.0,0.0,0,,,,W CHISHOLM TRAIL,W RED ROCK RD,,200.0,E,39.16952,-86.53863,COUNTY RD,Y,RURAL,N,,N,,DARK (NOT LIGHTED),CLEAR,DRY,,NO JUNCTION INVOLVED,STRAIGHT/LEVEL,ASPHALT,IMPROPER PASSING,REAR END,WCHISOLMTRLWREDROCKRD,NONE,2020-10-11 08:43:00,,,
INDIANA UNIV BLOOMINGTON PD,BLOOMINGTON,2,0.0,0.0,0.0,0,,,,E 3RD ST,S SWAIN AVE,,,,39.021215827629625,-86.52892328178375,LOCAL/CITY RD,N,URBAN,N,N,N,,DAYLIGHT,CLEAR,DRY,,FOUR-WAY INTERSECTION,STRAIGHT/LEVEL,ASPHALT,UNSAFE LN MOVEMENT,SAME DIRECTION SIDESWIPE,E 3RDSTESWAINAVE,NONE,2020-10-11 12:45:00,,,
MONROE SD,BLOOMINGTON,2,0.0,0.0,0.0,0,,,,S DANLYN RD,,,300.0,N,39.17341320614371,-86.51547063871485,LOCAL/CITY RD,Y,URBAN,N,N,N,,UNKNOWN,CLEAR,DRY,,NO JUNCTION INVOLVED,STRAIGHT/LEVEL,ASPHALT,IMPROPER LN USAGE,OTHER - EXPLAIN IN NARRATIVE,SDANLYNRDWTAPPRD,NONE,2020-10-11 13:10:00,,,
MONROE SD,BLOOMINGTON,1,0.0,0.0,0.0,1,,,,E SCHACHT RD,,,200.0,E,39.16423681839629,-86.51645595031896,COUNTY RD,N,RURAL,N,N,N,,DARK (NOT LIGHTED),CLOUDY,DRY,,NO JUNCTION INVOLVED,CURVE/LEVEL,ASPHALT,ANIMAL/OBJECT IN RDWAY,COLLISION WITH DEER,ESCHACHTRDSFAIRFAXRD,NONE,2020-10-11 19:18:00,,,
MONROE SD,BLOOMINGTON,1,0.0,1.0,0.0,0,,,,S HARMONY RD,,,300.0,S,39.164548086585356,-86.57621859026305,LOCAL/CITY RD,N,RURAL,N,N,N,,DARK (NOT LIGHTED),CLEAR,DRY,,NO JUNCTION INVOLVED,STRAIGHT/LEVEL,ASPHALT,RAN OFF RD RIGHT,RAN OFF RD,HARMONYRDISONRD,NONE,2020-10-11 20:30:00,,,
BLOOMINGTON PD,BLOOMINGTON,2,0.0,0.0,0.0,0,703.0,,,E COLONIAL CREST RD,,,,,39.16882680596709,-86.51618401808155,UNKNOWN,N,URBAN,N,N,N,,DAYLIGHT,CLEAR,DRY,,NO JUNCTION INVOLVED,STRAIGHT/LEVEL,ASPHALT,OTHER (DRIVER) - EXPLAIN IN NARRATIVE,RIGHT ANGLE,WGOURLEYPK,NONE,2020-10-12 10:18:00,,,
BLOOMINGTON PD,BLOOMINGTON,2,1.0,0.0,0.0,0,118.0,,,S COLLEGE AVE,W 4TH ST,,,,39.173231979011405,-86.53606251092044,LOCAL/CITY RD,N,URBAN,N,N,N,,DAYLIGHT,CLOUDY,DRY,,NO JUNCTION INVOLVED,STRAIGHT/GRADE,ASPHALT,IMPROPER LN USAGE,RAN OFF RD,SOUTHCOLLEGEAVE,NONE,2020-10-12 10:50:00,,,
BLOOMINGTON PD,BLOOMINGTON,2,0.0,0.0,0.0,0,,,,ST RD 46,S PARK RIDGE RD,,,,39.0378063920902,-86.53572297795014,LOCAL/CITY RD,N,URBAN,N,N,Y,WORK ON SHOULDER,DAYLIGHT,RAIN,WET,,FOUR-WAY INTERSECTION,STRAIGHT/LEVEL,ASPHALT,FAILURE TO YIELD RIGHT OF WAY,RIGHT ANGLE,E 3RDSTSPARKRIDGERD,STOP SIGN,2020-10-12 16:28:00,,,
MONROE SD,BLOOMINGTON,2,0.0,0.0,0.0,0,,,,ST RD 48,,,2640.0,E,39.037845713816616,-86.53569687096493,ST RD,N,URBAN,N,N,N,,DAYLIGHT,RAIN,WET,,NO JUNCTION INVOLVED,CURVE/LEVEL,ASPHALT,LEFT OF CENTER,RIGHT ANGLE,ST RD 43NST RD 48W,LN CONTROL,2020-10-12 16:31:00,,,
BLOOMINGTON PD,BLOOMINGTON,3,0.0,0.0,0.0,0,,,,S PATTERSON DR,W 2ND ST,,,,39.162029760008885,-86.48122166453308,LOCAL/CITY RD,N,URBAN,N,N,N,,DAYLIGHT,CLOUDY,WET,,FOUR-WAY INTERSECTION,STRAIGHT/GRADE,ASPHALT,SPEED TOO FAST FOR WEATHER CONDITIONS,RIGHT ANGLE,SPATTERSONDRW 2NDST,TRAFFIC CONTROL SIGNAL,2020-10-12 17:18:00,,,
MONROE SD,BLOOMINGTON,2,0.0,0.0,0.0,0,,,,ST RD 46,N CURRY PK,,,,39.16309736712797,-86.52728233092418,ST RD,N,RURAL,N,N,N,,DAYLIGHT,CLOUDY,DRY,,FOUR-WAY INTERSECTION,STRAIGHT/LEVEL,ASPHALT,IMPROPER LN USAGE,SAME DIRECTION SIDESWIPE,NCURRYPKST RD 46 W,TRAFFIC CONTROL SIGNAL,2020-10-12 17:46:00,,,
BLOOMINGTON PD,BLOOMINGTON,2,0.0,0.0,0.0,0,,,,S COLLEGE AVE,W 2ND ST,,,,39.17161507194396,-86.52580376648004,LOCAL/CITY RD,Y,URBAN,N,N,N,,DAWN/DUSK,CLOUDY,WET,,FOUR-WAY INTERSECTION,STRAIGHT/LEVEL,ASPHALT,FOLLOWING TOO CLOSELY,REAR END,SCOLLEGEAVEW 2NDST,TRAFFIC CONTROL SIGNAL,2020-10-12 18:15:00,,,
BLOOMINGTON PD,BLOOMINGTON,1,0.0,0.0,0.0,0,,,,S WALNUT ST PK,E ALLENDALE DR,,,,39.17014264984697,-86.50140161503823,LOCAL/CITY RD,Y,URBAN,N,N,N,,DAYLIGHT,RAIN,WET,,FOUR-WAY INTERSECTION,STRAIGHT/LEVEL,ASPHALT,,RAN OFF RD,EALLENDALEDRSWALNUTSTPK,NONE,2020-10-12 18:21:00,,,
BLOOMINGTON PD,BLOOMINGTON,2,0.0,1.0,0.0,0,,,,S WASHINGTON ST,E 4TH ST,,,,39.09981983514625,-86.51761038274229,LOCAL/CITY RD,N,URBAN,N,N,N,,DARK (LIGHTED),RAIN,WET,,FOUR-WAY INTERSECTION,STRAIGHT/LEVEL,ASPHALT,FAILURE TO YIELD RIGHT OF WAY,RIGHT ANGLE,E4THSTSWASHINGTONST,STOP SIGN,2020-10-12 19:20:00,,,
BLOOMINGTON PD,BLOOMINGTON,1,0.0,1.0,0.0,0,,,,E 3RD ST,E ATWATER AVE,,,,39.19760492379579,-86.5335547676496,LOCAL/CITY RD,N,URBAN,N,N,N,,DARK (LIGHTED),CLOUDY,DRY,,FOUR-WAY INTERSECTION,STRAIGHT/GRADE,ASPHALT,FAILURE TO YIELD RIGHT OF WAY,RIGHT TURN,E 3RDSTEATWATERAVE,TRAFFIC CONTROL SIGNAL,2020-10-12 19:55:00,,,True
ISP BLOOMINGTON 33,BLOOMINGTON,2,,0.0,0.0,0,,,,S SARE RD,E CATHCART ST,,0.0,S,39.16427,-86.50849,LOCAL/CITY RD,,URBAN,N,N,Y,INTERMITTENT OR MOVING WORK,DARK (LIGHTED),CLOUDY,WET,,T-INTERSECTION,,ASPHALT,FAILURE TO YIELD RIGHT OF WAY,RIGHT ANGLE,SSareRdSSareRd,,2020-10-12 22:00:00,,,
BLOOMINGTON PD,BLOOMINGTON,1,0.0,0.0,0.0,0,,,,S CHASEWAY CT,E GENTRY BLVD,,,,39.1306,-86.58803,LOCAL/CITY RD,N,URBAN,N,N,N,,DARK (NOT LIGHTED),FOG/SMOKE/SMOG,DRY,,NO JUNCTION INVOLVED,STRAIGHT/LEVEL,ASPHALT,RAN OFF RD RIGHT,RAN OFF RD,CHASEWAYCTGENTRYBLVD,NONE,2020-10-13 07:00:00,,,
MONROE SD,BLOOMINGTON,2,0.0,0.0,0.0,0,,,,ST RD 45,S GARRISON CHAPEL RD,,,,39.164208089030645,-86.51527827862012,ST RD,N,RURAL,N,N,N,,DAWN/DUSK,FOG/SMOKE/SMOG,WET,,FOUR-WAY INTERSECTION,STRAIGHT/LEVEL,ASPHALT,OVERCORRECTING/OVERSTEERING,OPPOSITE DIRECTION SIDESWIPE,GARRISONCHAPELRDST RD 45 W,STOP SIGN,2020-10-13 07:38:00,,,
ELLETTSVILLE PD,ELLETTSVILLE,1,0.0,0.0,0.0,0,,,,W RATLIFF RD,,,400.0,E,39.16845511793445,-86.57610388903107,COUNTY RD,N,RURAL,N,N,N,,DAYLIGHT,CLEAR,DRY,,NO JUNCTION INVOLVED,STRAIGHT/HILLCREST,ASPHALT,RAN OFF RD RIGHT,RAN OFF RD,DEERRUNRATLIFFRD,LN CONTROL,2020-10-13 08:53:00,,,
MONROE SD,BLOOMINGTON,2,0.0,0.0,0.0,0,,,,ST RD 48,S LIBERTY DR,,50.0,E,39.10702850223441,-86.52348931282737,LOCAL/CITY RD,N,RURAL,N,N,N,,DAYLIGHT,CLEAR,DRY,,FOUR-WAY INTERSECTION,STRAIGHT/GRADE,ASPHALT,FAILURE TO YIELD RIGHT OF WAY,SAME DIRECTION SIDESWIPE,SOUTHLIBERTYDRWEST3RDST,TRAFFIC CONTROL SIGNAL,2020-10-13 13:05:00,,,
INDIANA UNIV BLOOMINGTON PD,BLOOMINGTON,2,0.0,1.0,0.0,0,,,,ST RD 45/46,N DUNN ST,,100.0,E,39.07691921749813,-86.63831114623652,ST RD,N,URBAN,N,N,N,,DAYLIGHT,CLEAR,DRY,,NO JUNCTION INVOLVED,STRAIGHT/LEVEL,ASPHALT,FOLLOWING TOO CLOSELY,REAR END,NORTHDUNNSTST RD 46 W,TRAFFIC CONTROL SIGNAL,2020-10-13 15:45:00,,,
BLOOMINGTON PD,BLOOMINGTON,2,0.0,1.0,0.0,0,,,,S PATTERSON DR,W ISAACS DR,,,,39.18521269008359,-86.54062403497484,LOCAL/CITY RD,N,URBAN,N,Y,N,,DAYLIGHT,CLEAR,DRY,,FOUR-WAY INTERSECTION,STRAIGHT/GRADE,ASPHALT,FAILURE TO YIELD RIGHT OF WAY,RIGHT ANGLE,SPATTERSONDRW 3RDST,STOP SIGN,2020-10-13 16:20:00,,,
BLOOMINGTON PD,BLOOMINGTON,1,0.0,0.0,0.0,0,,,,E ATWATER AVE,S SWAIN AVE,,,,39.1655679282446,-86.53490072705763,LOCAL/CITY RD,N,URBAN,N,N,N,,DARK (NOT LIGHTED),CLEAR,DRY,,FOUR-WAY INTERSECTION,STRAIGHT/LEVEL,ASPHALT,ANIMAL/OBJECT IN RDWAY,RAN OFF RD,EATWATERDRSSWAINAVE,NONE,2020-10-14 04:15:00,,,
MONROE SD,BLOOMINGTON,2,0.0,2.0,0.0,0,,,,ST RD 45,E BETHEL LN,,,,39.16420005579635,-86.47630558969925,ST RD,N,RURAL,N,N,N,,DAWN/DUSK,CLEAR,DRY,,NO JUNCTION INVOLVED,CURVE/LEVEL,ASPHALT,FAILURE TO YIELD RIGHT OF WAY,HEAD ON BETWEEN TWO MOTOR VEHICLES,EBETHELLNST RD 45E,LN CONTROL,2020-10-14 07:24:00,,,
ISP BLOOMINGTON 33,SMITHVILLE(MONROE),2,,2.0,0.0,0,,,,ST RD 37,W SMITHVILLE RD,,0.0,S,39.16913856,-86.67197094,ST RD,,RURAL,N,N,N,,DAWN/DUSK,CLEAR,DRY,,FOUR-WAY INTERSECTION,,ASPHALT,FAILURE TO YIELD RIGHT OF WAY,RIGHT ANGLE,WSmithvilleRdStateRd37,,2020-10-14 07:50:00,,,
MONROE SD,BLOOMINGTON,1,0.0,0.0,0.0,1,5901.0,,,W LEONARD SPRINGS RD,,,300.0,E,39.1607427226461,-86.54851874104678,LOCAL/CITY RD,N,RURAL,N,N,N,,DAYLIGHT,CLEAR,DRY,,NO JUNCTION INVOLVED,STRAIGHT/LEVEL,ASPHALT,ANIMAL/OBJECT IN RDWAY,COLLISION WITH DEER,ST RD 45 WWLEONARDSPRINGSRD,NO PASSING ZONE,2020-10-14 07:51:00,,,
MONROE SD,BLOOMINGTON,2,0.0,0.0,0.0,0,,,,W FULLERTON PK,S MONROE MEDICAL PARK BLVD,,20.0,S,39.19368,-86.57139,COUNTY RD,N,RURAL,N,N,N,,DAYLIGHT,CLEAR,DRY,,TRAFFIC CIRCLE/ROUNDABOUT,CURVE/LEVEL,ASPHALT,FAILURE TO YIELD RIGHT OF WAY,SAME DIRECTION SIDESWIPE,SOUTHMONROEMEDICALPARKBLVDWESTFULLERTONPK,YIELD SIGN,2020-10-14 11:00:00,,,
ISP BLOOMINGTON 33,BLOOMINGTON,1,,1.0,0.0,0,7296.0,,,W ST RD 37,,,950.0,N,39.16136578820807,-86.53500945728513,COUNTY RD,,RURAL,N,N,N,,DAYLIGHT,CLEAR,DRY,,NO JUNCTION INVOLVED,,ASPHALT,DRIVER DISTRACTED - EXPLAIN IN NARRATIVE,RAN OFF RD,NOldStateRoad37ESampleRd,,2020-10-14 13:20:00,,,
BLOOMINGTON PD,BLOOMINGTON,2,0.0,0.0,0.0,0,935.0,,,S COPPER BEECH WAY,,,,,39.13078874924149,-86.52686229567107,LOCAL/CITY RD,Y,URBAN,N,N,N,,DAYLIGHT,CLEAR,DRY,,NO JUNCTION INVOLVED,STRAIGHT/LEVEL,ASPHALT,UNSAFE BACKING,BACKING CRASH,SCOPPERBEECHRD,NONE,2020-10-14 14:18:00,,,
ELLETTSVILLE PD,ELLETTSVILLE,2,0.0,0.0,0.0,0,,,,N UNION VALLEY RD,W RICHLAND PLAZA DR,,100.0,N,39.16554097828979,-86.53238029078764,LOCAL/CITY RD,N,URBAN,N,N,N,,DAYLIGHT,CLEAR,DRY,,NO JUNCTION INVOLVED,STRAIGHT/LEVEL,ASPHALT,FAILURE TO YIELD RIGHT OF WAY,LEFT TURN,NORTHUNIONVALLEYRDWESTLYNWESTDR,LN CONTROL,2020-10-14 15:14:00,,,
MONROE SD,BLOOMINGTON,1,0.0,0.0,0.0,0,,,,ST RD 446,,,1300.0,S,39.16438850579147,-86.52819253027337,ST RD,N,RURAL,N,N,N,,DAYLIGHT,CLEAR,DRY,,NO JUNCTION INVOLVED,CURVE/GRADE,ASPHALT,OVERCORRECTING/OVERSTEERING,RAN OFF RD,RICHARDSONRDST RD 446S,NONE,2020-10-14 17:11:00,,,
BLOOMINGTON PD,BLOOMINGTON,1,0.0,0.0,0.0,0,421.0,,,E 3RD ST,S KIRBY ALLEY,,,,39.14882,-86.49905,UNKNOWN,N,URBAN,N,N,N,,DARK (LIGHTED),CLEAR,DRY,,NO JUNCTION INVOLVED,STRAIGHT/HILLCREST,ASPHALT,OTHER (VEHICLE) - EXPLAIN IN NARRATIVE,OTHER - EXPLAIN IN NARRATIVE,E 3RDST,NONE,2020-10-14 19:13:00,,,
BLOOMINGTON PD,BLOOMINGTON,2,0.0,0.0,0.0,0,,,,S WALNUT ST,E 1ST,,,,39.154929986114496,-86.47430692577667,LOCAL/CITY RD,N,URBAN,N,N,N,,DARK (LIGHTED),CLEAR,DRY,,FOUR-WAY INTERSECTION,STRAIGHT/LEVEL,ASPHALT,DISREGARD SIGNAL/REG SIGN,RIGHT ANGLE,E1STSTSWALNUTST,TRAFFIC CONTROL SIGNAL,2020-10-14 22:00:00,,,
MONROE SD,BLOOMINGTON,2,0.0,0.0,1.0,0,4210.0,,,S ORCHARD LN,,,,,39.111043362900816,-86.63821671316249,LOCAL/CITY RD,N,URBAN,N,N,N,,DARK (NOT LIGHTED),CLEAR,DRY,,NO JUNCTION INVOLVED,CURVE/LEVEL,ASPHALT,OTHER (VEHICLE) - EXPLAIN IN NARRATIVE,RAN OFF RD,SOUTHORCHARDLN,NONE,2020-10-15 01:48:00,,,
MONROE SD,BLOOMINGTON,1,0.0,0.0,0.0,0,381.0,,,W SAMPLE RD,N CANYON CT,,,,-3.690067596034789e-05,-2.742253975236968e-05,LOCAL/CITY RD,N,RURAL,N,N,N,,DAYLIGHT,RAIN,WET,,NO JUNCTION INVOLVED,CURVE/LEVEL,ASPHALT,RAN OFF RD RIGHT,RAN OFF RD,WSAMPLERD,NONE,2020-10-15 10:34:00,,,
INDIANA UNIV BLOOMINGTON PD,BLOOMINGTON,2,0.0,0.0,0.0,0,,,,ST RD 45/46,E 10TH ST,,,,39.16460897521264,-86.57915165807862,ST RD,Y,URBAN,N,N,N,,DAYLIGHT,RAIN,WET,,FOUR-WAY INTERSECTION,STRAIGHT/GRADE,ASPHALT,FOLLOWING TOO CLOSELY,REAR END,ST RD 45ST RD 46,TRAFFIC CONTROL SIGNAL,2020-10-15 11:08:00,,,
BLOOMINGTON PD,BLOOMINGTON,2,0.0,1.0,0.0,0,,,,S COLLEGE MALL RD,ENTRANCE TO EASTLAND PLAZA,,100.0,S,39.18626086457845,-86.52845308927897,LOCAL/CITY RD,Y,URBAN,N,N,N,,DAYLIGHT,RAIN,WET,,FOUR-WAY INTERSECTION,STRAIGHT/GRADE,ASPHALT,FOLLOWING TOO CLOSELY,REAR END,ENTRANCETO418SCOLLEGEMALLRDSCOLLEGEMALLRD,TRAFFIC CONTROL SIGNAL,2020-10-15 11:25:00,,,
BLOOMINGTON PD,BLOOMINGTON,1,0.0,1.0,0.0,0,,,,W COUNTRY CLUB DR,S BANTA AVE,,100.0,W,39.16338735476009,-86.5512792175491,LOCAL/CITY RD,N,URBAN,N,N,N,,DAYLIGHT,RAIN,WET,,T-INTERSECTION,STRAIGHT/GRADE,ASPHALT,FOLLOWING TOO CLOSELY,RAN OFF RD,SBANTAAVEWCOUNTRYCLUBDR,LN CONTROL,2020-10-15 11:45:00,,,
INDIANA UNIV BLOOMINGTON PD,BLOOMINGTON,3,0.0,3.0,0.0,0,,,,E 10TH ST,ST RD 45/46,,50.0,S,39.163060980540486,-86.51528019814725,ST RD,N,URBAN,N,N,N,,DAYLIGHT,RAIN,WET,,NO JUNCTION INVOLVED,STRAIGHT/GRADE,ASPHALT,FOLLOWING TOO CLOSELY,REAR END,ST RD 4546BYPST RD 46S,NONE,2020-10-15 12:25:00,,,
INDIANA UNIV BLOOMINGTON PD,BLOOMINGTON,3,1.0,0.0,0.0,0,,,,ST RD 45/46,E 10TH ST,,,,39.21013318112006,-86.46323548502781,ST RD,Y,URBAN,N,N,N,,DAYLIGHT,CLOUDY,WET,,FOUR-WAY INTERSECTION,STRAIGHT/LEVEL,ASPHALT,OTHER (DRIVER) - EXPLAIN IN NARRATIVE,REAR TO REAR,10THSTST RD 46E,TRAFFIC CONTROL SIGNAL,2020-10-15 13:19:00,,,
MONROE SD,BLOOMINGTON,1,0.0,0.0,0.0,0,,,,S FAIRFAX RD,E MARIE LN,,,,39.070936280145425,-86.53641316054947,LOCAL/CITY RD,N,RURAL,N,N,N,,DAYLIGHT,RAIN,WET,,T-INTERSECTION,CURVE/GRADE,ASPHALT,RAN OFF RD RIGHT,RAN OFF RD,EMARIELNSFAIRFAXRD,NONE,2020-10-15 14:36:00,,,
INDIANA UNIV BLOOMINGTON PD,BLOOMINGTON,2,0.0,0.0,0.0,0,,,,N WALNUT GROVE ST,E 17TH ST,,,,39.12219406259804,-86.61442043321308,LOCAL/CITY RD,N,URBAN,N,N,N,,DAYLIGHT,RAIN,WET,,FOUR-WAY INTERSECTION,STRAIGHT/GRADE,ASPHALT,FOLLOWING TOO CLOSELY,REAR END,EAST17THSTWALNUTGROVEST,NONE,2020-10-15 15:00:00,,,
BLOOMINGTON PD,BLOOMINGTON,2,0.0,0.0,0.0,0,,,,ST RD 45/46,N WALNUT ST,,400.0,E,39.12206303730332,-86.57349916341136,ST RD,N,URBAN,N,N,N,,DAYLIGHT,RAIN,WET,,NO JUNCTION INVOLVED,STRAIGHT/LEVEL,ASPHALT,FOLLOWING TOO CLOSELY,REAR END,NWALNUTSTST RD 4546 W,NONE,2020-10-15 15:45:00,,,
MONROE SD,BLOOMINGTON,2,0.0,0.0,0.0,0,,,,ST RD 48,S GARRISON CHAPEL RD,,2640.0,E,39.26019869917854,-86.50142677459777,ST RD,N,RURAL,N,N,N,,DAYLIGHT,CLOUDY,WET,,NO JUNCTION INVOLVED,STRAIGHT/GRADE,CONCRETE,SPEED TOO FAST FOR WEATHER CONDITIONS,REAR END,SGARRISONCHAPELRDST RD 48W,NONE,2020-10-15 16:21:00,,,
MONROE SD,BLOOMINGTON,2,0.0,0.0,0.0,0,,,,ST RD 45,E MARTIN DR,,100.0,W,39.155661869405186,-86.56999084750962,ST RD,N,RURAL,N,N,N,,DAYLIGHT,CLOUDY,WET,,T-INTERSECTION,CURVE/LEVEL,ASPHALT,SPEED TOO FAST FOR WEATHER CONDITIONS,RIGHT ANGLE,EMARTINDRST RD 45E,NONE,2020-10-15 16:50:00,,,
MONROE SD,BLOOMINGTON,2,0.0,2.0,0.0,0,,,,W ST RD 37,,,1000.0,N,39.21669653099149,-86.59269688497443,UNKNOWN,N,RURAL,N,N,N,,DAYLIGHT,CLOUDY,WET,,NO JUNCTION INVOLVED,CURVE/GRADE,ASPHALT,SPEED TOO FAST FOR WEATHER CONDITIONS,HEAD ON BETWEEN TWO MOTOR VEHICLES,EWHISNANDRDOLDSTATERD37RD,NONE,2020-10-15 17:55:00,,,
ISP BLOOMINGTON 33,BLOOMINGTON,1,,0.0,0.0,0,,106,C,I-69 S,N ST RD 37,,898.0,W,-1.8065256509931586e-05,-3.230005661581295e-05,INTERSTATE,,RURAL,N,N,N,,DAYLIGHT,CLOUDY,WET,,NO JUNCTION INVOLVED,,ASPHALT,SPEED TOO FAST FOR WEATHER CONDITIONS,RAN OFF RD,N ST RD 37WalnutSt,,2020-10-15 17:56:00,,,
MONROE SD,BLOOMINGTON,2,0.0,0.0,0.0,0,,,,S PATTERSON DR,W 2ND ST,,,,39.16457503776084,-86.52921782933619,LOCAL/CITY RD,Y,URBAN,N,N,N,,DARK (LIGHTED),CLEAR,DRY,,FOUR-WAY INTERSECTION,STRAIGHT/LEVEL,ASPHALT,UNSAFE BACKING,BACKING CRASH,SPATTERSONDRW 2NDST,TRAFFIC CONTROL SIGNAL,2020-10-15 23:45:00,,,