Agency,City,Vehicles Involved,Trailers Involved,Number Injured,Number Dead,Number Deer,House Number,Roadway Interchange,Roadway Ramp,Roadway Id,Intersecting Road,Interchange,Feet From,Direction,Latitude,Longitude,Roadway Class,Hit and Run?,Locality,School Zone?,Rumble Strips?,Construction?,Construction Type,Light Condition,Weather Conditions,Surface Condition,Type of Median,Roadway Junction Type,Road Character,Roadway Surface,Primary Factor,Manner of Collision,Unique Location Id,Traffic Control,DateTime,Address Number,Cyclist Involved,Pedestrian Involved
BLOOMINGTON PD,BLOOMINGTON,2,0.0,1.0,0.0,0,,,,S ROGERS ST,W CHEROKEE DR,,100.0,N,39.11107,-86.63819,LOCAL/CITY RD,N,URBAN,N,N,N,,DAYLIGHT,CLEAR,DRY,,T-INTERSECTION,STRAIGHT/LEVEL,ASPHALT,FOLLOWING TOO CLOSELY,REAR END,SROGERSSTWCHEROKEERD,NONE,2020-11-11 16:12:00,,,
MONROE SD,BLOOMINGTON,2,1.0,0.0,0.0,0,,,,N CURRY PK,W VERNAL PK,,,,39.16754150063619,-86.53364536214525,COUNTY RD,N,URBAN,N,N,N,,DAYLIGHT,CLEAR,DRY,,NO JUNCTION INVOLVED,STRAIGHT/LEVEL,ASPHALT,FOLLOWING TOO CLOSELY,REAR END,NCURRYPKWVERNALPK,NONE,2020-11-11 16:20:00,,,
BLOOMINGTON PD,BLOOMINGTON,3,0.0,0.0,0.0,0,,,,ST RD 45/46,N KINSER PK,,,,39.18624181273647,-86.53163328545403,ST RD,N,URBAN,N,N,N,,DAYLIGHT,CLEAR,DRY,,FOUR-WAY INTERSECTION,STRAIGHT/LEVEL,ASPHALT,FOLLOWING TOO CLOSELY,REAR END,NKINSERPKST RD 4546E,TRAFFIC CONTROL SIGNAL,2020-11-11 16:35:00,,,
BLOOMINGTON PD,BLOOMINGTON,2,0.0,3.0,0.0,0,,,,W 3RD ST,S KIMBLE DR,,,,39.1642652248535,-86.50601531060238,LOCAL/CITY RD,N,URBAN,N,N,N,,DARK (NOT LIGHTED),CLEAR,DRY,,T-INTERSECTION,STRAIGHT/LEVEL,ASPHALT,FOLLOWING TOO CLOSELY,REAR END,SKIMBLEDRW 3RDST,TRAFFIC CONTROL SIGNAL,2020-11-11 18:27:00,,,
BLOOMINGTON PD,BLOOMINGTON,2,0.0,1.0,0.0,0,,,,S COLLEGE MALL RD,E 2ND ST,,,,39.186264541040714,-86.53164678137291,LOCAL/CITY RD,N,URBAN,N,N,N,,DARK (LIGHTED),CLEAR,DRY,,FOUR-WAY INTERSECTION,STRAIGHT/LEVEL,ASPHALT,FAILURE TO YIELD RIGHT OF WAY,RIGHT ANGLE,E 2NDSTSCOLLEGEMALLRD,TRAFFIC CONTROL SIGNAL,2020-11-11 19:13:00,,,
MONROE SD,BLOOMINGTON,1,0.0,0.0,0.0,1,,,,ST RD 46,N CURRY PK,,100.0,E,39.16426038785298,-86.50602117343821,ST RD,N,RURAL,N,N,N,,DARK (NOT LIGHTED),CLEAR,DRY,,FOUR-WAY INTERSECTION,STRAIGHT/LEVEL,ASPHALT,ANIMAL/OBJECT IN RDWAY,COLLISION WITH DEER,NCURRYPKST RD 46 W,TRAFFIC CONTROL SIGNAL,2020-11-11 20:45:00,,,
INDIANA UNIV BLOOMINGTON PD,BLOOMINGTON,1,0.0,0.0,0.0,1,,,,ST RD 45/46,E 17TH ST,,,,39.15727205925106,-86.49785199865659,ST RD,N,URBAN,N,N,N,,DARK (LIGHTED),CLEAR,DRY,,T-INTERSECTION,CURVE/LEVEL,ASPHALT,ANIMAL/OBJECT IN RDWAY,COLLISION WITH DEER,EAST17THSTST RD 46,TRAFFIC CONTROL SIGNAL,2020-11-12 01:18:00,,,
MONROE SD,BLOOMINGTON,1,0.0,0.0,0.0,1,,,,ST RD 37,,,1378.0,N,39.17329879423339,-86.54473232626236,ST RD,N,RURAL,N,Y,N,,DARK (NOT LIGHTED),CLEAR,DRY,,NO JUNCTION INVOLVED,STRAIGHT/LEVEL,ASPHALT,ANIMAL/OBJECT IN RDWAY,COLLISION WITH DEER,MONROEDAMRDS ST RD 37,NONE,2020-11-12 05:17:00,,,
MONROE SD,BLOOMINGTON,1,0.0,0.0,0.0,0,6735.0,,,S HARMONY RD,,,,,39.1449772264032,-86.57777600272388,LOCAL/CITY RD,N,RURAL,N,N,N,,DARK (NOT LIGHTED),CLEAR,DRY,,NO JUNCTION INVOLVED,CURVE/GRADE,ASPHALT,RAN OFF RD RIGHT,RAN OFF RD,SHARMONYRD,NONE,2020-11-12 07:19:00,,,
MONROE SD,BLOOMINGTON,1,0.0,0.0,0.0,1,,,,ST RD 48,,,1200.0,W,39.21686249001776,-86.59802394404765,ST RD,N,URBAN,N,N,N,,DAYLIGHT,CLEAR,DRY,,NO JUNCTION INVOLVED,CURVE/GRADE,ASPHALT,ANIMAL/OBJECT IN RDWAY,COLLISION WITH DEER,CAVERDST RD 48,LN CONTROL,2020-11-12 08:30:00,,,
BLOOMINGTON PD,BLOOMINGTON,2,0.0,2.0,0.0,0,,,,E 10TH ST,N LINCOLN ST,,,,39.17894646160528,-86.53100311340847,LOCAL/CITY RD,N,URBAN,N,N,N,,DAYLIGHT,CLEAR,DRY,,T-INTERSECTION,STRAIGHT/GRADE,ASPHALT,FAILURE TO YIELD RIGHT OF WAY,RIGHT ANGLE,10THSTLINCOLNST,STOP SIGN,2020-11-12 09:09:00,,,
BLOOMINGTON PD,BLOOMINGTON,2,0.0,0.0,0.0,0,,,,E MOORES PK,S SMITH RD,,,,39.10562454370733,-86.5513003017018,LOCAL/CITY RD,Y,URBAN,N,N,N,,DAYLIGHT,CLEAR,DRY,,FOUR-WAY INTERSECTION,STRAIGHT/GRADE,ASPHALT,DISREGARD SIGNAL/REG SIGN,RIGHT ANGLE,MOORESPKSMITHRD,STOP SIGN,2020-11-12 09:39:00,,,
ISP BLOOMINGTON 33,KNIGHT RIDGE,1,,0.0,0.0,1,,,,ST RD 446,,,0.0,S,39.228747422011104,-86.592732812871,ST RD,,RURAL,N,N,N,,DARK (NOT LIGHTED),CLEAR,DRY,,NO JUNCTION INVOLVED,,ASPHALT,ANIMAL/OBJECT IN RDWAY,COLLISION WITH DEER,StateRd446,,2020-11-12 18:05:00,,,
MONROE SD,BLOOMINGTON,1,0.0,0.0,0.0,1,,,,W LEONARD SPRINGS RD,,,150.0,E,39.178777528284485,-86.5124327064629,COUNTY RD,N,RURAL,N,N,N,,DARK (NOT LIGHTED),CLEAR,DRY,,NO JUNCTION INVOLVED,STRAIGHT/HILLCREST,ASPHALT,ANIMAL/OBJECT IN RDWAY,COLLISION WITH DEER,HORNOWLRDSLEONARDRD,NONE,2020-11-12 18:13:00,,,
MONROE SD,BLOOMINGTON,1,0.0,1.0,0.0,0,,,,I-69 N,,,100.0,S,39.25641654037339,-86.52626762043134,INTERSTATE,N,RURAL,N,N,N,,DARK (NOT LIGHTED),CLEAR,DRY,,NO JUNCTION INVOLVED,STRAIGHT/LEVEL,ASPHALT,FOLLOWING TOO CLOSELY,RAN OFF RD,I-69 N109.0,NONE,2020-11-13 06:40:00,,,
BLOOMINGTON PD,BLOOMINGTON,3,0.0,1.0,0.0,0,,,,W COUNTRY CLUB DR,S MILTON DR,,200.0,W,39.09716758809984,-86.51704939617197,LOCAL/CITY RD,N,URBAN,N,N,N,,DAYLIGHT,CLEAR,DRY,,FOUR-WAY INTERSECTION,STRAIGHT/LEVEL,ASPHALT,FOLLOWING TOO CLOSELY,REAR END,COUNTRYCLUBRDSROGERSDR,TRAFFIC CONTROL SIGNAL,2020-11-13 09:07:00,,,
ISP BLOOMINGTON 33,BLOOMINGTON,1,,0.0,0.0,0,,,,I-69 N,,,0.0,S,39.16655936156459,-86.53491615887366,INTERSTATE,,RURAL,N,N,N,,DAYLIGHT,CLEAR,DRY,,NO JUNCTION INVOLVED,,ASPHALT,OVERCORRECTING/OVERSTEERING,RAN OFF RD,I-69130,,2020-11-13 09:50:00,,,
BLOOMINGTON PD,BLOOMINGTON,2,0.0,0.0,0.0,0,214.0,,,E SOUTHERN DR,,,,,39.18212351663852,-86.55690067315442,UNKNOWN,Y,URBAN,N,N,N,,DAYLIGHT,CLEAR,DRY,,NO JUNCTION INVOLVED,STRAIGHT/GRADE,ASPHALT,UNSAFE BACKING,BACKING CRASH,ESOUTHERNDR,NONE,2020-11-13 10:45:00,,,
BLOOMINGTON PD,BLOOMINGTON,2,0.0,0.0,0.0,0,,,,S WALNUT ST,E 3RD ST,,,,39.100196731481766,-86.55798158317187,LOCAL/CITY RD,Y,URBAN,N,N,Y,LN CLOSURE,DAYLIGHT,CLEAR,DRY,,FOUR-WAY INTERSECTION,STRAIGHT/LEVEL,ASPHALT,UNSAFE LN MOVEMENT,SAME DIRECTION SIDESWIPE,3RDSTWALNUTST,LN CONTROL,2020-11-13 11:40:00,,,
BLOOMINGTON PD,BLOOMINGTON,2,0.0,0.0,0.0,0,,,,E 2ND ST,S COLLEGE MALL RD,,,,39.16073648275792,-86.54851576592087,LOCAL/CITY RD,N,URBAN,N,N,N,,DAYLIGHT,CLEAR,DRY,,FOUR-WAY INTERSECTION,STRAIGHT/LEVEL,ASPHALT,FAILURE TO YIELD RIGHT OF WAY,LEFT/RIGHT TURN,E 2NDSTSCOLLEGEMALLRD,TRAFFIC CONTROL SIGNAL,2020-11-13 11:42:00,,,
MONROE SD,BLOOMINGTON,2,0.0,0.0,0.0,0,,,,N CURRY PK,W PROFILE PKWY,,,,39.16416358970903,-86.4908577779793,LOCAL/CITY RD,N,URBAN,N,N,N,,DAYLIGHT,CLEAR,DRY,,T-INTERSECTION,STRAIGHT/LEVEL,ASPHALT,DISREGARD SIGNAL/REG SIGN,RIGHT ANGLE,NCURRYPKWPROFILEPKWY,TRAFFIC CONTROL SIGNAL,2020-11-13 11:56:00,,,
MONROE SD,BLOOMINGTON,2,0.0,3.0,0.0,0,,,,ST RD 37,S WALNUT ST,,,,38.99150294837822,-86.47087284934048,ST RD,N,URBAN,N,N,N,,DAYLIGHT,CLEAR,DRY,,FOUR-WAY INTERSECTION,STRAIGHT/LEVEL,ASPHALT,DISREGARD SIGNAL/REG SIGN,RIGHT ANGLE,ST RD 37WALNUTST,TRAFFIC CONTROL SIGNAL,2020-11-13 11:58:00,,,
BLOOMINGTON PD,BLOOMINGTON,2,0.0,0.0,0.0,0,,,,S WALNUT ST,E MILLER DR,,75.0,S,39.14300826986541,-86.53150092112338,LOCAL/CITY RD,N,URBAN,N,N,N,,DAYLIGHT,CLEAR,DRY,,NO JUNCTION INVOLVED,STRAIGHT/GRADE,ASPHALT,FAILURE TO YIELD RIGHT OF WAY,RIGHT TURN,EMILLERDRSWALNUTST,NONE,2020-11-13 17:04:00,,,
MONROE SD,BLOOMINGTON,1,0.0,0.0,0.0,1,,,,W VERNAL PK,N ENTERPRISE DR,,200.0,W,39.16458,-86.57619,COUNTY RD,N,URBAN,N,N,N,,DARK (NOT LIGHTED),CLEAR,DRY,,NO JUNCTION INVOLVED,STRAIGHT/HILLCREST,ASPHALT,ANIMAL/OBJECT IN RDWAY,COLLISION WITH DEER,ENTERPRISEDRWVERNALPK,NONE,2020-11-13 18:04:00,,,
MONROE SD,BLOOMINGTON,1,0.0,0.0,0.0,0,,,,W THAT RD,BLOOMINGTON RAIL TRAIL,,250.0,W,39.146937235849684,-86.53888959895242,LOCAL/CITY RD,N,URBAN,N,N,N,,DARK (NOT LIGHTED),CLEAR,DRY,,NO JUNCTION INVOLVED,STRAIGHT/LEVEL,ASPHALT,ANIMAL/OBJECT IN RDWAY,COLLISION WITH DEER,SROGERSSTWTHATRD,LN CONTROL,2020-11-13 19:38:00,,,
BLOOMINGTON PD,BLOOMINGTON,2,0.0,0.0,0.0,0,2425.0,,,W 3RD ST,S OPPORTUNITY LN,,,,39.17915,-86.58308,LOCAL/CITY RD,N,URBAN,N,N,N,,DAYLIGHT,RAIN,WET,,FOUR-WAY INTERSECTION,STRAIGHT/LEVEL,ASPHALT,LEFT OF CENTER,LEFT/RIGHT TURN,2425W 3RDSTOPPORTUNITYLN,NONE,2020-11-14 00:05:00,,,
MONROE SD,BLOOMINGTON,3,0.0,2.0,0.0,0,,,,W ST RD 37,E BETHEL LN,,,,39.186390232373526,-86.53773990349575,LOCAL/CITY RD,N,URBAN,N,N,N,,DAYLIGHT,RAIN,WET,,T-INTERSECTION,STRAIGHT/HILLCREST,ASPHALT,FAILURE TO YIELD RIGHT OF WAY,RIGHT ANGLE,EBETHELLNNOLDSTATE37RD,STOP SIGN,2020-11-14 00:40:00,,,
BLOOMINGTON PD,BLOOMINGTON,2,0.0,0.0,0.0,0,,,,E 3RD ST,S DUNN ST,,,,39.16449766037161,-86.5680040981695,LOCAL/CITY RD,N,URBAN,N,N,N,,DARK (LIGHTED),CLEAR,DRY,,FOUR-WAY INTERSECTION,CURVE/LEVEL,ASPHALT,DISREGARD SIGNAL/REG SIGN,RIGHT ANGLE,E 3RDSTSDUNNST,TRAFFIC CONTROL SIGNAL,2020-11-14 01:12:00,,,
MONROE SD,BLOOMINGTON,1,0.0,0.0,0.0,1,,,,ST RD 45,,,1467.0,W,39.16088849566917,-86.49774689502681,ST RD,N,RURAL,N,Y,N,,DARK (NOT LIGHTED),CLEAR,DRY,,NO JUNCTION INVOLVED,STRAIGHT/LEVEL,ASPHALT,ANIMAL/OBJECT IN RDWAY,COLLISION WITH DEER,BREEDENRDST RD 45 W,NONE,2020-11-14 06:11:00,,,
ELLETTSVILLE PD,ELLETTSVILLE,2,0.0,0.0,0.0,0,,,,ST RD 46,N HARTSTRAIT RD,,,,39.19363269374685,-86.57139952445014,ST RD,N,URBAN,N,N,N,,DAYLIGHT,CLEAR,DRY,,NO JUNCTION INVOLVED,STRAIGHT/GRADE,ASPHALT,DISREGARD SIGNAL/REG SIGN,RIGHT ANGLE,HARTSTRAITRDST RD 46 W,TRAFFIC CONTROL SIGNAL,2020-11-14 10:14:00,,,
BLOOMINGTON PD,BLOOMINGTON,2,0.0,0.0,0.0,0,,,,I-69 S,,,800.0,S,39.17969866503026,-86.50730556800912,INTERSTATE,N,URBAN,N,N,N,,DAYLIGHT,RAIN,WET,,NO JUNCTION INVOLVED,STRAIGHT/HILLCREST,ASPHALT,IMPROPER LN USAGE,SAME DIRECTION SIDESWIPE,I-69S119,LN CONTROL,2020-11-14 11:55:00,,,
BLOOMINGTON PD,BLOOMINGTON,1,0.0,0.0,0.0,0,,,,S OLCOTT BLVD,E CHAUDION CT,,,,39.02377427,-86.53526951,LOCAL/CITY RD,N,URBAN,N,N,N,,DAYLIGHT,RAIN,WET,,NO JUNCTION INVOLVED,CURVE/GRADE,ASPHALT,RAN OFF RD RIGHT,RAN OFF RD,ECHAUDIONCTSOLCOTTBLVD,NONE,2020-11-14 13:24:00,,,
MONROE SD,BLOOMINGTON,2,0.0,0.0,0.0,0,,,,N CURRY PK,W PROFILE PKWY,,,,39.082268363893704,-86.63376752421976,COUNTY RD,N,URBAN,N,N,Y,WORK ON SHOULDER,DAYLIGHT,CLOUDY,DRY,,NO JUNCTION INVOLVED,STRAIGHT/LEVEL,ASPHALT,FOLLOWING TOO CLOSELY,REAR END,NCURRYPKWPROFILEPKWY,TRAFFIC CONTROL SIGNAL,2020-11-14 15:53:00,,,
MONROE SD,BLOOMINGTON,1,0.0,0.0,0.0,1,,,,S FAIRFAX RD,S WISLEY LN,,,,39.164685,-86.59747708,COUNTY RD,N,RURAL,N,N,N,,DAYLIGHT,CLEAR,DRY,,T-INTERSECTION,CURVE/LEVEL,ASPHALT,ANIMAL/OBJECT IN RDWAY,COLLISION WITH DEER,SFAIRFAXRDSWISLEYLN,NONE,2020-11-14 17:19:00,,,
MONROE SD,BLOOMINGTON,1,0.0,1.0,0.0,0,,,,ST RD 45,E ARL YOUNG RD,,500.0,W,39.17167,-86.53105,ST RD,N,RURAL,N,N,N,,DARK (NOT LIGHTED),RAIN,WET,,NO JUNCTION INVOLVED,CURVE/LEVEL,ASPHALT,RAN OFF RD RIGHT,RAN OFF RD,EEARLYOUNGRDST RD 45E,NONE,2020-11-14 19:22:00,,,
BLOOMINGTON PD,BLOOMINGTON,1,0.0,1.0,0.0,0,,,,W BLOOMFIELD RD,,,500.0,E,39.15018917387243,-86.4805017905902,LOCAL/CITY RD,Y,URBAN,N,N,N,,DARK (NOT LIGHTED),RAIN,WET,,NO JUNCTION INVOLVED,STRAIGHT/LEVEL,ASPHALT,PEDESTRIAN ACTION,COLLISION WITH OBJECT IN RD,SOUTHCORYLNWESTBLOOMFIELDRD,LN CONTROL,2020-11-14 19:50:00,,,True
ISP BLOOMINGTON 33,BLOOMINGTON,1,,0.0,0.0,1,,,,I-69 S,,,0.0,S,38.99133607993709,-86.36889158388621,,,RURAL,N,N,N,,DARK (NOT LIGHTED),CLEAR,DRY,,NO JUNCTION INVOLVED,,ASPHALT,ANIMAL/OBJECT IN RDWAY,COLLISION WITH DEER,I-69111,,2020-11-14 19:50:00,,,True
INDIANA UNIV BLOOMINGTON PD,BLOOMINGTON,2,0.0,2.0,0.0,0,,,,S EAGLESON AVE,E 3RD ST,,,,39.12228699092676,-86.58702316203241,LOCAL/CITY RD,N,URBAN,N,N,N,,DARK (LIGHTED),RAIN,WET,,FOUR-WAY INTERSECTION,STRAIGHT/LEVEL,ASPHALT,UNSAFE LN MOVEMENT,SAME DIRECTION SIDESWIPE,EAGLESON AVEAVE 3RDST,LN CONTROL,2020-11-14 20:00:00,,,
INDIANA UNIV BLOOMINGTON PD,BLOOMINGTON,2,0.0,0.0,0.0,0,,,,E 3RD ST,S EAGLESON AVE,,,,-2.3998893025193225e-05,-4.407626309820491e-05,LOCAL/CITY RD,N,URBAN,N,N,N,,DARK (LIGHTED),RAIN,WET,,FOUR-WAY INTERSECTION,STRAIGHT/LEVEL,ASPHALT,FOLLOWING TOO CLOSELY,REAR END,EAGLESON AVEAVE 3RDST,TRAFFIC CONTROL SIGNAL,2020-11-14 20:21:00,,,
BLOOMINGTON PD,BLOOMINGTON,1,0.0,0.0,0.0,0,,,,E WINSLOW RD,,,500.0,W,39.13607285909692,-86.53940225037091,LOCAL/CITY RD,N,URBAN,N,N,N,,DARK (NOT LIGHTED),RAIN,WET,,TRAFFIC CIRCLE/ROUNDABOUT,STRAIGHT/GRADE,ASPHALT,SPEED TOO FAST FOR WEATHER CONDITIONS,RAN OFF RD,EWINSLOWRDSHIGHST,NONE,2020-11-14 21:33:00,,,
ELLETTSVILLE PD,ELLETTSVILLE,1,0.0,0.0,0.0,0,,,,N UNION VALLEY RD,ST RD 46,,,,39.337024784273,-86.51031660551612,COUNTY RD,N,URBAN,N,N,N,,DARK (NOT LIGHTED),CLEAR,DRY,,NO JUNCTION INVOLVED,STRAIGHT/LEVEL,ASPHALT,DRIVER DISTRACTED - EXPLAIN IN NARRATIVE,RAN OFF RD,UNIONVALLEYRDWESTSTATERD46HWY,NONE,2020-11-14 22:03:00,,,
MONROE SD,BLOOMINGTON,1,0.0,0.0,0.0,0,4498.0,,,E ROBINSON RD,,,1000.0,N,39.14982260164768,-86.53213521988896,COUNTY RD,N,RURAL,N,N,N,,DAYLIGHT,SEVERE CROSS WIND,DRY,,NO JUNCTION INVOLVED,CURVE/LEVEL,ASPHALT,OTHER (ENVIRONMENTAL) - EXPLAIN IN NARR,OTHER - EXPLAIN IN NARRATIVE,4498ROBINSONRDOLDSTATERD37RD,NO PASSING ZONE,2020-11-15 09:28:00,,,
BLOOMINGTON PD,BLOOMINGTON,3,0.0,0.0,0.0,0,,,,N WALNUT ST,E 11TH ST,,50.0,N,39.16454636249251,-86.5336399772057,LOCAL/CITY RD,N,URBAN,N,N,N,,DARK (LIGHTED),CLOUDY,DRY,,T-INTERSECTION,STRAIGHT/HILLCREST,ASPHALT,UNSAFE LN MOVEMENT,REAR END,EAST11THSTNORTHWALNUTST,NONE,2020-11-15 21:30:00,,,
ELLETTSVILLE PD,ELLETTSVILLE,2,0.0,0.0,0.0,0,,,,ST RD 46,N 5TH ST,,,,39.16091446951426,-86.49771120362222,ST RD,N,URBAN,N,N,N,,DAYLIGHT,CLEAR,DRY,,NO JUNCTION INVOLVED,STRAIGHT/LEVEL,ASPHALT,FAILURE TO YIELD RIGHT OF WAY,RIGHT ANGLE,5THSTST RD 46 W,LN CONTROL,2020-11-16 16:02:00,,,
ELLETTSVILLE PD,ELLETTSVILLE,1,0.0,0.0,0.0,1,,,,ST RD 46,,,300.0,W,39.17193022681164,-86.58298653121648,ST RD,N,URBAN,N,N,N,,DARK (LIGHTED),CLEAR,DRY,,NO JUNCTION INVOLVED,STRAIGHT/GRADE,ASPHALT,ANIMAL/OBJECT IN RDWAY,COLLISION WITH DEER,RIDGESPRINSLNST RD 46 W,LN CONTROL,2020-11-16 19:00:00,,,
MONROE SD,BLOOMINGTON,1,1.0,0.0,0.0,1,,,,ST RD 46,,,570.0,W,39.16632993294879,-86.53354343377472,ST RD,N,RURAL,N,N,N,,DARK (NOT LIGHTED),CLEAR,DRY,,NO JUNCTION INVOLVED,CURVE/LEVEL,CONCRETE,ANIMAL/OBJECT IN RDWAY,COLLISION WITH DEER,ETRAILWAYDRST RD 46E,NONE,2020-11-16 20:36:00,,,
BLOOMINGTON PD,BLOOMINGTON,2,0.0,2.0,0.0,0,,,,S ROGERS ST,W DODDS ST,,,,39.14688972072339,-86.53268261868357,LOCAL/CITY RD,N,URBAN,N,N,N,,DAYLIGHT,CLEAR,DRY,,FOUR-WAY INTERSECTION,STRAIGHT/LEVEL,ASPHALT,FAILURE TO YIELD RIGHT OF WAY,RIGHT ANGLE,SROGERSSTWDODDSST,STOP SIGN,2020-11-16 22:58:00,,,
ISP BLOOMINGTON 33,BLOOMINGTON,1,,1.0,0.0,0,,,,I-69 N,,,0.0,S,39.17919813132635,-86.56807295288294,INTERSTATE,,RURAL,N,N,N,,DARK (NOT LIGHTED),CLEAR,DRY,,NO JUNCTION INVOLVED,,ASPHALT,,,I-69123,,2020-11-17 06:25:00,,,
BLOOMINGTON PD,BLOOMINGTON,2,0.0,0.0,0.0,0,,,,S LINCOLN ST,E SMITH AVE,,,,39.11667426987221,-86.57343874773227,LOCAL/CITY RD,N,URBAN,N,N,Y,INTERMITTENT OR MOVING WORK,DAYLIGHT,CLEAR,DRY,,FOUR-WAY INTERSECTION,STRAIGHT/GRADE,ASPHALT,IMPROPER LN USAGE,SAME DIRECTION SIDESWIPE,ESMITHAVESLINCOLNST,NONE,2020-11-17 08:37:00,,,
MONROE SD,BLOOMINGTON,2,0.0,0.0,0.0,0,,,,S KETCHAM RD,W FLUCK MILL RD,,,,39.16453,-86.56705,COUNTY RD,Y,RURAL,N,N,N,,DAYLIGHT,CLEAR,DRY,,NO JUNCTION INVOLVED,CURVE/GRADE,ASPHALT,FAILURE TO YIELD RIGHT OF WAY,OPPOSITE DIRECTION SIDESWIPE,SKETCHAMRDWFLUCKMILLRD,STOP SIGN,2020-11-17 11:52:00,,,
BLOOMINGTON PD,BLOOMINGTON,2,0.0,0.0,0.0,0,,,,ST RD 46,ST RD 46,,,,39.21283191938567,-86.49072674946662,LOCAL/CITY RD,N,URBAN,N,N,N,,DAYLIGHT,CLEAR,DRY,,NO JUNCTION INVOLVED,STRAIGHT/LEVEL,ASPHALT,DISREGARD SIGNAL/REG SIGN,RIGHT ANGLE,COLLEGEMALLRD3RDST,TRAFFIC CONTROL SIGNAL,2020-11-17 12:14:00,,,
BLOOMINGTON PD,BLOOMINGTON,2,0.0,0.0,0.0,0,,,,S COLLEGE MALL RD,E 3RD ST,,,,39.16442149006149,-86.52822034079466,LOCAL/CITY RD,N,URBAN,N,N,N,,DAYLIGHT,CLEAR,DRY,,FOUR-WAY INTERSECTION,STRAIGHT/LEVEL,ASPHALT,UNSAFE LN MOVEMENT,LEFT TURN,EAST3RDSTSOUTHCOLLEGEMALLRD,TRAFFIC CONTROL SIGNAL,2020-11-17 14:10:00,,,
ELLETTSVILLE PD,ELLETTSVILLE,2,0.0,0.0,0.0,0,,,,W MAIN ST,N MARKET ST,,,,39.0867869,-86.6771538,LOCAL/CITY RD,N,RURAL,N,N,N,,DAYLIGHT,CLEAR,DRY,,T-INTERSECTION,STRAIGHT/LEVEL,ASPHALT,OTHER (DRIVER) - EXPLAIN IN NARRATIVE,LEFT TURN,NORTHMARKETSTWESTMAINST,NONE,2020-11-17 14:50:00,,,
BLOOMINGTON PD,BLOOMINGTON,2,0.0,0.0,0.0,0,,,,W BLOOMFIELD RD,S SHADELAND DR,,,,39.22765,-86.61593,LOCAL/CITY RD,N,URBAN,N,N,N,,DAYLIGHT,CLEAR,DRY,,FOUR-WAY INTERSECTION,STRAIGHT/GRADE,CONCRETE,FAILURE TO YIELD RIGHT OF WAY,LEFT TURN,SSHADELANDDRWBLOOMFIELDRD,NONE,2020-11-17 16:41:00,,,
ISP INDIANAPOLIS 52,BLOOMINGTON,2,,0.0,0.0,0,,,,ST RD 48,ENTRANCE TO KROGER FUEL CENTER,,739.0,W,-1.6254176862502763e-05,-3.9027379889741576e-05,LOCAL/CITY RD,,RURAL,N,N,N,,DAYLIGHT,CLEAR,DRY,,NO JUNCTION INVOLVED,,ASPHALT,FAILURE TO YIELD RIGHT OF WAY,LEFT TURN,W3rdStSLibertyDr,,2020-11-17 17:00:00,,,
MONROE SD,BLOOMINGTON,2,0.0,0.0,0.0,0,,,,W JONATHAN DR,,,600.0,E,39.14851121706819,-86.4844219113574,LOCAL/CITY RD,N,RURAL,N,N,Y,LN CLOSURE,DAYLIGHT,CLEAR,DRY,,NO JUNCTION INVOLVED,STRAIGHT/LEVEL,ASPHALT,FOLLOWING TOO CLOSELY,REAR END,GATESDRJONATHANDR,LN CONTROL,2020-11-17 17:02:00,,,
INDIANA UNIV BLOOMINGTON PD,BLOOMINGTON,2,0.0,0.0,0.0,0,,,,FOSTER CIRCLE,,,100.0,S,39.17197924868949,-86.58302132771655,UNKNOWN,Y,URBAN,N,N,N,,DARK (LIGHTED),CLEAR,DRY,,NO JUNCTION INVOLVED,CURVE/GRADE,ASPHALT,UNSAFE BACKING,BACKING CRASH,FEELNTHIRTEENTHST,NONE,2020-11-17 21:48:00,,,
BLOOMINGTON PD,BLOOMINGTON,2,0.0,1.0,0.0,0,4040.0,,,ST RD 48,,,,,39.054625269850625,-86.49839053524803,UNKNOWN,N,URBAN,N,N,N,,DAYLIGHT,CLEAR,DRY,,NO JUNCTION INVOLVED,STRAIGHT/LEVEL,ASPHALT,DRIVER ILLNESS,RAN OFF RD,WEST3RDST,LN CONTROL,2020-11-18 10:23:00,,,
MONROE SD,BLOOMINGTON,2,0.0,3.0,0.0,0,,,,ST RD 446,,,500.0,S,39.218432368864356,-86.45354082565613,ST RD,N,RURAL,N,N,N,,DAYLIGHT,CLEAR,DRY,,T-INTERSECTION,CURVE/LEVEL,ASPHALT,LEFT OF CENTER,OTHER - EXPLAIN IN NARRATIVE,EHAYSRDST RD 446S,NONE,2020-11-18 11:45:00,,,
ELLETTSVILLE PD,ELLETTSVILLE,2,0.0,0.0,0.0,0,,,,ST RD 46,N SALE ST (S),,,,39.15703210945493,-86.55983759633848,ST RD,N,URBAN,N,N,N,,DAYLIGHT,CLEAR,DRY,,FOUR-WAY INTERSECTION,STRAIGHT/LEVEL,ASPHALT,FAILURE TO YIELD RIGHT OF WAY,RIGHT ANGLE,SALESTST RD 46 W,TRAFFIC CONTROL SIGNAL,2020-11-18 13:01:00,,,