Agency,City,Vehicles Involved,Trailers Involved,Number Injured,Number Dead,Number Deer,House Number,Roadway Interchange,Roadway Ramp,Roadway Id,Intersecting Road,Interchange,Feet From,Direction,Latitude,Longitude,Roadway Class,Hit and Run?,Locality,School Zone?,Rumble Strips?,Construction?,Construction Type,Light Condition,Weather Conditions,Surface Condition,Type of Median,Roadway Junction Type,Road Character,Roadway Surface,Primary Factor,Manner of Collision,Unique Location Id,Traffic Control,DateTime,Address Number,Cyclist Involved,Pedestrian Involved
BLOOMINGTON PD,BLOOMINGTON,2,0.0,0.0,0.0,0,2403.0,,,W 3RD ST,S OPPORTUNITY LN,,500.0,W,39.18627877816888,-86.53166228479274,LOCAL/CITY RD,N,URBAN,N,N,N,,DARK (LIGHTED),CLEAR,DRY,,NO JUNCTION INVOLVED,STRAIGHT/LEVEL,ASPHALT,CELL PHONE USAGE,LEFT TURN,2403W 3RDSTSJOHNSONAVE,NONE,2020-11-27 18:16:00,,,
BLOOMINGTON PD,BLOOMINGTON,2,0.0,1.0,0.0,0,,,,ST RD 45/46,N KINSER PK,,,,39.17913340160459,-86.47444287701344,ST RD,N,URBAN,N,N,N,,DARK (LIGHTED),CLEAR,DRY,,FOUR-WAY INTERSECTION,STRAIGHT/LEVEL,ASPHALT,FAILURE TO YIELD RIGHT OF WAY,HEAD ON BETWEEN TWO MOTOR VEHICLES,KINSERPKST RD 45E,TRAFFIC CONTROL SIGNAL,2020-11-27 20:22:00,,,
MONROE SD,BLOOMINGTON,1,0.0,0.0,0.0,1,,Y,,I-69 S,N ST RD 37,,500.0,N,39.1768895113613,-86.52837356361468,ST RD,N,RURAL,N,N,N,,DARK (NOT LIGHTED),CLEAR,DRY,,NO JUNCTION INVOLVED,STRAIGHT/LEVEL,ASPHALT,ANIMAL/OBJECT IN RDWAY,COLLISION WITH DEER,EWHISNANDRDN ST RD 37,NONE,2020-11-28 01:23:00,,,
MONROE SD,BLOOMINGTON,2,1.0,1.0,0.0,0,,,,W THAT RD,BLOOMINGTON RAIL TRAIL,,300.0,W,39.186249153832605,-86.52454020582694,LOCAL/CITY RD,N,RURAL,N,N,Y,LN CLOSURE,DAYLIGHT,CLEAR,DRY,,NO JUNCTION INVOLVED,STRAIGHT/LEVEL,ASPHALT,DISREGARD SIGNAL/REG SIGN,REAR END,SROGERSSTWTHATRD,OTHER REGULATORY SIGN/MARKING,2020-11-28 13:15:00,,,
BLOOMINGTON PD,BLOOMINGTON,2,0.0,0.0,0.0,0,,,,N GRANT ST,,,105.0,S,39.198766621710156,-86.59956691209526,LOCAL/CITY RD,Y,URBAN,N,N,N,,DAYLIGHT,CLEAR,DRY,,T-INTERSECTION,STRAIGHT/GRADE,ASPHALT,IMPROPER TURNING,,EAST6THSTNORTHGRANTST,NONE,2020-11-28 16:00:00,,,
BLOOMINGTON PD,BLOOMINGTON,2,0.0,1.0,0.0,0,,,Y,W BLOOMFIELD RD,I-69 N,,,,39.25964016464055,-86.65767438522802,LOCAL/CITY RD,N,URBAN,N,N,N,,DAYLIGHT,CLEAR,DRY,,FOUR-WAY INTERSECTION,STRAIGHT/GRADE,ASPHALT,DISREGARD SIGNAL/REG SIGN,RIGHT ANGLE,SR69NWBLOOMFIELDRD,TRAFFIC CONTROL SIGNAL,2020-11-28 17:12:00,,,
BLOOMINGTON PD,BLOOMINGTON,2,0.0,0.0,0.0,0,,,,S SMITH RD,E BRIGHTON CREST,,,,39.1642,-86.49495,LOCAL/CITY RD,N,URBAN,N,N,N,,DARK (NOT LIGHTED),CLEAR,DRY,,FOUR-WAY INTERSECTION,STRAIGHT/GRADE,ASPHALT,FAILURE TO YIELD RIGHT OF WAY,RIGHT ANGLE,EASTBRIGHTONCRSTSOUTHSMITHRD,STOP SIGN,2020-11-28 20:17:00,,,
MONROE SD,BLOOMINGTON,1,0.0,0.0,0.0,0,,,,S FAIRFAX RD,S WISLEY LN,,100.0,N,39.23252245540168,-86.5407532339972,COUNTY RD,N,RURAL,N,N,N,,DARK (NOT LIGHTED),CLEAR,DRY,,T-INTERSECTION,CURVE/GRADE,ASPHALT,DRIVER DISTRACTED - EXPLAIN IN NARRATIVE,RAN OFF RD,SFAIRFAXRDSWISLEYLN,NONE,2020-11-28 21:31:00,,,
BLOOMINGTON PD,BLOOMINGTON,1,0.0,0.0,0.0,0,,,,W ALLEN ST,W BLOOMFIELD RD,,,,39.166516083391755,-86.52823290229503,UNKNOWN,N,URBAN,N,N,N,,DAYLIGHT,CLEAR,DRY,,NO JUNCTION INVOLVED,STRAIGHT/GRADE,ASPHALT,RAN OFF RD RIGHT,RAN OFF RD,ALLENSTBLOOMFIELDRD,LN CONTROL,2020-11-29 09:11:00,,,
ISP BLOOMINGTON 33,BLOOMINGTON,1,,0.0,0.0,1,,,,I-69 N,,,317.0,W,39.03392246666591,-86.40829848678253,INTERSTATE,,RURAL,N,N,N,,DAYLIGHT,CLEAR,DRY,,NO JUNCTION INVOLVED,,CONCRETE,ANIMAL/OBJECT IN RDWAY,COLLISION WITH DEER,I-69I-69,,2020-11-29 09:32:00,,,
ISP BLOOMINGTON 33,BLOOMINGTON,1,,0.0,0.0,1,,,,N UNION VALLEY RD,,,0.0,S,39.027171398915144,-86.5344910572576,COUNTY RD,,RURAL,N,N,N,,DARK (NOT LIGHTED),CLEAR,DRY,,NO JUNCTION INVOLVED,,ASPHALT,ANIMAL/OBJECT IN RDWAY,COLLISION WITH DEER,NUnionValleyRd,,2020-11-29 18:50:00,,,
ISP BLOOMINGTON 33,BLOOMINGTON,1,,0.0,0.0,1,,,,ST RD 45,,,250.0,W,39.18319400785167,-86.53595573313885,ST RD,,RURAL,N,N,N,,DARK (NOT LIGHTED),CLEAR,DRY,,NO JUNCTION INVOLVED,,ASPHALT,ANIMAL/OBJECT IN RDWAY,COLLISION WITH DEER,WStateRd45SIsonRd,,2020-11-29 19:35:00,,,
BLOOMINGTON PD,BLOOMINGTON,1,1.0,0.0,0.0,0,2801.0,,,S ROGERS ST,W COUNTRY CLUB DR,,,,39.17155575250423,-86.50948308776981,UNKNOWN,N,URBAN,N,N,N,,DAYLIGHT,RAIN,WET,,NO JUNCTION INVOLVED,STRAIGHT/LEVEL,ASPHALT,RAN OFF RD RIGHT,RAN OFF RD,SROGERSST,NONE,2020-11-30 08:07:00,,,
INDIANA UNIV BLOOMINGTON PD,BLOOMINGTON,1,0.0,0.0,0.0,1,,,,E 10TH ST,N JEFFERSON ST,,,,39.164598592354004,-86.58296564863001,LOCAL/CITY RD,N,URBAN,N,N,N,,DARK (LIGHTED),BLOWING SAND/SOIL/SNOW,WET,,NO JUNCTION INVOLVED,CURVE/LEVEL,ASPHALT,ANIMAL/OBJECT IN RDWAY,COLLISION WITH DEER,JEFFERSONSTUNIONVILLERD,NONE,2020-11-30 20:35:00,,,
BLOOMINGTON PD,BLOOMINGTON,3,0.0,0.0,0.0,0,736.0,,,E SHERWOOD HILLS DR,,,,,39.04073382908308,-86.54233778579156,LOCAL/CITY RD,Y,URBAN,N,N,N,,DARK (LIGHTED),CLOUDY,DRY,,NO JUNCTION INVOLVED,STRAIGHT/LEVEL,ASPHALT,UNSAFE BACKING,BACKING CRASH,ESHERWOODHILLSDR,NONE,2020-11-30 20:45:00,,,
INDIANA UNIV BLOOMINGTON PD,BLOOMINGTON,2,0.0,0.0,0.0,0,,,,ST RD 45/46,E DISCOVERY PKWY,,300.0,S,39.16309137028581,-86.52727773232992,ST RD,N,URBAN,N,N,N,,DAYLIGHT,CLEAR,DRY,,NO JUNCTION INVOLVED,STRAIGHT/GRADE,ASPHALT,DRIVER DISTRACTED - EXPLAIN IN NARRATIVE,REAR END,ST RD 45/46BYPASSDISCOVERYPKWY,NONE,2020-12-01 12:00:00,,,
BLOOMINGTON PD,BLOOMINGTON,2,0.0,0.0,0.0,0,,,,W 3RD ST,S FRANKLIN RD,,,,39.15016812647785,-86.48502765766301,LOCAL/CITY RD,N,URBAN,N,N,N,,DAYLIGHT,CLEAR,DRY,,FOUR-WAY INTERSECTION,STRAIGHT/LEVEL,CONCRETE,FOLLOWING TOO CLOSELY,REAR END,SOUTHFRANKLINRDWEST3RDST,TRAFFIC CONTROL SIGNAL,2020-12-01 14:05:00,,,
MONROE SD,BLOOMINGTON,1,0.0,0.0,0.0,0,,,,W ELLER RD,S WESTMONT AVE,,,,39.16315,-86.62913,LOCAL/CITY RD,N,RURAL,N,N,N,,DAYLIGHT,CLEAR,DRY,,T-INTERSECTION,STRAIGHT/LEVEL,ASPHALT,RAN OFF RD RIGHT,RAN OFF RD,SWESTMONTAVEWELLERRD,STOP SIGN,2020-12-01 14:54:00,,,
MONROE SD,BLOOMINGTON,1,0.0,0.0,0.0,1,,,,ST RD 446,,,2000.0,S,39.136484214495134,-86.56038500084476,ST RD,N,RURAL,N,N,N,,DARK (NOT LIGHTED),CLEAR,DRY,,NO JUNCTION INVOLVED,STRAIGHT/LEVEL,ASPHALT,ANIMAL/OBJECT IN RDWAY,COLLISION WITH DEER,DEERLICKRDST RD 446S,NONE,2020-12-01 19:25:00,,,
INDIANA UNIV BLOOMINGTON PD,BLOOMINGTON,2,0.0,0.0,0.0,0,,,,N EAGLESON AVE,E 17TH ST,,,,39.18640799931721,-86.53771700079011,LOCAL/CITY RD,N,URBAN,N,N,N,,DAWN/DUSK,CLEAR,DRY,,T-INTERSECTION,STRAIGHT/LEVEL,ASPHALT,FAILURE TO YIELD RIGHT OF WAY,LEFT TURN,EAST17THSTEAGLESON AVEAVE,STOP SIGN,2020-12-02 08:12:00,,,
BLOOMINGTON PD,BLOOMINGTON,2,0.0,0.0,0.0,0,,,,W HILLSIDE DR,S WALNUT ST,,,,39.16415877969754,-86.48126089560418,LOCAL/CITY RD,N,URBAN,N,N,N,,DAYLIGHT,CLEAR,DRY,,FOUR-WAY INTERSECTION,STRAIGHT/LEVEL,ASPHALT,DISREGARD SIGNAL/REG SIGN,RIGHT ANGLE,HILLSIDEDLWALNUTST,TRAFFIC CONTROL SIGNAL,2020-12-02 08:51:00,,,
MONROE SD,BLOOMINGTON,2,0.0,0.0,0.0,0,4183.0,,,W STEBU LN,,,525.0,W,39.182159804855964,-86.55689044802355,LOCAL/CITY RD,N,URBAN,N,N,N,,DAWN/DUSK,CLEAR,DRY,,NO JUNCTION INVOLVED,STRAIGHT/LEVEL,ASPHALT,UNSAFE BACKING,BACKING CRASH,SCURRYPKWSTEBULN,NONE,2020-12-02 08:57:00,,,
MONROE SD,BLOOMINGTON,2,0.0,0.0,0.0,0,,,,S LIBERTY DR,ENTRANCE TO BAXTER,,1478.0,S,39.16758,-86.53866,LOCAL/CITY RD,N,RURAL,N,N,N,,DAYLIGHT,CLEAR,DRY,,NO JUNCTION INVOLVED,CURVE/LEVEL,CONCRETE,FOLLOWING TOO CLOSELY,REAR END,SLIBERTYDRW 3RDST,OTHER REGULATORY SIGN/MARKING,2020-12-02 16:09:00,,,
BLOOMINGTON PD,BLOOMINGTON,1,0.0,1.0,0.0,0,,,,ST RD 48,S CURRY PK,,,,39.20749088126895,-86.59976798894051,LOCAL/CITY RD,N,URBAN,N,N,N,,DARK (NOT LIGHTED),CLEAR,DRY,,FOUR-WAY INTERSECTION,STRAIGHT/LEVEL,ASPHALT,PEDESTRIAN ACTION,OTHER - EXPLAIN IN NARRATIVE,SOUTHCURRYPKWEST3RDST,TRAFFIC CONTROL SIGNAL,2020-12-02 18:45:00,,,True
BLOOMINGTON PD,BLOOMINGTON,1,0.0,0.0,0.0,0,,,,N FAIRVIEW ST,W 11TH ST,,,,39.11964357411458,-86.64303138698813,LOCAL/CITY RD,Y,URBAN,N,N,N,,DARK (NOT LIGHTED),CLEAR,DRY,,T-INTERSECTION,CURVE/LEVEL,ASPHALT,OTHER (DRIVER) - EXPLAIN IN NARRATIVE,RAN OFF RD,NFAIRVIEWSTW11THST,STOP SIGN,2020-12-03 01:12:00,,,
INDIANA UNIV BLOOMINGTON PD,BLOOMINGTON,2,0.0,2.0,0.0,0,,,,ST RD 45/46,E 17TH ST,,,,39.24528709303629,-86.62054098508439,ST RD,N,URBAN,N,N,N,,DAYLIGHT,CLEAR,DRY,,T-INTERSECTION,CURVE/LEVEL,ASPHALT,FAILURE TO YIELD RIGHT OF WAY,LEFT TURN,EAST17THSTST RD 46,TRAFFIC CONTROL SIGNAL,2020-12-03 12:45:00,,,
ELLETTSVILLE PD,ELLETTSVILLE,2,0.0,0.0,0.0,0,,,,ST RD 46,N KELLI DR,,,,39.18083049,-86.54063113,ST RD,N,URBAN,N,N,N,,DARK (LIGHTED),CLEAR,DRY,,T-INTERSECTION,STRAIGHT/LEVEL,ASPHALT,FAILURE TO YIELD RIGHT OF WAY,SAME DIRECTION SIDESWIPE,KELLIDRST RD 46 W,LN CONTROL,2020-12-03 20:35:00,,,
BLOOMINGTON PD,BLOOMINGTON,2,0.0,0.0,0.0,0,,,,W KIRKWOOD AVE,S GENTRY ST,,150.0,W,39.134352,-86.53716036,,Y,URBAN,N,N,N,,DARK (LIGHTED),CLEAR,DRY,,NO JUNCTION INVOLVED,STRAIGHT/GRADE,ASPHALT,OTHER (DRIVER) - EXPLAIN IN NARRATIVE,SAME DIRECTION SIDESWIPE,COLLEGEAVEKIRKWOODAVE,NONE,2020-12-03 23:13:00,,,
MONROE SD,BLOOMINGTON,1,0.0,0.0,0.0,1,,,,N ST RD 37,,,1200.0,S,39.16338699017726,-86.49085925458706,ST RD,N,URBAN,N,N,N,,DARK (NOT LIGHTED),CLEAR,DRY,,NO JUNCTION INVOLVED,STRAIGHT/LEVEL,ASPHALT,ANIMAL/OBJECT IN RDWAY,COLLISION WITH DEER,N ST RD 37WBAYLESRD,LN CONTROL,2020-12-04 05:49:00,,,
BLOOMINGTON PD,BLOOMINGTON,2,0.0,1.0,0.0,0,,,,S PATTERSON ST,W ALLEN ST,,,,39.209918409736666,-86.58274213542396,LOCAL/CITY RD,Y,URBAN,N,N,N,,DAYLIGHT,CLOUDY,DRY,,FOUR-WAY INTERSECTION,STRAIGHT/LEVEL,ASPHALT,FAILURE TO YIELD RIGHT OF WAY,REAR END,WALLENSTWPATTERSONDR,TRAFFIC CONTROL SIGNAL,2020-12-04 11:18:00,,,
BLOOMINGTON PD,BLOOMINGTON,2,0.0,0.0,0.0,0,,,,E COVENANTER DR,S CLARIZZ BLVD,,300.0,W,39.164528449024495,-86.56708399007617,LOCAL/CITY RD,N,URBAN,N,N,Y,WORK ON SHOULDER,DAYLIGHT,CLOUDY,DRY,,NO JUNCTION INVOLVED,STRAIGHT/LEVEL,ASPHALT,FAILURE TO YIELD RIGHT OF WAY,RIGHT ANGLE,CLARIZZBLVDCOVENANTERDR,NONE,2020-12-04 11:59:00,,,
INDIANA UNIV BLOOMINGTON PD,BLOOMINGTON,2,0.0,3.0,0.0,0,,,,S WOODLAWN AVE,E ATWATER AVE,,,,39.18638745686562,-86.53773957670565,LOCAL/CITY RD,N,URBAN,N,N,N,,DAYLIGHT,CLEAR,DRY,,FOUR-WAY INTERSECTION,STRAIGHT/GRADE,ASPHALT,DISREGARD SIGNAL/REG SIGN,RIGHT ANGLE,ATWATERAVEWOODLAWNAVE,TRAFFIC CONTROL SIGNAL,2020-12-04 13:15:00,,,
ELLETTSVILLE PD,ELLETTSVILLE,1,0.0,0.0,0.0,0,,,,ST RD 46,,,300.0,W,39.33868033606989,-86.50945504054043,ST RD,N,RURAL,N,N,N,,DARK (NOT LIGHTED),CLEAR,DRY,,T-INTERSECTION,CURVE/LEVEL,ASPHALT,ANIMAL/OBJECT IN RDWAY,COLLISION WITH ANIMAL OTHER,FLATWOODSRDST RD 46 W,LN CONTROL,2020-12-04 21:45:00,,,
MONROE SD,BLOOMINGTON,1,0.0,0.0,0.0,0,,,,N MAPLE GROVE RD,,,5280.0,N,39.116665105635974,-86.57344900399153,COUNTY RD,N,RURAL,N,N,N,,DARK (NOT LIGHTED),CLEAR,DRY,,NO JUNCTION INVOLVED,CURVE/LEVEL,ASPHALT,RAN OFF RD RIGHT,RAN OFF RD,NMAPLEGROVERDWMAPLEGROVERD,NONE,2020-12-05 05:21:00,,,
MONROE SD,BLOOMINGTON,2,0.0,0.0,0.0,0,8650.0,,,W ELWREN RD,,,500.0,E,39.167710317544234,-86.52970746428625,COUNTY RD,N,RURAL,N,N,N,,DAYLIGHT,CLEAR,DRY,,NO JUNCTION INVOLVED,STRAIGHT/GRADE,ASPHALT,OVERCORRECTING/OVERSTEERING,HEAD ON BETWEEN TWO MOTOR VEHICLES,8650WELWRENRDSTANFORDRD,NO PASSING ZONE,2020-12-05 12:45:00,,,
ISP BLOOMINGTON 33,BLOOMINGTON,1,,0.0,0.0,1,,,,ST RD 37,,,0.0,S,39.1475264113872,-86.57297859442042,ST RD,,RURAL,N,N,N,,DARK (NOT LIGHTED),CLEAR,DRY,,NO JUNCTION INVOLVED,,ASPHALT,ANIMAL/OBJECT IN RDWAY,COLLISION WITH DEER,StateRd37,,2020-12-05 18:00:00,,,
MONROE SD,BLOOMINGTON,1,0.0,0.0,0.0,0,,,,W MAPLE GROVE RD,,,2700.0,E,39.15749221520275,-86.48069494963589,LOCAL/CITY RD,Y,RURAL,N,N,N,,DAYLIGHT,CLEAR,DRY,,NO JUNCTION INVOLVED,CURVE/GRADE,ASPHALT,RAN OFF RD RIGHT,RAN OFF RD,NMAPLEGROVERDWMAPLEGROVERD,NONE,2020-12-06 13:58:00,,,
BLOOMINGTON PD,BLOOMINGTON,2,0.0,0.0,0.0,0,1612.0,,,S WILCOX ST,S WILCOX ST,,,,39.054593419959126,-86.4983791958971,UNKNOWN,Y,URBAN,N,N,N,,DARK (LIGHTED),CLEAR,DRY,,NO JUNCTION INVOLVED,STRAIGHT/LEVEL,ASPHALT,UNSAFE LN MOVEMENT,SAME DIRECTION SIDESWIPE,SWILCOXST,NONE,2020-12-07 00:00:00,,,
ISP BLOOMINGTON 33,BLOOMINGTON,3,,0.0,0.0,0,,118,A,W 3RD ST,I-69 N,,475.0,E,39.15606928380873,-86.56147402172246,ST RD,,URBAN,N,N,N,,DAYLIGHT,CLEAR,DRY,,FOUR-WAY INTERSECTION,,ASPHALT,UNSAFE SPEED,REAR END,ST RD 48atI-69-118-RampA,,2020-12-07 10:28:00,,,
MONROE SD,ELLETTSVILLE,2,0.0,0.0,0.0,0,,,,ST RD 46,N SMITH PK,,250.0,W,39.0684407497803,-86.67348298197714,ST RD,N,URBAN,N,N,N,,DARK (LIGHTED),CLEAR,DRY,,FOUR-WAY INTERSECTION,STRAIGHT/GRADE,ASPHALT,FOLLOWING TOO CLOSELY,REAR END,SMITHPKST RD 46 W,NONE,2020-12-07 18:15:00,,,
BLOOMINGTON PD,BLOOMINGTON,1,0.0,0.0,0.0,1,,,,ST RD 46,,,500.0,W,39.23464235407662,-86.5928286009679,ST RD,N,URBAN,N,N,N,,DAWN/DUSK,CLOUDY,DRY,,NO JUNCTION INVOLVED,STRAIGHT/LEVEL,ASPHALT,ANIMAL/OBJECT IN RDWAY,COLLISION WITH DEER,MONROESTST RD 46E,LN CONTROL,2020-12-08 07:55:00,,,
BLOOMINGTON PD,BLOOMINGTON,2,0.0,0.0,0.0,0,,,,N COLLEGE AVE,W 8TH ST,,150.0,N,39.1275753595104,-86.60699454696079,LOCAL/CITY RD,N,URBAN,N,N,N,,DAYLIGHT,CLEAR,DRY,,NO JUNCTION INVOLVED,STRAIGHT/GRADE,ASPHALT,DRIVER ASLEEP OR FATIGUED,REAR END,8THSTCOLLEGEAVE,NONE,2020-12-08 09:15:00,,,
ISP JASPER 34,BLOOMINGTON,1,,0.0,0.0,0,,,,I-69 N,,,0.0,S,39.1360035581712,-86.53828546294221,INTERSTATE,,RURAL,N,Y,N,,DAYLIGHT,CLOUDY,DRY,,NO JUNCTION INVOLVED,,ASPHALT,OTHER (DRIVER) - EXPLAIN IN NARRATIVE,RAN OFF RD,I-69126.55,,2020-12-08 14:15:00,,,
ISP BLOOMINGTON 33,BLOOMINGTON,1,,0.0,0.0,1,,,,I-69 N,,,0.0,S,39.17139525428729,-86.50723547060879,,,RURAL,N,N,N,,DARK (NOT LIGHTED),CLEAR,DRY,,NO JUNCTION INVOLVED,,ASPHALT,ANIMAL/OBJECT IN RDWAY,COLLISION WITH DEER,I-69112.5,,2020-12-08 19:06:00,,,
BLOOMINGTON PD,BLOOMINGTON,2,0.0,1.0,0.0,0,,,,W TAPP RD,S WEIMER RD,,,,39.133209949620436,-86.5246805225215,LOCAL/CITY RD,N,URBAN,N,N,N,,DARK (NOT LIGHTED),CLEAR,DRY,,T-INTERSECTION,STRAIGHT/GRADE,ASPHALT,FAILURE TO YIELD RIGHT OF WAY,LEFT TURN,SWEIMERRDWTAPPRD,STOP SIGN,2020-12-08 19:42:00,,,
ISP BLOOMINGTON 33,BLOOMINGTON,2,,0.0,0.0,0,1441.0,,,S LIBERTY DR,ENTRANCE TO ANDY MOHR HONDA,,0.0,S,39.17149,-86.49537,LOCAL/CITY RD,,RURAL,N,N,N,,DAYLIGHT,CLEAR,DRY,,NO JUNCTION INVOLVED,,ASPHALT,UNSAFE BACKING,BACKING CRASH,SLibertyDr,,2020-12-09 10:25:00,,,
BLOOMINGTON PD,BLOOMINGTON,1,0.0,1.0,0.0,0,,,,N COLLEGE AVE,W 7TH ST,,,,39.164534039275225,-86.57021186299659,LOCAL/CITY RD,N,URBAN,N,N,N,,DAYLIGHT,CLEAR,DRY,,NO JUNCTION INVOLVED,STRAIGHT/LEVEL,ASPHALT,FAILURE TO YIELD RIGHT OF WAY,LEFT/RIGHT TURN,7THSTNCOLLEGEAVE,TRAFFIC CONTROL SIGNAL,2020-12-09 11:49:00,,,True
ISP BLOOMINGTON 33,BLOOMINGTON,2,,0.0,0.0,0,,,,S LEONARD SPRINGS RD,ST RD 45,,50.0,S,39.12229728929595,-86.61885853304216,LOCAL/CITY RD,,URBAN,N,N,N,,DAYLIGHT,CLEAR,DRY,,FOUR-WAY INTERSECTION,,ASPHALT,DRIVER DISTRACTED - EXPLAIN IN NARRATIVE,REAR END,StateRd45SLeonardSpringsRd,,2020-12-09 16:00:00,,,
BLOOMINGTON PD,BLOOMINGTON,2,0.0,2.0,0.0,0,,,,S SARE RD,E DAVID DR,,,,,,LOCAL/CITY RD,N,URBAN,N,N,N,,DAYLIGHT,CLEAR,DRY,,NO JUNCTION INVOLVED,STRAIGHT/HILLCREST,CONCRETE,DRIVER DISTRACTED - EXPLAIN IN NARRATIVE,REAR END,DAVISDRSSARERD,NONE,2020-12-09 17:07:00,,,
ISP INDIANAPOLIS 52,BLOOMINGTON,1,,0.0,0.0,0,,,,ST RD 37,S WALNUT ST,,211.0,S,39.17880726191156,-86.51243811886174,ST RD,,RURAL,N,N,N,,DARK (NOT LIGHTED),CLEAR,DRY,,NO JUNCTION INVOLVED,,ASPHALT,TIRE FAILURE OR DEFECTIVE,NON-COLLISION,S ST RD 37BSOldStateRoad37,,2020-12-09 18:17:00,,,
ISP BLOOMINGTON 33,BLOOMINGTON,2,,0.0,0.0,0,,,,N KINSER PK,ST RD 45/46,,0.0,S,39.15049333745218,-86.5336865252119,ST RD,,URBAN,N,N,N,,DARK (LIGHTED),CLEAR,DRY,,FOUR-WAY INTERSECTION,,ASPHALT,FAILURE TO YIELD RIGHT OF WAY,SAME DIRECTION SIDESWIPE,StateRd46NKinserPike,,2020-12-09 18:30:00,,,
ISP BLOOMINGTON 33,BLOOMINGTON,1,,1.0,0.0,0,,,,I-69 S,,,0.0,S,,,INTERSTATE,,RURAL,N,N,N,,DAYLIGHT,CLEAR,DRY,,NO JUNCTION INVOLVED,,ASPHALT,FOLLOWING TOO CLOSELY,REAR END,I-69127,,2020-12-10 09:10:00,,,
INDIANA UNIV BLOOMINGTON PD,BLOOMINGTON,1,0.0,1.0,0.0,0,,,,S WOODLAWN AVE,E ATWATER AVE,,,,39.15501916044582,-86.57526057986416,LOCAL/CITY RD,N,URBAN,N,N,N,,DAYLIGHT,CLEAR,DRY,,FOUR-WAY INTERSECTION,STRAIGHT/LEVEL,ASPHALT,FAILURE TO YIELD RIGHT OF WAY,LEFT TURN,ATWATERAVEWOODLAWNAVE,TRAFFIC CONTROL SIGNAL,2020-12-10 11:33:00,,,True
ISP BLOOMINGTON 33,BLOOMINGTON,2,,0.0,0.0,0,,,,ST RD 46,N BRUMMETTS CREEK RD,,0.0,S,39.16458967539614,-86.5829959469873,ST RD,,RURAL,N,N,Y,LN CLOSURE,DAYLIGHT,CLEAR,DRY,,T-INTERSECTION,,ASPHALT,FOLLOWING TOO CLOSELY,REAR END,StateRd46NBrummettsCreekRd,,2020-12-10 11:45:00,,,
ELLETTSVILLE PD,ELLETTSVILLE,2,0.0,0.0,0.0,0,,,,ST RD 46,N CENTENNIAL DR,,200.0,W,39.1730205586643,-86.54083284747918,ST RD,N,URBAN,N,N,N,,DAYLIGHT,CLEAR,DRY,,NO JUNCTION INVOLVED,STRAIGHT/LEVEL,ASPHALT,FAILURE TO YIELD RIGHT OF WAY,SAME DIRECTION SIDESWIPE,NORTHSMITHPKST RD 46 W,LN CONTROL,2020-12-10 15:21:00,,,
BLOOMINGTON PD,BLOOMINGTON,2,0.0,0.0,0.0,0,,,,S CURRY PK,ST RD 48,,100.0,S,39.179669454159466,-86.50727243405224,LOCAL/CITY RD,N,URBAN,N,N,N,,DAYLIGHT,CLEAR,DRY,,FOUR-WAY INTERSECTION,STRAIGHT/LEVEL,ASPHALT,UNSAFE LN MOVEMENT,SAME DIRECTION SIDESWIPE,SCURRYPKW 3RDST,NONE,2020-12-10 15:40:00,,,
BLOOMINGTON PD,BLOOMINGTON,2,0.0,0.0,0.0,0,,I-69,N,ST RD 45/46,I-69 N,,,,39.23239017034088,-86.62013587990486,ST RD,N,URBAN,N,N,N,,DAYLIGHT,CLEAR,DRY,,INTERCHANGE,STRAIGHT/LEVEL,CONCRETE,FAILURE TO YIELD RIGHT OF WAY,LEFT TURN,ST RD 46 W,NONE,2020-12-10 16:20:00,,,
BLOOMINGTON PD,BLOOMINGTON,3,0.0,0.0,0.0,0,,,,W 3RD ST,S JOHNSON AVE,,,,39.16658526103047,-86.53565378955905,LOCAL/CITY RD,N,URBAN,N,N,N,,DARK (LIGHTED),CLEAR,DRY,,NO JUNCTION INVOLVED,STRAIGHT/LEVEL,CONCRETE,DRIVER DISTRACTED - EXPLAIN IN NARRATIVE,REAR END,SJOHNSONAVEW 3RDST,NONE,2020-12-10 20:07:00,,,
INDIANA UNIV BLOOMINGTON PD,BLOOMINGTON,2,0.0,0.0,0.0,0,,,,ST RD 45/46,E 17TH ST,,,,,,ST RD,N,URBAN,N,N,N,,DARK (LIGHTED),CLEAR,DRY,,NO JUNCTION INVOLVED,CURVE/LEVEL,ASPHALT,UNSAFE LN MOVEMENT,SAME DIRECTION SIDESWIPE,EAST17THSTST RD 46,NONE,2020-12-10 20:28:00,,,
BLOOMINGTON PD,BLOOMINGTON,1,0.0,0.0,0.0,0,3811.0,,,S LAURA WAY,,,,,39.15562635594877,-86.54333635723275,LOCAL/CITY RD,Y,URBAN,N,N,N,,DARK (LIGHTED),CLEAR,DRY,,NO JUNCTION INVOLVED,CURVE/LEVEL,ASPHALT,RAN OFF RD RIGHT,RAN OFF RD,SLAURAWAY,NONE,2020-12-10 20:45:00,,,
MONROE SD,ELLETTSVILLE,1,0.0,0.0,0.0,0,,,,N SMITH PK,ST RD 46,,,,39.15460773234345,-86.49180721303507,LOCAL/CITY RD,Y,URBAN,N,N,N,,DAYLIGHT,CLEAR,DRY,,T-INTERSECTION,STRAIGHT/LEVEL,ASPHALT,OTHER (DRIVER) - EXPLAIN IN NARRATIVE,OTHER - EXPLAIN IN NARRATIVE,NSMITHPKWSTATE46RD,TRAFFIC CONTROL SIGNAL,2020-12-11 11:11:00,,,