Agency,City,Vehicles Involved,Trailers Involved,Number Injured,Number Dead,Number Deer,House Number,Roadway Interchange,Roadway Ramp,Roadway Id,Intersecting Road,Interchange,Feet From,Direction,Latitude,Longitude,Roadway Class,Hit and Run?,Locality,School Zone?,Rumble Strips?,Construction?,Construction Type,Light Condition,Weather Conditions,Surface Condition,Type of Median,Roadway Junction Type,Road Character,Roadway Surface,Primary Factor,Manner of Collision,Unique Location Id,Traffic Control,DateTime,Address Number,Cyclist Involved,Pedestrian Involved
BLOOMINGTON PD,BLOOMINGTON,2,0.0,1.0,0.0,0,,,,E 3RD ST,S COLLEGE MALL RD,,,,39.16309112122948,-86.52262664234922,LOCAL/CITY RD,N,URBAN,N,N,N,,DAYLIGHT,CLEAR,DRY,,FOUR-WAY INTERSECTION,STRAIGHT/GRADE,ASPHALT,FAILURE TO YIELD RIGHT OF WAY,RIGHT ANGLE,3RDSTCOLLEGEMALLRD,TRAFFIC CONTROL SIGNAL,2020-12-11 11:19:00,,,
BLOOMINGTON PD,BLOOMINGTON,2,0.0,2.0,0.0,0,,,,E 4TH ST,S WASHINGTON ST,,,,39.25320073490642,-86.65432907989548,LOCAL/CITY RD,N,URBAN,N,N,N,,DAYLIGHT,CLEAR,DRY,,NO JUNCTION INVOLVED,STRAIGHT/LEVEL,ASPHALT,DISREGARD SIGNAL/REG SIGN,RIGHT ANGLE,4THSTWASHINGTONST,STOP SIGN,2020-12-11 12:05:00,,,
INDIANA UNIV BLOOMINGTON PD,BLOOMINGTON,1,0.0,0.0,0.0,0,,,,E 7TH ST,N EAGLESON AVE,,100.0,W,39.25159178090076,-86.56649179506836,LOCAL/CITY RD,N,URBAN,N,N,Y,LN CLOSURE,DAYLIGHT,CLEAR,DRY,,NO JUNCTION INVOLVED,STRAIGHT/LEVEL,CONCRETE,OTHER (DRIVER) - EXPLAIN IN NARRATIVE,OTHER - EXPLAIN IN NARRATIVE,E7THSTEAGLESON AVEAVE,OTHER,2020-12-11 12:35:00,,,
BLOOMINGTON PD,BLOOMINGTON,2,0.0,0.0,0.0,0,,,,E 11TH ST,N GRANT ST,,,,39.108216493924395,-86.66622828504313,LOCAL/CITY RD,Y,URBAN,N,N,N,,UNKNOWN,CLEAR,DRY,,FOUR-WAY INTERSECTION,STRAIGHT/LEVEL,ASPHALT,UNSAFE LN MOVEMENT,SAME DIRECTION SIDESWIPE,E11THSTNGRANTST,NONE,2020-12-11 13:35:00,,,
BLOOMINGTON PD,BLOOMINGTON,2,0.0,0.0,0.0,0,,,,E 2ND ST,S GRANT ST,,,,39.07376988207203,-86.53618573651954,LOCAL/CITY RD,N,URBAN,N,N,N,,DAYLIGHT,CLEAR,DRY,,FOUR-WAY INTERSECTION,STRAIGHT/HILLCREST,CONCRETE,FAILURE TO YIELD RIGHT OF WAY,RIGHT ANGLE,EAST2NDSTSOUTHGRANTST,STOP SIGN,2020-12-11 15:45:00,,,
ELLETTSVILLE PD,ELLETTSVILLE,2,0.0,0.0,0.0,0,,,,ST RD 46,N FORREST PARK DR,,,,39.24744,-86.547792,ST RD,N,URBAN,N,N,N,,DARK (NOT LIGHTED),CLEAR,DRY,,NO JUNCTION INVOLVED,STRAIGHT/LEVEL,ASPHALT,FAILURE TO YIELD RIGHT OF WAY,RIGHT ANGLE,NORTHFORESTPARKDRST RD 46 W,NONE,2020-12-11 18:06:00,,,
MONROE SD,BLOOMINGTON,1,0.0,0.0,0.0,0,,,,N BOTTOM RD,,,1250.0,S,39.148067856464905,-86.49986826865106,LOCAL/CITY RD,N,RURAL,N,N,N,,DARK (NOT LIGHTED),RAIN,WET,,NO JUNCTION INVOLVED,STRAIGHT/LEVEL,ASPHALT,DRIVER DISTRACTED - EXPLAIN IN NARRATIVE,RAN OFF RD,BOTTOMRDDENNYRD,NONE,2020-12-11 22:15:00,,,
BLOOMINGTON PD,BLOOMINGTON,1,0.0,0.0,0.0,0,,,,S BASSWOOD,,,250.0,S,39.16450841874432,-86.57305102364549,LOCAL/CITY RD,N,URBAN,N,N,N,,DARK (LIGHTED),RAIN,WET,,NO JUNCTION INVOLVED,CURVE/LEVEL,ASPHALT,RAN OFF RD RIGHT,RAN OFF RD,SBASSWOODDRWBLOOMFIELDRD,NONE,2020-12-12 00:43:00,,,
BLOOMINGTON PD,BLOOMINGTON,2,0.0,3.0,0.0,0,,,,ST RD 48,S LIBERTY DR,,,,39.209951227575296,-86.58272038997372,LOCAL/CITY RD,N,URBAN,N,N,N,,DAYLIGHT,CLEAR,DRY,,FOUR-WAY INTERSECTION,STRAIGHT/LEVEL,CONCRETE,FAILURE TO YIELD RIGHT OF WAY,LEFT TURN,SOUTHLIBERTYDRWEST3RDST,TRAFFIC CONTROL SIGNAL,2020-12-12 13:45:00,,,
BLOOMINGTON PD,BLOOMINGTON,2,0.0,0.0,0.0,0,,,,E 7TH ST,N ROOSEVELT ST,,,,39.18703572,-86.54856069,LOCAL/CITY RD,N,URBAN,N,N,N,,DAYLIGHT,CLOUDY,DRY,,NO JUNCTION INVOLVED,STRAIGHT/LEVEL,ASPHALT,FAILURE TO YIELD RIGHT OF WAY,OTHER - EXPLAIN IN NARRATIVE,E7THSTNROOSEVELTST,STOP SIGN,2020-12-12 14:53:00,,,
ELLETTSVILLE PD,ELLETTSVILLE,2,0.0,1.0,0.0,0,,,,ST RD 46,S 1ST,,50.0,E,39.169488390406144,-86.53487180975576,ST RD,N,URBAN,N,N,N,,DAYLIGHT,CLOUDY,DRY,,NO JUNCTION INVOLVED,STRAIGHT/LEVEL,ASPHALT,FOLLOWING TOO CLOSELY,REAR END,FIRSTSTST RD 46E,LN CONTROL,2020-12-12 16:03:00,,,
BLOOMINGTON PD,BLOOMINGTON,2,0.0,0.0,0.0,0,703.0,,,E COLONIAL CREST RD,,,,,39.27508649874749,-86.52321573165385,,Y,URBAN,N,N,N,,DARK (LIGHTED),CLEAR,WET,,NO JUNCTION INVOLVED,STRAIGHT/LEVEL,CONCRETE,DRIVER DISTRACTED - EXPLAIN IN NARRATIVE,SAME DIRECTION SIDESWIPE,WGOURLEYPK,NONE,2020-12-12 23:20:00,,,
MONROE SD,BLOOMINGTON,1,0.0,0.0,0.0,0,,,,N SHUFFLE CREEK RD,,,1000.0,N,39.088144131829665,-86.57041380501093,COUNTY RD,N,RURAL,N,N,N,,DAYLIGHT,CLOUDY,WET,,T-INTERSECTION,CURVE/LEVEL,ASPHALT,RAN OFF RD RIGHT,RAN OFF RD,EASTSTRD45RDNSHUFFLECREEKRD,NONE,2020-12-13 11:29:00,,,
BLOOMINGTON PD,BLOOMINGTON,1,0.0,1.0,0.0,0,,,,S LINCOLN ST,E 3RD ST,,,,39.13650294820569,-86.56201064316622,LOCAL/CITY RD,N,URBAN,N,N,N,,DAYLIGHT,CLOUDY,DRY,,FOUR-WAY INTERSECTION,STRAIGHT/LEVEL,ASPHALT,BRAKE FAILURE OR DEFECTIVE,OTHER - EXPLAIN IN NARRATIVE,E 3RDSTSLINCOLNST,TRAFFIC CONTROL SIGNAL,2020-12-13 12:22:00,,True,
ISP BLOOMINGTON 33,BLOOMINGTON,1,,0.0,0.0,0,,,,ST RD 48,,,0.0,S,39.15452109032988,-86.57464365178988,ST RD,,RURAL,N,N,N,,DAYLIGHT,CLOUDY,WET,,NO JUNCTION INVOLVED,,ASPHALT,,RAN OFF RD,StateRoad481500feetwestofVernalPike,,2020-12-13 14:19:00,,,
BLOOMINGTON PD,BLOOMINGTON,1,0.0,0.0,0.0,0,,Y,,I-69 N,W BLOOMFIELD RD,,,,39.168530134383936,-86.53485841534649,INTERSTATE,N,URBAN,N,N,N,,DAYLIGHT,CLOUDY,WET,,NO JUNCTION INVOLVED,STRAIGHT/GRADE,ASPHALT,RAN OFF RD RIGHT,RAN OFF RD,I-69 N,NONE,2020-12-13 15:10:00,,,
BLOOMINGTON PD,BLOOMINGTON,2,0.0,0.0,0.0,0,,,,ST RD 45/46,N WALNUT ST,,300.0,E,39.14190701420771,-86.5826194948385,ST RD,N,URBAN,N,N,N,,DARK (NOT LIGHTED),CLOUDY,WET,,NO JUNCTION INVOLVED,STRAIGHT/LEVEL,ASPHALT,FOLLOWING TOO CLOSELY,REAR END,NWALNUTSTST RD 4546 W,NONE,2020-12-13 18:10:00,,,
BLOOMINGTON PD,BLOOMINGTON,4,0.0,1.0,0.0,0,,,,S LINCOLN ST,E DIXIE ST,,100.0,N,39.13856,-86.49655,LOCAL/CITY RD,N,URBAN,N,N,N,,DARK (LIGHTED),CLOUDY,WET,,NO JUNCTION INVOLVED,STRAIGHT/LEVEL,ASPHALT,WRONG WAY ON ONE WAY,HEAD ON BETWEEN TWO MOTOR VEHICLES,EDIXIESTSLINCOLNST,NONE,2020-12-13 20:37:00,,,
BLOOMINGTON PD,BLOOMINGTON,2,0.0,0.0,0.0,0,,,,E 3RD ST,S WOODSCREST DR,,200.0,E,39.166327032224615,-86.53353063042454,LOCAL/CITY RD,N,URBAN,N,N,N,,DAYLIGHT,CLEAR,DRY,,NO JUNCTION INVOLVED,STRAIGHT/LEVEL,ASPHALT,FOLLOWING TOO CLOSELY,REAR END,EST3RDSTSOUTHWOODSCRESTRD,NONE,2020-12-14 14:20:00,,,
INDIANA UNIV BLOOMINGTON PD,BLOOMINGTON,2,0.0,0.0,0.0,0,,,,N WALNUT GROVE ST,E 17TH ST,,,,39.18641327504853,-86.53775472129061,LOCAL/CITY RD,N,URBAN,N,N,N,,DAYLIGHT,CLEAR,DRY,,T-INTERSECTION,STRAIGHT/LEVEL,ASPHALT,IMPROPER PASSING,OTHER - EXPLAIN IN NARRATIVE,EAST17THSTWALNUTGROVEST,NONE,2020-12-15 08:08:00,,,
BLOOMINGTON PD,BLOOMINGTON,2,0.0,0.0,0.0,0,,,,E 5TH ST,N JEFFERSON ST,,,,39.277294596562754,-86.52371149657236,LOCAL/CITY RD,N,URBAN,N,N,N,,DAYLIGHT,CLEAR,DRY,,FOUR-WAY INTERSECTION,STRAIGHT/GRADE,ASPHALT,FAILURE TO YIELD RIGHT OF WAY,RIGHT ANGLE,5THSTJEFFERSONST,STOP SIGN,2020-12-15 09:00:00,,,
ISP BLOOMINGTON 33,BLOOMINGTON,1,,0.0,0.0,0,,106,C,I-69 S,N ST RD 37,,1003.0,W,39.16308065446048,-86.52261132937349,INTERSTATE,,RURAL,N,N,N,,DAYLIGHT,CLOUDY,WET,,RAMP,,ASPHALT,UNSAFE SPEED,RAN OFF RD,N ST RD 37WalnutSt,,2020-12-15 09:10:00,,,
BLOOMINGTON PD,BLOOMINGTON,2,0.0,0.0,0.0,0,,,,S WALNUT ST,W COUNTRY CLUB DR,,,,39.15163016057715,-86.38979596554978,LOCAL/CITY RD,N,URBAN,N,N,N,,DAYLIGHT,CLEAR,DRY,,FOUR-WAY INTERSECTION,STRAIGHT/LEVEL,ASPHALT,OTHER TELEMATICS IN USE,REAR END,EWINSLOWRDSWALNUTST,TRAFFIC CONTROL SIGNAL,2020-12-15 11:37:00,,,
INDIANA UNIV BLOOMINGTON PD,BLOOMINGTON,2,0.0,0.0,0.0,0,,,,N INDIANA AVE,E COTTAGE GROVE AVE,,100.0,N,39.20996,-86.58271,LOCAL/CITY RD,N,URBAN,N,N,N,,DAYLIGHT,CLEAR,DRY,,NO JUNCTION INVOLVED,STRAIGHT/GRADE,ASPHALT,FOLLOWING TOO CLOSELY,RIGHT ANGLE,COTTAGEGROVEAVEINDIANAAVE,NONE,2020-12-15 13:28:00,,,
ELLETTSVILLE PD,ELLETTSVILLE,1,0.0,0.0,0.0,0,,,,ST RD 46,W CHARLESTOWNE WAY,,,,39.16460396918763,-86.58295131378348,ST RD,Y,URBAN,N,N,N,,DAYLIGHT,CLEAR,DRY,,NO JUNCTION INVOLVED,STRAIGHT/LEVEL,ASPHALT,OTHER (DRIVER) - EXPLAIN IN NARRATIVE,OTHER - EXPLAIN IN NARRATIVE,ST RD 46ETRIPLECROWNCT,NONE,2020-12-15 16:35:00,,,
ISP BLOOMINGTON 33,BLOOMINGTON,1,,0.0,0.0,0,,,,ST RD 46,N TRAILWAY DR,,528.0,E,39.18703,-86.55501,ST RD,,RURAL,N,N,N,,DARK (NOT LIGHTED),SNOW,SNOW/SLUSH,,NO JUNCTION INVOLVED,,ASPHALT,SPEED TOO FAST FOR WEATHER CONDITIONS,RAN OFF RD,StateRd46NTrailwayDr,,2020-12-16 05:50:00,,,
ELLETTSVILLE PD,ELLETTSVILLE,2,0.0,0.0,0.0,0,,,,ST RD 46,ENTRANCE TO KEHE DISTRIBUTORS,,1584.0,E,39.16451,-86.56499,ST RD,N,URBAN,N,N,N,,DAWN/DUSK,SNOW,WET,,NO JUNCTION INVOLVED,CURVE/LEVEL,ASPHALT,FAILURE TO YIELD RIGHT OF WAY,RIGHT ANGLE,FLATWOODSRDST RD 46 W,LN CONTROL,2020-12-16 08:05:00,,,
ISP BLOOMINGTON 33,BLOOMINGTON,1,,0.0,0.0,0,,,,I-69 N,,,1003.0,W,39.17966570418075,-86.50730933695941,INTERSTATE,,URBAN,N,N,N,,DAYLIGHT,CLOUDY,WET,,NO JUNCTION INVOLVED,,ASPHALT,,RAN OFF RD,SCopperBeechWayI-69,,2020-12-16 08:50:00,,,
MONROE SD,BLOOMINGTON,1,0.0,0.0,0.0,0,,,,ST RD 45,E MARTIN DR,,500.0,S,39.12714809945837,-86.51739119386029,ST RD,N,RURAL,N,N,N,,DAYLIGHT,CLOUDY,SNOW/SLUSH,,T-INTERSECTION,CURVE/GRADE,ASPHALT,RAN OFF RD RIGHT,RAN OFF RD,MARTINDRST RD 45E,NONE,2020-12-16 12:04:00,,,
ELLETTSVILLE PD,ELLETTSVILLE,2,0.0,0.0,0.0,0,,,,ST RD 46,N HARTSTRAIT RD,,,,39.20991473905853,-86.58272070436765,ST RD,N,URBAN,N,N,N,,DAYLIGHT,SNOW,WET,,FOUR-WAY INTERSECTION,STRAIGHT/LEVEL,ASPHALT,FAILURE TO YIELD RIGHT OF WAY,LEFT TURN,HARTSTRAITRDST RD 46 W,TRAFFIC CONTROL SIGNAL,2020-12-16 13:33:00,,,
BLOOMINGTON PD,BLOOMINGTON,2,0.0,1.0,0.0,0,,,,W ALLEN ST,S ADAMS ST,,,,39.16422126573228,-86.49830477690216,LOCAL/CITY RD,N,URBAN,N,N,N,,DARK (NOT LIGHTED),CLOUDY,WET,,FOUR-WAY INTERSECTION,STRAIGHT/GRADE,ASPHALT,FAILURE TO YIELD RIGHT OF WAY,RIGHT ANGLE,SADAMSSTWALLENST,STOP SIGN,2020-12-16 17:53:00,,,
ELLETTSVILLE PD,ELLETTSVILLE,1,0.0,0.0,0.0,0,,,,ST RD 46,N UNION VALLEY RD,,,,39.1655767534124,-86.53235836008766,ST RD,N,URBAN,N,N,N,,DARK (LIGHTED),SNOW,WET,,FOUR-WAY INTERSECTION,CURVE/LEVEL,ASPHALT,OTHER (DRIVER) - EXPLAIN IN NARRATIVE,RAN OFF RD,ST RD 46 WUNIONVALLEYRD,TRAFFIC CONTROL SIGNAL,2020-12-16 18:05:00,,,
MONROE SD,BLOOMINGTON,1,0.0,0.0,0.0,0,,,,ST RD 45,E MARTIN DR,,,,39.16880736701145,-86.51618950952131,ST RD,N,RURAL,N,N,N,,DARK (NOT LIGHTED),SNOW,WET,,NO JUNCTION INVOLVED,CURVE/GRADE,ASPHALT,SPEED TOO FAST FOR WEATHER CONDITIONS,RAN OFF RD,RATLIFFRDST RD 45E,NONE,2020-12-16 18:45:00,,,
BLOOMINGTON PD,BLOOMINGTON,1,0.0,0.0,0.0,0,,,,I-69 N,W BLOOMFIELD RD,,500.0,N,39.17344698740821,-86.52976407369808,INTERSTATE,N,URBAN,N,N,N,,DARK (LIGHTED),CLOUDY,WET,,NO JUNCTION INVOLVED,STRAIGHT/LEVEL,ASPHALT,RAN OFF RD RIGHT,RAN OFF RD,I-69 NWBLOOMFIELDRD,LN CONTROL,2020-12-17 06:55:00,,,
STINESVILLE PD,STINESVILLE,2,0.0,0.0,0.0,0,,,,N MT TABOR RD,W WALKER LN,,,,39.16136,-86.52987,LOCAL/CITY RD,N,RURAL,N,N,N,,DAYLIGHT,CLOUDY,DRY,,NO JUNCTION INVOLVED,STRAIGHT/GRADE,ASPHALT,DISREGARD SIGNAL/REG SIGN,RIGHT ANGLE,NORTHMTTABORRDWESTWALKERLN,NONE,2020-12-17 12:22:00,,,
ISP BLOOMINGTON 33,BLOOMINGTON,1,,1.0,0.0,0,,,,S FAIRFAX RD,,,0.0,S,39.212044937882446,-86.58703685522819,LOCAL/CITY RD,,RURAL,N,N,N,,DAYLIGHT,CLOUDY,DRY,,NO JUNCTION INVOLVED,,ASPHALT,,RAN OFF RD,SFairfaxRd640feetnorthofMcCormickLane,,2020-12-17 13:00:00,,,
BLOOMINGTON PD,BLOOMINGTON,2,0.0,0.0,0.0,0,,,,ST RD 48,S CURRY PK,,,,39.27903859501336,-86.55566198110574,LOCAL/CITY RD,N,URBAN,N,N,N,,DAYLIGHT,CLEAR,DRY,,FOUR-WAY INTERSECTION,STRAIGHT/LEVEL,ASPHALT,FAILURE TO YIELD RIGHT OF WAY,RIGHT ANGLE,4000W 3RDSTSCURRYPK,LN CONTROL,2020-12-18 10:36:00,,,
ISP BLOOMINGTON 33,BLOOMINGTON,3,,0.0,0.0,0,,,,ST RD 45/46,E 17TH ST,,0.0,S,39.123384975616794,-86.5689784556808,ST RD,,URBAN,N,N,N,,DAYLIGHT,CLEAR,DRY,,T-INTERSECTION,,ASPHALT,FOLLOWING TOO CLOSELY,REAR END,StateRd45E17thSt,,2020-12-18 12:43:00,,,
BLOOMINGTON PD,BLOOMINGTON,2,0.0,0.0,0.0,0,,,,S CURRY PK,W FARMER DR,,,,39.16461,-86.57913,LOCAL/CITY RD,Y,URBAN,N,N,N,,DAYLIGHT,CLEAR,DRY,,FOUR-WAY INTERSECTION,STRAIGHT/LEVEL,CONCRETE,FAILURE TO YIELD RIGHT OF WAY,LEFT TURN,SOUTHCURRYPKWESTFARMERAVE,STOP SIGN,2020-12-18 16:00:00,,,
ISP BLOOMINGTON 33,ELLETTSVILLE,2,,3.0,0.0,0,,,,ST RD 46,N COUNTY LINE RD E,,0.0,S,39.16819527590668,-86.50611374153759,ST RD,,RURAL,N,N,N,,DARK (NOT LIGHTED),CLEAR,DRY,,FOUR-WAY INTERSECTION,,ASPHALT,FAILURE TO YIELD RIGHT OF WAY,LEFT TURN,StateRd46,,2020-12-18 17:40:00,,,
BLOOMINGTON PD,BLOOMINGTON,3,0.0,0.0,0.0,0,,,,E HILLSIDE DR,S DORCHESTER DR,,,,39.23135513645729,-86.62130846148925,LOCAL/CITY RD,Y,URBAN,N,N,N,,DARK (LIGHTED),CLEAR,DRY,,FOUR-WAY INTERSECTION,STRAIGHT/LEVEL,ASPHALT,FOLLOWING TOO CLOSELY,REAR END,EASTHILLSIDEDRSOUTHDORCHESTERDR,NONE,2020-12-18 18:45:00,,,
BLOOMINGTON PD,BLOOMINGTON,2,0.0,0.0,0.0,0,,,,N WALNUT ST,E 6TH ST,,,,39.183474014730436,-86.54127417515238,LOCAL/CITY RD,Y,URBAN,N,N,N,,DARK (LIGHTED),CLEAR,DRY,,NO JUNCTION INVOLVED,STRAIGHT/LEVEL,ASPHALT,UNSAFE BACKING,BACKING CRASH,E6THSTNWALNUTST,NONE,2020-12-18 23:15:00,,,
ELLETTSVILLE PD,ELLETTSVILLE,2,0.0,0.0,0.0,0,,,,N UNION VALLEY RD,ST RD 46,,,,39.33581060272133,-86.41616795536571,COUNTY RD,N,URBAN,N,N,N,,DAYLIGHT,CLOUDY,DRY,,NO JUNCTION INVOLVED,STRAIGHT/LEVEL,ASPHALT,FAILURE TO YIELD RIGHT OF WAY,RIGHT ANGLE,ST RD 46 WUNIONVALLEYRD,LN CONTROL,2020-12-19 11:09:00,,,
MONROE SD,BLOOMINGTON,2,0.0,0.0,0.0,0,3290.0,,,S DUNCAN RD,,,1000.0,S,39.16456275782493,-86.53115671429929,LOCAL/CITY RD,N,RURAL,N,N,N,,DAYLIGHT,CLEAR,DRY,,NO JUNCTION INVOLVED,STRAIGHT/LEVEL,ASPHALT,UNSAFE BACKING,BACKING CRASH,SDUNCANRDST RD 45 W,NONE,2020-12-19 11:21:00,,,
MONROE SD,BLOOMINGTON,2,0.0,0.0,0.0,0,,,,S HARMONY RD,,,1000.0,S,39.1684010490857,-86.67059615753837,LOCAL/CITY RD,N,RURAL,N,N,N,,DAYLIGHT,RAIN,WET,,NO JUNCTION INVOLVED,STRAIGHT/LEVEL,ASPHALT,FAILURE TO YIELD RIGHT OF WAY,RIGHT ANGLE,SHARMONYRDSMTZIONRD,NONE,2020-12-19 13:25:00,,,
BLOOMINGTON PD,BLOOMINGTON,2,0.0,1.0,0.0,0,,,,W 2ND ST,S ROGERS ST,,,,39.14752556673489,-86.57296161529347,LOCAL/CITY RD,N,URBAN,N,N,N,,DAYLIGHT,RAIN,WET,,FOUR-WAY INTERSECTION,STRAIGHT/GRADE,ASPHALT,FOLLOWING TOO CLOSELY,REAR END,SROGERSSTW 2NDST,TRAFFIC CONTROL SIGNAL,2020-12-19 16:15:00,,,
BLOOMINGTON PD,BLOOMINGTON,2,0.0,0.0,0.0,0,,,,ST RD 45/46,N KINSER PK,,,,39.18623386620092,-86.53457264748091,LOCAL/CITY RD,N,URBAN,N,N,N,,DARK (LIGHTED),CLOUDY,WET,,FOUR-WAY INTERSECTION,STRAIGHT/LEVEL,CONCRETE,FOLLOWING TOO CLOSELY,REAR END,NKINSERPKW4546BYP,TRAFFIC CONTROL SIGNAL,2020-12-19 17:17:00,,,
BLOOMINGTON PD,BLOOMINGTON,2,0.0,0.0,0.0,0,,,,N MADISON ST,W 17TH ST,,,,39.15644256492638,-86.53135414194226,LOCAL/CITY RD,N,URBAN,N,N,N,,DARK (LIGHTED),RAIN,WET,,FOUR-WAY INTERSECTION,STRAIGHT/LEVEL,CONCRETE,FAILURE TO YIELD RIGHT OF WAY,LEFT TURN,NMADISONSTW17THST,TRAFFIC CONTROL SIGNAL,2020-12-19 19:08:00,,,
MONROE SD,BLOOMINGTON,2,0.0,3.0,0.0,0,,,,ST RD 37,S WALNUT ST,,,,39.16424278306357,-86.50240388687764,ST RD,N,RURAL,N,Y,N,,DARK (NOT LIGHTED),CLEAR,WET,,FIVE POINT OR MORE,STRAIGHT/LEVEL,ASPHALT,OTHER (DRIVER) - EXPLAIN IN NARRATIVE,RIGHT ANGLE,OLDST RD 37RDN ST RD 37,TRAFFIC CONTROL SIGNAL,2020-12-20 03:15:00,,,
MONROE SD,BLOOMINGTON,2,0.0,0.0,0.0,0,,,,N CURRY PK,W PROFILE PKWY,,,,39.17897825574349,-86.52112664559354,LOCAL/CITY RD,N,URBAN,N,N,N,,DAYLIGHT,CLEAR,DRY,,T-INTERSECTION,STRAIGHT/LEVEL,ASPHALT,FOLLOWING TOO CLOSELY,REAR END,NCURRYPKWPROFILEPKWY,TRAFFIC CONTROL SIGNAL,2020-12-20 11:56:00,,,
MONROE SD,BLOOMINGTON,2,0.0,0.0,0.0,0,,,,S CURRY PK,W BRDWAY AVE,,,,39.16681,-86.50715,LOCAL/CITY RD,N,URBAN,N,N,N,,DAYLIGHT,CLEAR,DRY,,FOUR-WAY INTERSECTION,STRAIGHT/LEVEL,ASPHALT,FAILURE TO YIELD RIGHT OF WAY,RIGHT ANGLE,SCURRYPKWBRDWAYAVE,LN CONTROL,2020-12-20 14:26:00,,,
BLOOMINGTON PD,BLOOMINGTON,2,0.0,0.0,0.0,0,3800.0,,,E MCCRACKEN WAY,,,,,39.33871760841222,-86.5094204726669,UNKNOWN,Y,URBAN,N,N,N,,UNKNOWN,CLOUDY,DRY,,NO JUNCTION INVOLVED,STRAIGHT/GRADE,ASPHALT,IMPROPER TURNING,LEFT TURN,MCCRACKENWAY,NONE,2020-12-20 16:30:00,,,
BLOOMINGTON PD,BLOOMINGTON,2,0.0,1.0,0.0,0,,,,E 3RD ST,S WOODSCREST DR,,300.0,W,39.135969987861806,-86.53115519243995,LOCAL/CITY RD,N,URBAN,N,N,N,,DARK (LIGHTED),CLEAR,DRY,,NO JUNCTION INVOLVED,STRAIGHT/LEVEL,ASPHALT,UNSAFE LN MOVEMENT,SAME DIRECTION SIDESWIPE,E 3RDSTSWOODSCRESTDR,NONE,2020-12-20 21:40:00,,,
BLOOMINGTON PD,BLOOMINGTON,2,0.0,0.0,0.0,0,,,,S ROGERS ST,W COUNTRY CLUB DR,,,,39.17253214213198,-86.52699425808703,LOCAL/CITY RD,N,URBAN,N,N,N,,DARK (NOT LIGHTED),CLEAR,DRY,,FOUR-WAY INTERSECTION,STRAIGHT/LEVEL,ASPHALT,DISREGARD SIGNAL/REG SIGN,RIGHT ANGLE,SROGERSRDWCOUNTRYCLUBRD,TRAFFIC CONTROL SIGNAL,2020-12-21 00:09:00,,,
BLOOMINGTON PD,BLOOMINGTON,2,0.0,0.0,0.0,0,,,,S WALNUT ST,W 4TH ST,,,,39.21914266077047,-86.60222350780356,LOCAL/CITY RD,N,URBAN,N,N,N,,DAYLIGHT,CLEAR,DRY,,NO JUNCTION INVOLVED,STRAIGHT/LEVEL,ASPHALT,DISREGARD SIGNAL/REG SIGN,RIGHT ANGLE,4THSTWALNUTST,TRAFFIC CONTROL SIGNAL,2020-12-21 00:50:00,,,
MONROE SD,BLOOMINGTON,2,0.0,0.0,0.0,0,,,,ST RD 37,S VICTOR PK,,,,39.16478698864815,-86.42903117517287,ST RD,N,RURAL,N,Y,N,,DARK (NOT LIGHTED),CLEAR,DRY,,FOUR-WAY INTERSECTION,STRAIGHT/LEVEL,ASPHALT,IMPROPER LN USAGE,REAR END,SVICTORPKS ST RD 37,TRAFFIC CONTROL SIGNAL,2020-12-21 07:27:00,,,
BLOOMINGTON PD,BLOOMINGTON,1,0.0,0.0,0.0,0,,,,E 3RD ST,S KIRBY ALLEY,,300.0,E,39.18625625733107,-86.52454031995038,LOCAL/CITY RD,N,URBAN,N,N,N,,DAYLIGHT,CLEAR,DRY,,NO JUNCTION INVOLVED,CURVE/GRADE,ASPHALT,OTHER (DRIVER) - EXPLAIN IN NARRATIVE,OTHER - EXPLAIN IN NARRATIVE,EAST3RDSTGRANTST,NONE,2020-12-21 09:23:00,,,
BLOOMINGTON PD,BLOOMINGTON,2,0.0,0.0,0.0,0,,,,W 3RD ST,S FRANKLIN RD,,50.0,W,39.15744509253417,-86.57304285258826,LOCAL/CITY RD,N,URBAN,N,N,N,,DAYLIGHT,CLEAR,DRY,,FOUR-WAY INTERSECTION,STRAIGHT/HILLCREST,ASPHALT,FOLLOWING TOO CLOSELY,REAR END,SFRANKLINRDW 3RDST,TRAFFIC CONTROL SIGNAL,2020-12-21 13:38:00,,,
MONROE SD,BLOOMINGTON,2,0.0,0.0,0.0,0,,,,ST RD 48,S PARK SQUARE DR,,,,39.20474,-86.46327,ST RD,N,URBAN,N,N,N,,DARK (NOT LIGHTED),CLEAR,DRY,,FOUR-WAY INTERSECTION,STRAIGHT/LEVEL,ASPHALT,IMPROPER TURNING,LEFT/RIGHT TURN,PARKSQUAREDRST RD 48W,TRAFFIC CONTROL SIGNAL,2020-12-21 18:57:00,,,